t,R_target_bits,Cacc_bits,Delta_FDS_bits,Qdot_over_kBT
0.0,3.9828921423310435,4.597774639159028,0.0,0.0
0.1,3.9828921423310435,4.597729797285307,0.0,0.0
0.2,3.9828921423310435,4.59768405416157,0.0,0.0
0.30000000000000004,3.9828921423310435,4.597637391769005,0.0,0.0
0.4,3.9828921423310435,4.597589791732408,0.0,0.0
0.5,3.9828921423310435,4.597541235313289,0.0,0.0
0.6000000000000001,3.9828921423310435,4.597491703402862,0.0,0.0
0.7000000000000001,3.9828921423310435,4.597441176514885,0.0,0.0
0.8,3.9828921423310435,4.597389634778394,0.0,0.0
0.9,3.9828921423310435,4.597337057930283,0.0,0.0
1.0,3.9828921423310435,4.597283425307762,0.0,0.0
1.1,3.9828921423310435,4.59722871584067,0.0,0.0
1.2000000000000002,3.9828921423310435,4.597172908043653,0.0,0.0
1.3,3.9828921423310435,4.597115980008199,0.0,0.0
1.4000000000000001,3.9828921423310435,4.5970579093945245,0.0,0.0
1.5,3.9828921423310435,4.596998673423328,0.0,0.0
1.6,3.9828921423310435,4.5969382488673745,0.0,0.0
1.7000000000000002,3.9828921423310435,4.59687661204295,0.0,0.0
1.8,3.9828921423310435,4.596813738801147,0.0,0.0
1.9000000000000001,3.9828921423310435,4.596749604519011,0.0,0.0
2.0,3.9828921423310435,4.596684184090507,0.0,0.0
2.1,3.9828921423310435,4.596617451917349,0.0,0.0
2.2,3.9828921423310435,4.596549381899652,0.0,0.0
2.3000000000000003,3.9828921423310435,4.596479947426427,0.0,0.0
2.4000000000000004,3.9828921423310435,4.596409121365905,0.0,0.0
2.5,3.9828921423310435,4.596336876055693,0.0,0.0
2.6,3.9828921423310435,4.596263183292759,0.0,0.0
2.7,3.9828921423310435,4.596188014323241,0.0,0.0
2.8000000000000003,3.9828921423310435,4.5961113398320785,0.0,0.0
2.9000000000000004,3.9828921423310435,4.596033129932473,0.0,0.0
3.0,3.9828921423310435,4.595953354155153,0.0,0.0
3.1,3.9828921423310435,4.595871981437466,0.0,0.0
3.2,3.9828921423310435,4.595788980112284,0.0,0.0
3.3000000000000003,3.9828921423310435,4.595704317896713,0.0,0.0
3.4000000000000004,3.9828921423310435,4.595617961880617,0.0,0.0
3.5,3.9828921423310435,4.595529878514949,0.0,0.0
3.6,3.9828921423310435,4.59544003359988,0.0,0.0
3.7,3.9828921423310435,4.59534839227274,0.0,0.0
3.8000000000000003,3.9828921423310435,4.595254918995746,0.0,0.0
3.9000000000000004,3.9828921423310435,4.595159577543536,0.0,0.0
4.0,3.9828921423310435,4.595062330990494,0.0,0.0
4.1000000000000005,3.9828921423310435,4.5949631416978685,0.0,0.0
4.2,3.9828921423310435,4.594861971300679,0.0,0.0
4.3,3.9828921423310435,4.594758780694409,0.0,0.0
4.4,3.9828921423310435,4.5946535300214935,0.0,0.0
4.5,3.9828921423310435,4.594546178657574,0.0,0.0
4.6000000000000005,3.9828921423310435,4.594436685197549,0.0,0.0
4.7,3.9828921423310435,4.594325007441397,0.0,0.0
4.800000000000001,3.9828921423310435,4.594211102379773,0.0,0.0
4.9,3.9828921423310435,4.594094926179385,0.0,0.0
5.0,3.9828921423310435,4.593976434168144,0.0,0.0
5.1000000000000005,3.9828921423310435,4.593855580820075,0.0,0.0
5.2,3.9828921423310435,4.593732319740014,0.0,0.0
5.300000000000001,3.9828921423310435,4.59360660364805,0.0,0.0
5.4,3.9828921423310435,4.593478384363752,0.0,0.0
5.5,3.9828921423310435,4.593347612790146,0.0,0.0
5.6000000000000005,3.9828921423310435,4.593214238897463,0.0,0.0
5.7,3.9828921423310435,4.593078211706642,0.0,0.0
5.800000000000001,3.9828921423310435,4.59293947927259,0.0,0.0
5.9,3.9828921423310435,4.592797988667205,0.0,0.0
6.0,3.9828921423310435,4.592653685962156,0.0,0.0
6.1000000000000005,3.9828921423310435,4.592506516211409,0.0,0.0
6.2,3.9828921423310435,4.59235642343352,0.0,0.0
6.300000000000001,3.9828921423310435,4.5922033505936675,0.0,0.0
6.4,3.9828921423310435,4.592047239585453,0.0,0.0
6.5,3.9828921423310435,4.591888031212437,0.0,0.0
6.6000000000000005,3.9828921423310435,4.591725665169441,0.0,0.0
6.7,3.9828921423310435,4.591560080023591,0.0,0.0
6.800000000000001,3.9828921423310435,4.591391213195117,0.0,0.0
6.9,3.9828921423310435,4.591219000937904,0.0,0.0
7.0,3.9828921423310435,4.591043378319786,0.0,0.0
7.1000000000000005,3.9828921423310435,4.590864279202606,0.0,0.0
7.2,3.9828921423310435,4.590681636222017,0.0,0.0
7.300000000000001,3.9828921423310435,4.590495380767039,0.0,0.0
7.4,3.9828921423310435,4.590305442959372,0.0,0.0
7.5,3.9828921423310435,4.590111751632466,0.0,0.0
7.6000000000000005,3.9828921423310435,4.589914234310341,0.0,0.0
7.7,3.9828921423310435,4.589712817186176,0.0,0.0
7.800000000000001,3.9828921423310435,4.58950742510065,0.0,0.0
7.9,3.9828921423310435,4.589297981520051,0.0,0.0
8.0,3.9828921423310435,4.589084408514153,0.0,0.0
8.1,3.9828921423310435,4.588866626733854,0.0,0.0
8.200000000000001,3.9828921423310435,4.588644555388595,0.0,0.0
8.3,3.9828921423310435,4.588418112223552,0.0,0.0
8.4,3.9828921423310435,4.5881872134966075,0.0,0.0
8.5,3.9828921423310435,4.587951773955101,0.0,0.0
8.6,3.9828921423310435,4.587711706812384,0.0,0.0
8.700000000000001,3.9828921423310435,4.58746692372415,0.0,0.0
8.8,3.9828921423310435,4.587217334764578,0.0,0.0
8.9,3.9828921423310435,4.58696284840228,0.0,0.0
9.0,3.9828921423310435,4.586703371476054,0.0,0.0
9.1,3.9828921423310435,4.586438809170466,0.0,0.0
9.200000000000001,3.9828921423310435,4.586169064991251,0.0,0.0
9.3,3.9828921423310435,4.5858940407405555,0.0,0.0
9.4,3.9828921423310435,4.585613636492018,0.0,0.0
9.5,3.9828921423310435,4.585327750565702,0.0,0.0
9.600000000000001,3.9828921423310435,4.585036279502906,0.0,0.0
9.700000000000001,3.9828921423310435,4.584739118040819,0.0,0.0
9.8,3.9828921423310435,4.584436159087085,0.0,0.0
9.9,3.9828921423310435,4.584127293694249,0.0,0.0
10.0,3.9828921423310435,4.583812411034117,0.0,0.0
10.100000000000001,3.9828921423310435,4.583491398372031,0.0,0.0
10.200000000000001,3.9828921423310435,4.58316414104108,0.0,0.0
10.3,3.9828921423310435,4.582830522416267,0.0,0.0
10.4,3.9828921423310435,4.582490423888626,0.0,0.0
10.5,3.9828921423310435,4.58214372483933,0.0,0.0
10.600000000000001,3.9828921423310435,4.5817903026137925,0.0,0.0
10.700000000000001,3.9828921423310435,4.581430032495784,0.0,0.0
10.8,3.9828921423310435,4.581062787681578,0.0,0.0
10.9,3.9828921423310435,4.580688439254157,0.0,0.0
11.0,3.9828921423310435,4.580306856157482,0.0,0.0
11.100000000000001,3.9828921423310435,4.579917905170871,0.0,0.0
11.200000000000001,3.9828921423310435,4.579521450883476,0.0,0.0
11.3,3.9828921423310435,4.57911735566892,0.0,0.0
11.4,3.9828921423310435,4.578705479660084,0.0,0.0
11.5,3.9828921423310435,4.578285680724098,0.0,0.0
11.600000000000001,3.9828921423310435,4.577857814437534,0.0,0.0
11.700000000000001,3.9828921423310435,4.5774217340618675,0.0,0.0
11.8,3.9828921423310435,4.576977290519193,0.0,0.0
11.9,3.9828921423310435,4.576524332368255,0.0,0.0
12.0,3.9828921423310435,4.576062705780821,0.0,0.0
12.100000000000001,3.9828921423310435,4.575592254518413,0.0,0.0
12.200000000000001,3.9828921423310435,4.575112819909458,0.0,0.0
12.3,3.9828921423310435,4.574624240826871,0.0,0.0
12.4,3.9828921423310435,4.574126353666114,0.0,0.0
12.5,3.9828921423310435,4.573618992323779,0.0,0.0
12.600000000000001,3.9828921423310435,4.573101988176727,0.0,0.0
12.700000000000001,3.9828921423310435,4.57257517006182,0.0,0.0
12.8,3.9828921423310435,4.572038364256299,0.0,0.0
12.9,3.9828921423310435,4.571491394458849,0.0,0.0
13.0,3.9828921423310435,4.570934081771394,0.0,0.0
13.100000000000001,3.9828921423310435,4.570366244681677,0.0,0.0
13.200000000000001,3.9828921423310435,4.569787699046666,0.0,0.0
13.3,3.9828921423310435,4.5691982580768435,0.0,0.0
13.4,3.9828921423310435,4.568597732321437,0.0,0.0
13.5,3.9828921423310435,4.567985929654627,0.0,0.0
13.600000000000001,3.9828921423310435,4.567362655262816,0.0,0.0
13.700000000000001,3.9828921423310435,4.56672771163299,0.0,0.0
13.8,3.9828921423310435,4.566080898542254,0.0,0.0
13.9,3.9828921423310435,4.5654220130485905,0.0,0.0
14.0,3.9828921423310435,4.564750849482912,0.0,0.0
14.100000000000001,3.9828921423310435,4.5640671994424675,0.0,0.0
14.200000000000001,3.9828921423310435,4.56337085178568,0.0,0.0
14.3,3.9828921423310435,4.562661592628474,0.0,0.0
14.4,3.9828921423310435,4.56193920534217,0.0,0.0
14.5,3.9828921423310435,4.561203470553022,0.0,0.0
14.600000000000001,3.9828921423310435,4.560454166143472,0.0,0.0
14.700000000000001,3.9828921423310435,4.559691067255192,0.0,0.0
14.8,3.9828921423310435,4.558913946294,0.0,0.0
14.9,3.9828921423310435,4.558122572936742,0.0,0.0
15.0,3.9828921423310435,4.55731671414019,0.0,0.0
15.100000000000001,3.9828921423310435,4.556496134152085,0.0,0.0
15.200000000000001,3.9828921423310435,4.555660594524376,0.0,0.0
15.3,3.9828921423310435,4.554809854128759,0.0,0.0
15.4,3.9828921423310435,4.553943669174617,0.0,0.0
15.5,3.9828921423310435,4.553061793229424,0.0,0.0
15.600000000000001,3.9828921423310435,4.552163977241742,0.0,0.0
15.700000000000001,3.9828921423310435,4.5512499695668875,0.0,0.0
15.8,3.9828921423310435,4.550319515995358,0.0,0.0
15.9,3.9828921423310435,4.549372359784149,0.0,0.0
16.0,3.9828921423310435,4.548408241691018,0.0,0.0
16.1,3.9828921423310435,4.5474269000118435,0.0,0.0
16.2,3.9828921423310435,4.546428070621149,0.0,0.0
16.3,3.9828921423310435,4.545411487015913,0.0,0.0
16.400000000000002,3.9828921423310435,4.54437688036277,0.0,0.0
16.5,3.9828921423310435,4.543323979548703,0.0,0.0
16.6,3.9828921423310435,4.542252511235343,0.0,0.0
16.7,3.9828921423310435,4.541162199916984,0.0,0.0
16.8,3.9828921423310435,4.540052767982418,0.0,0.0
16.900000000000002,3.9828921423310435,4.538923935780705,0.0,0.0
17.0,3.9828921423310435,4.537775421690988,0.0,0.0
17.1,3.9828921423310435,4.536606942196464,0.0,0.0
17.2,3.9828921423310435,4.535418211962623,0.0,0.0
17.3,3.9828921423310435,4.534208943919859,0.0,0.0
17.400000000000002,3.9828921423310435,4.532978849350575,0.0,0.0
17.5,3.9828921423310435,4.531727637980881,0.0,0.0
17.6,3.9828921423310435,4.530455018077006,0.0,0.0
17.7,3.9828921423310435,4.529160696546518,0.0,0.0
17.8,3.9828921423310435,4.527844379044469,0.0,0.0
17.900000000000002,3.9828921423310435,4.526505770084564,0.0,0.0
18.0,3.9828921423310435,4.52514457315547,0.0,0.0
18.1,3.9828921423310435,4.523760490842338,0.0,0.0
18.2,3.9828921423310435,4.522353224953675,0.0,0.0
18.3,3.9828921423310435,4.520922476653628,0.0,0.0
18.400000000000002,3.9828921423310435,4.519467946599795,0.0,0.0
18.5,3.9828921423310435,4.517989335086629,0.0,0.0
18.6,3.9828921423310435,4.5164863421945585,0.0,0.0
18.7,3.9828921423310435,4.514958667944857,0.0,0.0
18.8,3.9828921423310435,4.5134060124603765,0.0,0.0
18.900000000000002,3.9828921423310435,4.511828076132201,0.0,0.0
19.0,3.9828921423310435,4.510224559792283,0.0,0.0
19.1,3.9828921423310435,4.508595164892126,0.0,0.0
19.200000000000003,3.9828921423310435,4.506939593687575,0.0,0.0
19.3,3.9828921423310435,4.505257549429741,0.0,0.0
19.400000000000002,3.9828921423310435,4.5035487365621245,0.0,0.0
19.5,3.9828921423310435,4.501812860923948,0.0,0.0
19.6,3.9828921423310435,4.500049629959733,0.0,0.0
19.700000000000003,3.9828921423310435,4.498258752935128,0.0,0.0
19.8,3.9828921423310435,4.496439941159005,0.0,0.0
19.900000000000002,3.9828921423310435,4.494592908211797,0.0,0.0
20.0,3.9828921423310435,4.4927173701800935,0.0,0.0
20.1,3.9828921423310435,4.490813045897436,0.0,0.0
20.200000000000003,3.9828921423310435,4.488879657191298,0.0,0.0
20.3,3.9828921423310435,4.486916929136188,0.0,0.0
20.400000000000002,3.9828921423310435,4.4849245903128265,0.0,0.0
20.5,3.9828921423310435,4.482902373073301,0.0,0.0
20.6,3.9828921423310435,4.480850013812141,0.0,0.0
20.700000000000003,3.9828921423310435,4.478767253243174,0.0,0.0
20.8,3.9828921423310435,4.476653836682086,0.0,0.0
20.900000000000002,3.9828921423310435,4.474509514334515,0.0,0.0
21.0,3.9828921423310435,4.472334041589561,0.0,0.0
21.1,3.9828921423310435,4.470127179318533,0.0,0.0
21.200000000000003,3.9828921423310435,4.467888694178756,0.0,0.0
21.3,3.9828921423310435,4.4656183589222405,0.0,0.0
21.400000000000002,3.9828921423310435,4.4633159527090065,0.0,0.0
21.5,3.9828921423310435,4.460981261424818,0.0,0.0
21.6,3.9828921423310435,4.458614078003092,0.0,0.0
21.700000000000003,3.9828921423310435,4.456214202750697,0.0,0.0
21.8,3.9828921423310435,4.453781443677373,0.0,0.0
21.900000000000002,3.9828921423310435,4.451315616828446,0.0,0.0
22.0,3.9828921423310435,4.448816546620532,0.0,0.0
22.1,3.9828921423310435,4.446284066179863,0.0,0.0
22.200000000000003,3.9828921423310435,4.443718017682895,0.0,0.0
22.3,3.9828921423310435,4.441118252698795,0.0,0.0
22.400000000000002,3.9828921423310435,4.438484632533406,0.0,0.0
22.5,3.9828921423310435,4.435817028574279,0.0,0.0
22.6,3.9828921423310435,4.433115322636316,0.0,0.0
22.700000000000003,3.9828921423310435,4.430379407307562,0.0,0.0
22.8,3.9828921423310435,4.427609186294679,0.0,0.0
22.900000000000002,3.9828921423310435,4.424804574767579,0.0,0.0
23.0,3.9828921423310435,4.421965499702723,0.0,0.0
23.1,3.9828921423310435,4.419091900224523,0.0,0.0
23.200000000000003,3.9828921423310435,4.4161837279443175,0.0,0.0
23.3,3.9828921423310435,4.413240947296328,0.0,0.0
23.400000000000002,3.9828921423310435,4.410263535870027,0.0,0.0
23.5,3.9828921423310435,4.407251484738302,0.0,0.0
23.6,3.9828921423310435,4.404204798780801,0.0,0.0
23.700000000000003,3.9828921423310435,4.401123497001831,0.0,0.0
23.8,3.9828921423310435,4.398007612842166,0.0,0.0
23.900000000000002,3.9828921423310435,4.394857194484105,0.0,0.0
24.0,3.9828921423310435,4.3916723051491156,0.0,0.0
24.1,3.9828921423310435,4.388453023387388,0.0,0.0
24.200000000000003,3.9828921423310435,4.385199443358619,0.0,0.0
24.3,3.9828921423310435,4.381911675103334,0.0,0.0
24.400000000000002,3.9828921423310435,4.378589844804053,0.0,0.0
24.5,3.9828921423310435,4.375234095035606,0.0,0.0
24.6,3.9828921423310435,4.371844585003895,0.0,0.0
24.700000000000003,3.9828921423310435,4.368421490772417,0.0,0.0
24.8,3.9828921423310435,4.364965005475824,0.0,0.0
24.900000000000002,3.9828921423310435,4.361475339519867,0.0,0.0
25.0,3.9828921423310435,4.357952720767004,0.0,0.0
25.1,3.9828921423310435,4.354397394707016,0.0,0.0
25.200000000000003,3.9828921423310435,4.3508096246119505,0.0,0.0
25.3,3.9828921423310435,4.347189691674745,0.0,0.0
25.400000000000002,3.9828921423310435,4.343537895130891,0.0,0.0
25.5,3.9828921423310435,4.339854552362503,0.0,0.0
25.6,3.9828921423310435,4.33613999898421,0.0,0.0
25.700000000000003,3.9828921423310435,4.332394588910258,0.0,0.0
25.8,3.9828921423310435,4.328618694402285,0.0,0.0
25.900000000000002,3.9828921423310435,4.3248127060972275,0.0,0.0
26.0,3.9828921423310435,4.320977033014851,0.0,0.0
26.1,3.9828921423310435,4.317112102544428,0.0,0.0
26.200000000000003,3.9828921423310435,4.313218360410123,0.0,0.0
26.3,3.9828921423310435,4.309296270614671,0.0,0.0
26.400000000000002,3.9828921423310435,4.305346315360984,0.0,0.0
26.5,3.9828921423310435,4.301368994951349,0.0,0.0
26.6,3.9828921423310435,4.297364827663917,0.0,0.0
26.700000000000003,3.9828921423310435,4.293334349606247,0.0,0.0
26.8,3.9828921423310435,4.289278114545687,0.0,0.0
26.900000000000002,3.9828921423310435,4.285196693716444,0.0,0.0
27.0,3.9828921423310435,4.281090675603216,0.0,0.0
27.1,3.9828921423310435,4.276960665701335,0.0,0.0
27.200000000000003,3.9828921423310435,4.27280728625341,0.0,0.0
27.3,3.9828921423310435,4.268631175962491,0.0,0.0
27.400000000000002,3.9828921423310435,4.264432989681875,0.0,0.0
27.5,3.9828921423310435,4.260213398081669,0.0,0.0
27.6,3.9828921423310435,4.255973087292324,0.0,0.0
27.700000000000003,3.9828921423310435,4.251712758525402,0.0,0.0
27.8,3.9828921423310435,4.247433127671862,0.0,0.0
27.900000000000002,3.9828921423310435,4.2431349248782535,0.0,0.0
28.0,3.9828921423310435,4.238818894101207,0.0,0.0
28.1,3.9828921423310435,4.234485792640728,0.0,0.0
28.200000000000003,3.9828921423310435,4.230136390652798,0.0,0.0
28.3,3.9828921423310435,4.225771470641867,0.0,0.0
28.400000000000002,3.9828921423310435,4.221391826933874,0.0,0.0
28.5,3.9828921423310435,4.216998265130493,0.0,0.0
28.6,3.9828921423310435,4.212591601545306,0.0,0.0
28.700000000000003,3.9828921423310435,4.208172662622726,0.0,0.0
28.8,3.9828921423310435,4.203742284340473,0.0,0.0
28.900000000000002,3.9828921423310435,4.199301311596493,0.0,0.0
29.0,3.9828921423310435,4.19485059758123,0.0,0.0
29.1,3.9828921423310435,4.190391003136222,0.0,0.0
29.200000000000003,3.9828921423310435,4.185923396100009,0.0,0.0
29.3,3.9828921423310435,4.181448650642393,0.0,0.0
29.400000000000002,3.9828921423310435,4.176967646588114,0.0,0.0
29.5,3.9828921423310435,4.172481268731046,0.0,0.0
29.6,3.9828921423310435,4.1679904061400235,0.0,0.0
29.700000000000003,3.9828921423310435,4.1634959514574685,0.0,0.0
29.8,3.9828921423310435,4.158998800191969,0.0,0.0
29.900000000000002,3.9828921423310435,4.154499850005999,0.0,0.0
30.0,3.9828921423310435,4.15,0.0,0.0
30.1,3.9828921423310435,4.145500149994,0.0,0.0
30.200000000000003,3.9828921423310435,4.141001199808031,0.0,0.0
30.3,3.9828921423310435,4.13650404854253,0.0,0.0
30.400000000000002,3.9828921423310435,4.132009593859976,0.0,0.0
30.5,3.9828921423310435,4.127518731268954,0.0,0.0
30.6,3.9828921423310435,4.123032353411885,0.0,0.0
30.700000000000003,3.9828921423310435,4.118551349357607,0.0,0.0
30.8,3.9828921423310435,4.114076603899991,0.0,0.0
30.900000000000002,3.9828921423310435,4.109608996863778,0.0,0.0
31.0,3.9828921423310435,4.105149402418769,0.0,0.0
31.1,3.9828921423310435,4.100698688403506,0.0,0.0
31.200000000000003,3.9828921423310435,4.096257715659526,0.0,0.0
31.3,3.9828921423310435,4.091827337377274,0.0,0.0
31.400000000000002,3.9828921423310435,4.087408398454694,0.0,0.0
31.5,3.9828921423310435,4.083001734869507,0.0,0.0
31.6,3.9828921423310435,4.078608173066126,0.0,0.0
31.700000000000003,3.9828921423310435,4.074228529358133,0.0,0.0
31.8,3.9828921423310435,4.069863609347202,0.0,0.0
31.900000000000002,3.9828921423310435,4.065514207359271,0.0,0.0
32.0,3.9828921423310435,4.061181105898793,0.0,0.0
32.1,3.9828921423310435,4.056865075121746,0.0,0.0
32.2,3.9828921423310435,4.0525668723281365,0.0,0.0
32.300000000000004,3.9828921423310435,4.048287241474598,0.0,0.0
32.4,3.9828921423310435,4.044026912707676,0.0,0.0
32.5,3.9828921423310435,4.039786601918331,0.0,0.0
32.6,3.9828921423310435,4.035567010318124,0.0,0.0
32.7,3.9828921423310435,4.031368824037508,0.0,0.0
32.800000000000004,3.9828921423310435,4.02719271374659,0.0,0.0
32.9,3.9828921423310435,4.023039334298665,0.0,0.0
33.0,3.9828921423310435,4.018909324396784,0.0,0.0
33.1,3.9828921423310435,4.0148033062835555,0.0,0.0
33.2,3.9828921423310435,4.010721885454313,0.0,0.0
33.300000000000004,3.9828921423310435,4.006665650393753,0.0,0.0
33.4,3.9828921423310435,4.002635172336083,0.0,0.0
33.5,3.9828921423310435,3.9986310050486504,0.0,0.0
33.6,3.9828921423310435,3.9946536846390157,0.0,0.0
33.7,3.9828921423310435,3.9907037293853294,0.0,0.0
33.800000000000004,3.9828921423310435,3.9867816395898767,0.0,0.0
33.9,3.9828921423310435,3.9828878974555715,4.2448754720147974e-06,2.942323465255124e-06
34.0,3.9828921423310435,3.979022966985149,0.0038691753458945932,0.002681907982098888
34.1,3.9828921423310435,3.9751872939027724,0.007704848428271127,0.0053405939646978574
34.2,3.9828921423310435,3.971381305597715,0.011510836733328311,0.007978704027592369
34.300000000000004,3.9828921423310435,3.9676054110897416,0.015286731241301865,0.01059595465988602
34.4,3.9828921423310435,3.963860001015789,0.019032141315254325,0.013192075092686984
34.5,3.9828921423310435,3.9601454476374967,0.022746694693546843,0.01576680729388986
34.6,3.9828921423310435,3.956462104869109,0.026430037461934397,0.018319905948833558
34.7,3.9828921423310435,3.9528103083252546,0.0300818340057889,0.02085113842718486
34.800000000000004,3.9828921423310435,3.9491903753880493,0.033701766942994205,0.023360284736424798
34.9,3.9828921423310435,3.945602605292984,0.037289537038059706,0.02584713746231674
35.0,3.9828921423310435,3.9420472792329955,0.04084486309804802,0.02831150169676894
35.1,3.9828921423310435,3.938524660480133,0.04436748185091055,0.03075319495350319
35.2,3.9828921423310435,3.935034994524176,0.04785714780686767,0.0331720470719709
35.300000000000004,3.9828921423310435,3.931578509227583,0.05131363310346071,0.03556790010995126
35.4,3.9828921423310435,3.928155414996104,0.054736727334939506,0.03794060822529181
35.5,3.9828921423310435,3.924765904964394,0.05812623736664957,0.04029003754725129
35.6,3.9828921423310435,3.9214101551959466,0.061481987135096894,0.04261606603791524
35.7,3.9828921423310435,3.9180883248966656,0.06480381743437791,0.044918583344160476
35.800000000000004,3.9828921423310435,3.9148005566413806,0.06809158568966289,0.04719749064064575
35.9,3.9828921423310435,3.9115469766126116,0.07134516571843186,0.049452700464313104
36.0,3.9828921423310435,3.9083276948508843,0.07456444748015922,0.05168413654088248
36.1,3.9828921423310435,3.9051428055158945,0.07774933681514895,0.05389173360382605
36.2,3.9828921423310435,3.9019923871578337,0.0808997551732098,0.05607543720630022
36.300000000000004,3.9828921423310435,3.898876502998169,0.08401563933287459,0.05823520352652327
36.4,3.9828921423310435,3.8957952012191988,0.08709694111184474,0.06037099916707077
36.5,3.9828921423310435,3.8927485152616974,0.09014362706934609,0.062482800948564406
36.6,3.9828921423310435,3.8897364641299723,0.09315567820107118,0.06457059569822204
36.7,3.9828921423310435,3.886759052703672,0.09613308962737133,0.06663438003372896
36.800000000000004,3.9828921423310435,3.8838162720556824,0.09907587027536113,0.06867416014288946
36.9,3.9828921423310435,3.8809080997754766,0.10198404255556692,0.07068995155949669
37.0,3.9828921423310435,3.8780345002972765,0.10485764203376702,0.07268177893586962
37.1,3.9828921423310435,3.87519542523242,0.10769671709862338,0.07464967581247285
37.2,3.9828921423310435,3.8723908137053207,0.11050132862572282,0.07659368438504774
37.300000000000004,3.9828921423310435,3.8696205926924376,0.11327154963860586,0.07851385526965554
37.4,3.9828921423310435,3.866884677363684,0.11600746496735947,0.08041024726603184
37.5,3.9828921423310435,3.8641829714257208,0.11870917090532274,0.08228292711963314
37.6,3.9828921423310435,3.861515367466594,0.12137677486444964,0.0841319692827525
37.7,3.9828921423310435,3.858881747301205,0.12401039502983835,0.0859574556750575
37.800000000000004,3.9828921423310435,3.8562819823171046,0.12661016001393888,0.08775947544390525
37.9,3.9828921423310435,3.853715933820137,0.1291762085109065,0.08953812472475844
38.0,3.9828921423310435,3.851183453379468,0.1317086889515755,0.09129350640203138
38.1,3.9828921423310435,3.848684383171553,0.13420775915949035,0.09302572987066891
38.2,3.9828921423310435,3.8462185563226265,0.13667358600841695,0.09473491079875139
38.300000000000004,3.9828921423310435,3.843785797249302,0.13910634508174136,0.09642117089140784
38.400000000000006,3.9828921423310435,3.8413859219969075,0.14150622033413596,0.09808463765630074
38.5,3.9828921423310435,3.8390187385751813,0.14387340375586222,0.09972544417093854
38.6,3.9828921423310435,3.8366840472909933,0.14620809504005017,0.1013437288520513
38.7,3.9828921423310435,3.8343816410777594,0.14851050125328413,0.10293963522725812
38.800000000000004,3.9828921423310435,3.832111305821244,0.15078083650979934,0.10451331170923747
38.900000000000006,3.9828921423310435,3.8298728206814667,0.15301932164957677,0.10606491137259953
39.0,3.9828921423310435,3.827665958410439,0.1552261839206044,0.10759459173364644
39.1,3.9828921423310435,3.825490485665485,0.1574016566655585,0.10910251453319639
39.2,3.9828921423310435,3.8233461633179138,0.15954597901312972,0.11058884552262707
39.300000000000004,3.9828921423310435,3.8212327467568254,0.16165939557421805,0.11205375425329414
39.400000000000006,3.9828921423310435,3.819149986187859,0.16374215614318466,0.11349741386945478
39.5,3.9828921423310435,3.817097626926698,0.16579451540434542,0.11492000090482445
39.6,3.9828921423310435,3.8150754096871733,0.1678167326438702,0.11632169508288076
39.7,3.9828921423310435,3.813083070863811,0.16980907146723245,0.11770267912101443
39.800000000000004,3.9828921423310435,3.8111203428087017,0.17177179952234178,0.11906313853861937
39.900000000000006,3.9828921423310435,3.809186954102563,0.17370518822848036,0.12040326146920576
40.0,3.9828921423310435,3.8072826298199063,0.1756095125111372,0.1217232384766012
40.1,3.9828921423310435,3.8054070917882026,0.17748505054284092,0.12302326237530957
40.2,3.9828921423310435,3.8035600588409952,0.17933208349004826,0.12430352805506766
40.300000000000004,3.9828921423310435,3.801741247064871,0.18115089526617245,0.12556423230965738
40.400000000000006,3.9828921423310435,3.799950370040267,0.18294177229077668,0.12680557366999137
40.5,3.9828921423310435,3.7981871390760515,0.18470500325499195,0.1280277522415132
40.6,3.9828921423310435,3.7964512634378753,0.18644087889316818,0.12923096954591773
40.7,3.9828921423310435,3.7947424505702587,0.18814969176078478,0.13041542836721073
40.800000000000004,3.9828921423310435,3.7930604063124247,0.1898317360186188,0.13158133260210544
40.900000000000006,3.9828921423310435,3.791404835107873,0.19148730722317042,0.1327288871147566
41.0,3.9828921423310435,3.789775440207717,0.19311670212332643,0.13385829759581852
41.1,3.9828921423310435,3.7881719238677984,0.19472021846324505,0.1349697704258149
41.2,3.9828921423310435,3.7865939875396237,0.19629815479141977,0.13606351254279234
41.300000000000004,3.9828921423310435,3.7850413320551435,0.1978508102759,0.13713973131424073
41.400000000000006,3.9828921423310435,3.7835136578054414,0.19937848452560214,0.1381986344132358
41.5,3.9828921423310435,3.7820106649133707,0.20088147741767282,0.13924042969877623
41.6,3.9828921423310435,3.780532053400205,0.20236008893083834,0.1402653251002704
41.7,3.9828921423310435,3.779077523346371,0.20381461898467235,0.14127352850612512
41.800000000000004,3.9828921423310435,3.777646775046325,0.20524536728471832,0.14226524765639292
41.900000000000006,3.9828921423310435,3.776239509157662,0.20665263317338134,0.1432406900394179
42.0,3.9828921423310435,3.77485542684453,0.20803671548651348,0.14420006279242834
42.1,3.9828921423310435,3.7734942299154355,0.209397912415608,0.14514357260601707
42.2,3.9828921423310435,3.772155620955531,0.21073652137551235,0.14607142563244704
42.300000000000004,3.9828921423310435,3.7708393034534815,0.212052838877562,0.14698382739771446
42.400000000000006,3.9828921423310435,3.7695449819229943,0.21334716040804924,0.1478809827173097
42.5,3.9828921423310435,3.768272362019119,0.2146197803119243,0.1487630956156052
42.6,3.9828921423310435,3.7670211506494256,0.21587099168161794,0.1496303692487929
42.7,3.9828921423310435,3.7657910560801406,0.21710108625090285,0.15048300583131483
42.800000000000004,3.9828921423310435,3.7645817880373764,0.21831035429366707,0.15132120656569809
42.900000000000006,3.9828921423310435,3.7633930578035355,0.219499084527508,0.15214517157573126
43.0,3.9828921423310435,3.762224578309012,0.22066756402203147,0.15295509984290234
43.1,3.9828921423310435,3.7610760642192953,0.2218160781117482,0.15375118914602284
43.2,3.9828921423310435,3.7599472320175815,0.22294491031346197,0.15453363600396602
43.300000000000004,3.9828921423310435,3.7588378000830156,0.2240543422480279,0.15530263562143357
43.400000000000006,3.9828921423310435,3.7577474887646565,0.22514465356638702,0.1560583818376868
43.5,3.9828921423310435,3.7566760204512972,0.22621612187974627,0.15680106707815109
43.6,3.9828921423310435,3.75562311963723,0.22726902269381366,0.15753088230883117
43.7,3.9828921423310435,3.7545885129840872,0.22830362934695625,0.1582480169934455
43.800000000000004,3.9828921423310435,3.7535719293788516,0.22932021295219185,0.15895265905321804
43.900000000000006,3.9828921423310435,3.752573099988157,0.2303190423428867,0.15964499482923858
44.0,3.9828921423310435,3.751591758308982,0.23130038402206132,0.16032520904732442
44.1,3.9828921423310435,3.7506276402158507,0.23226450211519278,0.1609934847853053
44.2,3.9828921423310435,3.749680484004641,0.23321165832640256,0.16165000344265523
44.300000000000004,3.9828921423310435,3.7487500304331127,0.23414211189793077,0.16229494471240194
44.400000000000006,3.9828921423310435,3.7478360227582574,0.23505611957278605,0.16292848655523803
44.5,3.9828921423310435,3.746938206770576,0.23595393556046762,0.16355080517576115
44.6,3.9828921423310435,3.7460563308253825,0.23683581150566102,0.1641620750007756
44.7,3.9828921423310435,3.74519014587124,0.2377019964598035,0.16476246865958288
44.800000000000004,3.9828921423310435,3.744339405475624,0.23855273685541967,0.16535215696619268
44.900000000000006,3.9828921423310435,3.7435038658479147,0.23938827648312877,0.16593130890338537
45.0,3.9828921423310435,3.74268328585981,0.24020885647123347,0.16650009160856405
45.1,3.9828921423310435,3.741877427063258,0.24101471526778528,0.16705867036132338
45.2,3.9828921423310435,3.741086053706,0.2418060886250437,0.1676072085726773
45.300000000000004,3.9828921423310435,3.7403089327448082,0.24258320958623525,0.16814586777588125
45.400000000000006,3.9828921423310435,3.7395458338565275,0.243346308474516,0.16867480761878148
45.5,3.9828921423310435,3.7387965294469776,0.2440956128840659,0.16919418585764212
45.6,3.9828921423310435,3.7380607946578306,0.2448313476732129,0.16970415835237926
45.7,3.9828921423310435,3.737338407371526,0.24555373495951738,0.17020487906315354
45.800000000000004,3.9828921423310435,3.7366291482143197,0.2462629941167238,0.1706965000482575
45.900000000000006,3.9828921423310435,3.7359328005575323,0.2469593417735112,0.1711791714632492
46.0,3.9828921423310435,3.735249150517088,0.24764299181395533,0.17165304156127276
46.1,3.9828921423310435,3.734577986951409,0.24831415537963464,0.1721182566945179
46.2,3.9828921423310435,3.7339191014577455,0.24897304087329797,0.1725749613167625
46.300000000000004,3.9828921423310435,3.7332722883670098,0.24961985396403374,0.17302329798695526
46.400000000000006,3.9828921423310435,3.7326373447371837,0.2502547975938598,0.1734634073737837
46.5,3.9828921423310435,3.7320140703453726,0.2508780719856709,0.1738954282611828
46.6,3.9828921423310435,3.7314022676785634,0.25148987465248007,0.1743194975547406
46.7,3.9828921423310435,3.7308017419231563,0.2520904004078872,0.17473575028895472
46.800000000000004,3.9828921423310435,3.7302123009533346,0.25267984137770894,0.17514431963529314
46.900000000000006,3.9828921423310435,3.7296337553183228,0.25325838701272074,0.17554533691102683
47.0,3.9828921423310435,3.7290659182286054,0.25382622410243805,0.17593893158878177
47.1,3.9828921423310435,3.728508605541151,0.25438353678989234,0.176325231306781
47.2,3.9828921423310435,3.727961635743701,0.2549305065873426,0.1767043618797351
47.300000000000004,3.9828921423310435,3.7274248299381796,0.2554673123928639,0.1770764473103404
47.400000000000006,3.9828921423310435,3.7268980118232724,0.2559941305077711,0.1774416098013562
47.5,3.9828921423310435,3.726381007676221,0.25651113465482256,0.17779996976822274
47.6,3.9828921423310435,3.725873646333886,0.25701849599715754,0.17815164585218732
47.7,3.9828921423310435,3.7253757591731285,0.25751638315791503,0.17849675493390338
47.800000000000004,3.9828921423310435,3.724887180090541,0.2580049622405025,0.17883541214747947
47.900000000000006,3.9828921423310435,3.724407745481587,0.25848439684945657,0.17916773089493881
48.0,3.9828921423310435,3.7239372942191795,0.258954848111864,0.17949382286106738
48.1,3.9828921423310435,3.723475667631745,0.2594164746992984,0.17981379802861908
48.2,3.9828921423310435,3.723022709480807,0.25986943285023667,0.18012776469385358
48.300000000000004,3.9828921423310435,3.722578265938132,0.2603138763929116,0.18043582948237677
48.400000000000006,3.9828921423310435,3.7221421855624657,0.2607499567685778,0.18073809736526733
48.5,3.9828921423310435,3.7217143192759026,0.2611778230551409,0.1810346716754552
48.6,3.9828921423310435,3.7212945203399155,0.261597621991128,0.1813256541243367
48.7,3.9828921423310435,3.7208826443310796,0.26200949799996387,0.18161114481860158
48.800000000000004,3.9828921423310435,3.7204785491165238,0.26241359321451974,0.18189124227724873
48.900000000000006,3.9828921423310435,3.720082094829129,0.2628100475019144,0.18216604344877727
49.0,3.9828921423310435,3.719693143842518,0.2631989984885257,0.1824356437285229
49.1,3.9828921423310435,3.7193115607458433,0.26358058158520015,0.1827001369761321
49.2,3.9828921423310435,3.718937212318422,0.2639549300126216,0.18295961553314635
49.300000000000004,3.9828921423310435,3.718569967504216,0.2643221748268276,0.1832141702406885
49.400000000000006,3.9828921423310435,3.718209697386207,0.2646824449448366,0.18346389045722644
49.5,3.9828921423310435,3.7178562751606696,0.26503586717037386,0.1837088640764048
49.6,3.9828921423310435,3.717509576111374,0.2653825662196696,0.18394917754492696
49.7,3.9828921423310435,3.7171694775837327,0.26572266474731077,0.18418491588047403
49.800000000000004,3.9828921423310435,3.716835858958919,0.2660562833721243,0.1844161626896458
49.900000000000006,3.9828921423310435,3.716508601627969,0.2663835407030746,0.18464300018591157
50.0,3.9828921423310435,3.7161875889658824,0.2667045533651611,0.18486550920756087
50.1,3.9828921423310435,3.715872706305751,0.26701943602529266,0.1850837692356383
50.2,3.9828921423310435,3.715563840912915,0.2673283014181287,0.18529785841185512
50.300000000000004,3.9828921423310435,3.715260881959181,0.26763126037186247,0.18550785355646107
50.400000000000006,3.9828921423310435,3.7149637204970936,0.26792842183394994,0.1857138301860781
50.5,3.9828921423310435,3.714672249434297,0.2682198928967465,0.18591586253147036
50.6,3.9828921423310435,3.7143863635079826,0.2685057788230609,0.18611402355525694
50.7,3.9828921423310435,3.714105959259444,0.2687861830715996,0.18630838496954857
50.800000000000004,3.9828921423310435,3.7138309350087484,0.2690612073222951,0.18649901725350376
50.900000000000006,3.9828921423310435,3.713561190829534,0.26933095150150965,0.18668598967079877
51.0,3.9828921423310435,3.713296628523946,0.26959551380709756,0.1868693702869995
51.1,3.9828921423310435,3.71303715159772,0.2698549907333234,0.1870492259868333
51.2,3.9828921423310435,3.712782665235422,0.2701094770956214,0.18722562249135108
51.300000000000004,3.9828921423310435,3.7125330762758506,0.2703590660551929,0.18739862437497695
51.400000000000006,3.9828921423310435,3.712288293187616,0.2706038491434275,0.18756829508243553
51.5,3.9828921423310435,3.7120482260448986,0.2708439162861449,0.1877346969455552
51.6,3.9828921423310435,3.7118127865033927,0.27107935582765075,0.1878978911999423
51.7,3.9828921423310435,3.7115818877764473,0.27131025455459623,0.18805793800151943
51.800000000000004,3.9828921423310435,3.7113554446114048,0.27153669771963873,0.18821489644292572
51.900000000000006,3.9828921423310435,3.7111333732661462,0.27175876906489727,0.18836882456977483
52.0,3.9828921423310435,3.710915591485847,0.27197655084519656,0.1885197793967666
52.1,3.9828921423310435,3.7107020184799486,0.27219012385109487,0.18866781692364873
52.2,3.9828921423310435,3.71049257489935,0.2723995674316937,0.18881299215102718
52.300000000000004,3.9828921423310435,3.7102871828138237,0.27260495951721975,0.1889553590960189
52.400000000000006,3.9828921423310435,3.7100857656896586,0.27280637664138485,0.18909497080775042
52.5,3.9828921423310435,3.709888248367534,0.27300389396350955,0.1892318793826929
52.6,3.9828921423310435,3.7096945570406277,0.2731975852904158,0.1893661359798369
52.7,3.9828921423310435,3.709504619232961,0.2733875230980827,0.18949779083570292
52.800000000000004,3.9828921423310435,3.7093183637779825,0.273573778553061,0.18962689327918505
52.900000000000006,3.9828921423310435,3.7091357207973936,0.2737564215336499,0.1897534917462293
53.0,3.9828921423310435,3.708956621680214,0.2739355206508294,0.18987763379434305
53.1,3.9828921423310435,3.708780999062096,0.27411114326894737,0.1899993661169341
53.2,3.9828921423310435,3.7086087868048825,0.274283355526161,0.1901187345574796
53.300000000000004,3.9828921423310435,3.708439919976409,0.2744522223546344,0.190235784123526
53.400000000000006,3.9828921423310435,3.708274334830559,0.27461780750048437,0.19035055900051454
53.5,3.9828921423310435,3.708111968787563,0.2747801735434803,0.19046310256543583
53.6,3.9828921423310435,3.707952760414547,0.2749393819164965,0.19057345740031353
53.7,3.9828921423310435,3.707796649406332,0.2750954929247116,0.1906816653055122
53.800000000000004,3.9828921423310435,3.70764357656648,0.2752485657645636,0.19078776731287592
53.900000000000006,3.9828921423310435,3.707493483788591,0.2753986585424526,0.1908918036986921
54.0,3.9828921423310435,3.707346314037844,0.2755458282931995,0.19099381399648604
54.1,3.9828921423310435,3.707202011332795,0.2756901309982487,0.19109383700963806
54.2,3.9828921423310435,3.7070605207274103,0.27583162160363317,0.19119191082383602
54.300000000000004,3.9828921423310435,3.7069217882933576,0.2759703540376859,0.1912880728193519
54.400000000000006,3.9828921423310435,3.706785761102536,0.2761063812285074,0.1913823596831493
54.5,3.9828921423310435,3.706652387209854,0.2762397551211895,0.1914748074208222
54.6,3.9828921423310435,3.7065216156362486,0.2763705266947949,0.19156545136836417
54.7,3.9828921423310435,3.7063933963519498,0.27649874597909374,0.19165432620376935
54.800000000000004,3.9828921423310435,3.706267680259986,0.2766244620710574,0.19174146595846495
54.900000000000006,3.9828921423310435,3.7061444191799247,0.27674772315111884,0.19182690402858232
55.0,3.9828921423310435,3.7060235658318565,0.27686857649918695,0.19191067318605695
55.1,3.9828921423310435,3.705905073820615,0.27698706851042854,0.19199280558956794
55.2,3.9828921423310435,3.705788897620227,0.2771032447108164,0.19207333279531494
55.300000000000004,3.9828921423310435,3.7056749925586026,0.27721714977244094,0.19215228576763152
55.400000000000006,3.9828921423310435,3.70556331480245,0.27732882752859345,0.1922296948894399
55.5,3.9828921423310435,3.705453821342426,0.27743832098861754,0.19230558997254535
55.6,3.9828921423310435,3.7053464699785064,0.27754567235253713,0.19238000026777546
55.7,3.9828921423310435,3.7052412193055906,0.2776509230254529,0.19245295447495908
55.800000000000004,3.9828921423310435,3.7051380286993214,0.2777541136317221,0.19252448075275483
55.900000000000006,3.9828921423310435,3.705036858302131,0.2778552840289126,0.19259460672832354
56.0,3.9828921423310435,3.7049376690095057,0.2779544733215378,0.19266335950684843
56.1,3.9828921423310435,3.704840422456464,0.27805171987457955,0.19273076568090852
56.2,3.9828921423310435,3.704745081004254,0.27814706132678957,0.19279685133969837
56.300000000000004,3.9828921423310435,3.7046516077272598,0.27824053460378373,0.19286164207810458
56.400000000000006,3.9828921423310435,3.7045599664001196,0.27833217593092385,0.19292516300563453
56.5,3.9828921423310435,3.7044701214850515,0.278422020845992,0.19298743875520166
56.6,3.9828921423310435,3.704382038119383,0.27851010421166045,0.19304849349176897
56.7,3.9828921423310435,3.704295682103287,0.27859646022775664,0.19310835092085044
56.800000000000004,3.9828921423310435,3.704211019887716,0.27868112244332766,0.19316703429687346
56.900000000000006,3.9828921423310435,3.7041280185625336,0.2787641237685099,0.19322456643140626
57.0,3.9828921423310435,3.7040466458448473,0.27884549648619616,0.193280969701245
57.1,3.9828921423310435,3.692041148091121,0.29085099423992267,0.2016025466204593
57.2,3.9828921423310435,3.678074581574078,0.30481756075696564,0.21128343282385056
57.300000000000004,3.9828921423310435,3.6642013678294374,0.3186907745016061,0.22089961181625356
57.400000000000006,3.9828921423310435,3.65042486505809,0.33246727727295333,0.23044875587018918
57.5,3.9828921423310435,3.63674832480147,0.34614381752957346,0.23992861118888
57.6,3.9828921423310435,3.623174889583603,0.3597172527474406,0.2493369995406577
57.7,3.9828921423310435,3.6097075907918015,0.373184551539242,0.25867181972795317
57.800000000000004,3.9828921423310435,3.5963493467964005,0.386542795534643,0.2679310488905972
57.900000000000006,3.9828921423310435,3.583102961309148,0.3997891810218954,0.2771127436436964
58.0,3.9828921423310435,3.569971121979057,0.41292102035198663,0.28621504105091533
58.1,3.9828921423310435,3.556956399223766,0.42593574310727744,0.29523615943451453
58.2,3.9828921423310435,3.5440612452937295,0.43883089703731404,0.3041743990240059
58.300000000000004,3.9828921423310435,3.5312879935658428,0.4516041487652007,0.313028142445773
58.400000000000006,3.9828921423310435,3.518638858062464,0.4642532842685796,0.32179585505646074
58.5,3.9828921423310435,3.5061159331911727,0.47677620913987084,0.3304760851233603
58.6,3.9828921423310435,3.49372119369999,0.48917094863105337,0.33906746385544845
58.7,3.9828921423310435,3.4814564948422957,0.5014356474887478,0.34756870528907613
58.800000000000004,3.9828921423310435,3.469323572745128,0.5135685695859156,0.35597860603268144
58.900000000000006,3.9828921423310435,3.4573240449741296,0.5255680973569139,0.3642960448751997
59.0,3.9828921423310435,3.445459411287988,0.5374327310430553,0.37251998226312516
59.1,3.9828921423310435,3.433731054574843,0.5491610877562003,0.3806494596514429
59.2,3.9828921423310435,3.42214024196283,0.5607519003682135,0.38868359873385855
59.300000000000004,3.9828921423310435,3.410688126096633,0.5722040162344104,0.39662160055795875
59.400000000000006,3.9828921423310435,3.399375746571717,0.5835163957593266,0.40446274453107844
59.5,3.9828921423310435,3.388204031517692,0.5946881108133515,0.4122063873227949
59.6,3.9828921423310435,3.377173799322133,0.6057183430089106,0.4198519616700682
59.7,3.9828921423310435,3.366285760486081,0.6166063818449623,0.42739897509110464
59.800000000000004,3.9828921423310435,3.355540519602357,0.6273516227286864,0.43484700851409547
59.900000000000006,3.9828921423310435,3.344938577447827,0.6379535648832166,0.44219571482696773
60.0,3.9828921423310435,3.3344803331807413,0.6484118091503022,0.4494448173543053
60.1,3.9828921423310435,3.3241660866343223,0.6587260556967212,0.45659410826755575
60.2,3.9828921423310435,3.3139960406978592,0.6688961016331842,0.46364344693458026
60.300000000000004,3.9828921423310435,3.3039703037766457,0.6789218385543978,0.4705927582145552
60.400000000000006,3.9828921423310435,3.2940888923222733,0.6888032500087702,0.4774420307041062
60.5,3.9828921423310435,3.2843517334249093,0.6985404089061342,0.48419131494047823
60.6,3.9828921423310435,3.2747586674594036,0.7081334748716399,0.49084072156739406
60.7,3.9828921423310435,3.2653094507772633,0.7175826915537802,0.4973904194691196
60.800000000000004,3.9828921423310435,3.2560037584367505,0.726888383894293,0.5038406338781043
60.900000000000006,3.9828921423310435,3.2468411869636196,0.7360509553674239,0.510191644461384
61.0,3.9828921423310435,3.237821257135255,0.7450708851957883,0.5164437833907634
61.1,3.9828921423310435,3.2289434167812407,0.7539487255498027,0.5225974334016098
61.2,3.9828921423310435,3.220207043593695,0.7626850987373484,0.5286530258448765
61.300000000000004,3.9828921423310435,3.211611447940961,0.7712806943900823,0.5346110387368024
61.400000000000006,3.9828921423310435,3.20315587567858,0.7797362666524634,0.5404719948104927
61.5,3.9828921423310435,3.194839510951751,0.7880526313792924,0.5462364595734024
61.6,3.9828921423310435,3.1866614789838046,0.7962306633472389,0.5519050393745136
61.7,3.9828921423310435,3.178620848845527,0.8042712934855163,0.557478379484786
61.800000000000004,3.9828921423310435,3.1707166362004826,0.8121755061305609,0.5629571621942449
61.900000000000006,3.9828921423310435,3.1629478060217777,0.8199443363092658,0.5683421049288632
62.0,3.9828921423310435,3.1553132752760544,0.8275788670549891,0.5736339583901595
62.1,3.9828921423310435,3.1478119155707747,0.8350802267602688,0.5788335047202401
62.2,3.9828921423310435,3.1404425557611706,0.8424495865698729,0.583941555694799
62.300000000000004,3.9828921423310435,3.133203984513537,0.8496881578175066,0.5889589509463785
62.400000000000006,3.9828921423310435,3.1260949528218256,0.8567971895092179,0.5938865562199995
62.5,3.9828921423310435,3.1191141764747905,0.863777965856253,0.5987252616630665
62.6,3.9828921423310435,3.1122603384711947,0.8706318038598488,0.6034759801512735
62.7,3.9828921423310435,3.1055320913808915,0.877360050950152,0.6081396456520278
62.800000000000004,3.9828921423310435,3.098928059649799,0.8839640826812447,0.6127172116267632
62.900000000000006,3.9828921423310435,3.092446841847083,0.8904453004839605,0.6172096494733105
63.0,3.9828921423310435,3.086087012853082,0.8968051294779613,0.6216179470093456
63.1,3.9828921423310435,3.0798471259867344,0.9030450163443091,0.6259431069977676
63.2,3.9828921423310435,3.0737257150714976,0.9091664272595459,0.6301861457147128
63.300000000000004,3.9828921423310435,3.067721296438951,0.9151708458920926,0.6343480915607642
63.400000000000006,3.9828921423310435,3.06183237086947,0.9210597714615734,0.6384299837157771
63.5,3.9828921423310435,3.0560574254695627,0.9268347168614808,0.6424328708376106
63.6,3.9828921423310435,3.050394935485603,0.9324972068454405,0.6463578098049412
63.7,3.9828921423310435,3.0448433660539123,0.9380487762771312,0.6502058645042004
63.800000000000004,3.9828921423310435,3.039401173887244,0.9434909684437995,0.6539781046605919
63.900000000000006,3.9828921423310435,3.0340668088979017,0.9488253334331418,0.6576756047130322
64.0,3.9828921423310435,3.0288387157578627,0.9540534265731808,0.6612994427327551
64.10000000000001,3.9828921423310435,3.023715335396376,0.9591768069346673,0.6648506993852557
64.2,3.9828921423310435,3.018695106435654,0.9641970358953893,0.6683304569351455
64.3,3.9828921423310435,3.0137764665653517,0.9691156757656918,0.6717397982934353
64.4,3.9828921423310435,3.0089578538566504,0.9739342884743931,0.6750798061066821
64.5,3.9828921423310435,3.0042377080168485,0.978654434314195,0.6783515618873724
64.60000000000001,3.9828921423310435,2.9996144715854127,0.9832776707456308,0.6815561451848842
64.7,3.9828921423310435,2.9950865910725746,0.9878055512584689,0.6846946327962703
64.8,3.9828921423310435,2.990652518041548,0.9922396242894953,0.687768098016123
64.9,3.9828921423310435,2.9863107101355717,0.9965814321954718,0.6907776099246835
65.0,3.9828921423310435,2.982059632050984,1.0008325102800595,0.6937242327133557
65.10000000000001,3.9828921423310435,2.977897756457591,1.0049943858734527,0.6966090250467575
65.2,3.9828921423310435,2.9738235648676423,1.0090685774634012,0.6994330394603913
65.3,3.9828921423310435,2.9698355484547374,1.013056593876306,0.7021973217930231
65.4,3.9828921423310435,2.965932208824032,1.0169599335070116,0.7049029106528145
65.5,3.9828921423310435,2.9621120587351095,1.020780083595934,0.7075508369162669
65.60000000000001,3.9828921423310435,2.958373622778925,1.0245185195521187,0.7101421232590003
65.7,3.9828921423310435,2.954715438010215,1.0281767043208285,0.7126777837173988
65.8,3.9828921423310435,2.9511360545367915,1.031756087794252,0.7151588232801451
65.9,3.9828921423310435,2.9476340360671225,1.035258106263921,0.7175862375086651
66.0,3.9828921423310435,2.944207960417618,1.0386841819134256,0.7199610121855042
66.10000000000001,3.9828921423310435,2.9408564199810185,1.042035722350025,0.7222841229896657
66.2,3.9828921423310435,2.9375780221572847,1.0453141201737588,0.7245565351979407
66.3,3.9828921423310435,2.934371389748372,1.0485207525826716,0.7267792034112708
66.4,3.9828921423310435,2.931235161318258,1.0516569810127856,0.7289530713051963
66.5,3.9828921423310435,2.928167991519578,1.0547241508114653,0.7310790714034497
66.60000000000001,3.9828921423310435,2.9251685513882024,1.057723590942841,0.7331581248737712
66.7,3.9828921423310435,2.9222355286070645,1.060656613723979,0.735191141345035
66.8,3.9828921423310435,2.9193676277405363,1.0635245145905072,0.7371790187447945
66.9,3.9828921423310435,2.9165635704406143,1.0663285718904292,0.7391226431563639
67.0,3.9828921423310435,2.9138220956261596,1.069070046704884,0.7410228886945793
67.10000000000001,3.9828921423310435,2.9111419596364008,1.0717501826946427,0.7428806173993979
67.2,3.9828921423310435,2.90852193635989,1.0743702059711535,0.7446966791465127
67.3,3.9828921423310435,2.9059608173400746,1.0769313249909689,0.7464719115741763
67.4,3.9828921423310435,2.9034574118586067,1.0794347304724368,0.748207140025454
67.5,3.9828921423310435,2.901010546997485,1.0818815953335585,0.7499031775051518
67.60000000000001,3.9828921423310435,2.898619067681116,1.0842730746499276,0.7515608246506604
67.7,3.9828921423310435,2.8962818366993095,1.086610305631734,0.7531808697160168
67.8,3.9828921423310435,2.8939977347122343,1.0888944076188092,0.7547640885684694
67.9,3.9828921423310435,2.891765660238299,1.0911264820927444,0.7563112446968774
68.0,3.9828921423310435,2.8895845296259104,1.093307612705133,0.7578230892312876
68.10000000000001,3.9828921423310435,2.887453277010016,1.0954388653210274,0.7593003609730558
68.2,3.9828921423310435,2.8853708542543264,1.0975212880767171,0.7607437864348959
68.3,3.9828921423310435,2.883336230880058,1.0995559114509854,0.7621540798902714
68.4,3.9828921423310435,2.8813483939820275,1.101543748349016,0.7635319434315544
68.5,3.9828921423310435,2.87940634813289,1.1034857941981535,0.7648780670364022
68.60000000000001,3.9828921423310435,2.877509115276281,1.1053830270547627,0.7661931286418264
68.7,3.9828921423310435,2.8756557346096034,1.10723640772144,0.7674777942254382
68.8,3.9828921423310435,2.873845262457155,1.1090468798738886,0.7687327178933903
68.9,3.9828921423310435,2.872076772134291,1.1108153701967525,0.7699585419745308
69.0,3.9828921423310435,2.870349353803255,1.1125427885277883,0.7711558971203359
69.10000000000001,3.9828921423310435,2.8686621143213102,1.1142300280097333,0.7723254024101754
69.2,3.9828921423310435,2.8670141770817748,1.1158779652492687,0.7734676654614993
69.3,3.9828921423310435,2.8654046818485184,1.1174874604825251,0.7745832825445556
69.4,3.9828921423310435,2.8638327845844778,1.1190593577465657,0.7756728387012553
69.5,3.9828921423310435,2.8622976572747123,1.1205944850563312,0.7767369078678197
69.60000000000001,3.9828921423310435,2.860798487744492,1.1220936545865516,0.7777760530008734
69.7,3.9828921423310435,2.8593344794729014,1.123557662858142,0.7787908262066428
69.8,3.9828921423310435,2.857904851402406,1.1249872909286376,0.779781768872956
69.9,3.9828921423310435,2.856508837744817,1.1263833045862266,0.780749411803737
70.0,3.9828921423310435,2.8551456877840615,1.127746454546982,0.781694275355715
70.10000000000001,3.9828921423310435,2.85381466567615,1.1290774766548934,0.7826168695770769
70.2,3.9828921423310435,2.8525150502467134,1.1303770920843301,0.783517694347803
70.3,3.9828921423310435,2.851246134786449,1.1316460075445947,0.7843972395214543
70.4,3.9828921423310435,2.850007226844833,1.1328849154862106,0.7852559850681587
70.5,3.9828921423310435,2.848797648022381,1.1340944943086626,0.7860944012186064
70.60000000000001,3.9828921423310435,2.847616733761786,1.1352754085692576,0.7869129486088209
70.7,3.9828921423310435,2.846463833138194,1.1364283091928495,0.7877120784255294
70.8,3.9828921423310435,2.8453383086488935,1.13755383368215,0.7884922325519392
70.9,3.9828921423310435,2.8442395360026635,1.13865260632838,0.7892538437137498
71.0,3.9828921423310435,2.8431669039090197,1.1397252384220238,0.7899973356252372
71.10000000000001,3.9828921423310435,2.842119813867578,1.1407723284634654,0.7907231231352548
71.2,3.9828921423310435,2.841097679957746,1.1417944623732974,0.7914316123730096
71.3,3.9828921423310435,2.8400999286289315,1.142792213702112,0.7921232008934774
71.4,3.9828921423310435,2.839125998491458,1.1437661438395854,0.7927982778223295
71.5,3.9828921423310435,2.8381753401083554,1.1447168022226881,0.7934572240002528
71.60000000000001,3.9828921423310435,2.8372474157881813,1.1456447265428622,0.7941004121265545
71.7,3.9828921423310435,2.8363416993790294,1.1465504429520141,0.794728206901945
71.8,3.9828921423310435,2.835457676063855,1.1474344662671885,0.7953409651704073
71.9,3.9828921423310435,2.83459484215725,1.1482973001737933,0.795939036060062
72.0,3.9828921423310435,2.833752704903789,1.1491394374272543,0.796522761122943
72.10000000000001,3.9828921423310435,2.832930782278045,1.1499613600529983,0.7970924744736159
72.2,3.9828921423310435,2.8321286027863954,1.150763539544648,0.7976485029265559
72.3,3.9828921423310435,2.8313457052706874,1.151546437060356,0.7981911661322363
72.4,3.9828921423310435,2.8305816387138676,1.152310503617176,0.7987207767118562
72.5,3.9828921423310435,2.829835962047646,1.1530561802833974,0.7992376403906569
72.60000000000001,3.9828921423310435,2.829108243962258,1.1537838983687854,0.799742056129786
72.7,3.9828921423310435,2.828398062718405,1.1544940796126384,0.8002343162566493
72.8,3.9828921423310435,2.827705005961413,1.1551871363696304,0.8007147065937263
72.9,3.9828921423310435,2.8270286705376777,1.1558634717933658,0.8011835065858014
73.0,3.9828921423310435,2.8263686623134237,1.1565234800176198,0.8016409894255894
73.10000000000001,3.9828921423310435,2.8257245959958395,1.157167546335204,0.8020874221777166
73.2,3.9828921423310435,2.8250960949566033,1.1577960473744402,0.802523065901042
73.3,3.9828921423310435,2.824482791057847,1.1584093512731966,0.8029481757692915
73.4,3.9828921423310435,2.82388432448057,1.1590078178504735,0.8033630011899903
73.5,3.9828921423310435,2.8233003435555375,1.159591798775506,0.8037677859216774
73.60000000000001,3.9828921423310435,2.8227305045966706,1.1601616377343729,0.8041627681893891
73.7,3.9828921423310435,2.822174471736949,1.1607176705940945,0.8045481807984038
73.8,3.9828921423310435,2.821631916766835,1.1612602255642086,0.8049242512462373
73.9,3.9828921423310435,2.8211025189752195,1.161789623355824,0.8052912018328902
74.0,3.9828921423310435,2.8205859649929086,1.162306177338135,0.8056492497693359
74.10000000000001,3.9828921423310435,2.820081948638631,1.1628101936924127,0.8059986072842598
74.2,3.9828921423310435,2.8195901707675834,1.16330197156346,0.806339481729038
74.3,3.9828921423310435,2.8191103391225,1.1637818032085434,0.806672075680971
74.4,3.9828921423310435,2.8186421681872362,1.1642499741438073,0.8069965870447692
74.5,3.9828921423310435,2.8181853790428657,1.1647067632881778,0.8073132091523
74.60000000000001,3.9828921423310435,2.8177396992262764,1.165152443104767,0.8076221308606013
74.7,3.9828921423310435,2.817304862591245,1.1655872797397984,0.8079235366481775
74.8,3.9828921423310435,2.8168806091719882,1.1660115331590553,0.8082176067095783
74.9,3.9828921423310435,2.8164666850491584,1.166425457281885,0.8085045170482835
75.0,3.9828921423310435,2.816062842218283,1.1668293001127603,0.808784439567894
75.10000000000001,3.9828921423310435,2.815668838460612,1.1672233038704314,0.8090575421616538
75.2,3.9828921423310435,2.8152844372163566,1.167607705114687,0.8093239888003132
75.3,3.9828921423310435,2.8149094074603105,1.167982734870733,0.8095839396183426
75.4,3.9828921423310435,2.814543523579802,1.1683486187512413,0.8098375509985293
75.5,3.9828921423310435,2.814186565254985,1.1687055770760586,0.8100849756549539
75.60000000000001,3.9828921423310435,2.81383831734142,1.1690538249896236,0.8103263627143773
75.7,3.9828921423310435,2.8134985697549255,1.169393572576118,0.8105618577960579
75.8,3.9828921423310435,2.813167117358681,1.1697250249723625,0.8107916030900046
75.9,3.9828921423310435,2.8128437598525404,1.170048382478503,0.8110157374336989
76.0,3.9828921423310435,2.81252830166454,1.1703638406665036,0.811234396387296
76.10000000000001,3.9828921423310435,2.8122205518445624,1.170671590486481,0.8114477123073313
76.2,3.9828921423310435,2.8119203239601367,1.1709718183709068,0.8116558144189464
76.3,3.9828921423310435,2.8116274359943354,1.171264706336708,0.8118588288866615
76.4,3.9828921423310435,2.811341710245749,1.1715504320852945,0.8120568788837076
76.5,3.9828921423310435,2.8110629732304977,1.1718291691005458,0.8122500846599466
76.60000000000001,3.9828921423310435,2.8107910555862587,1.1721010867447847,0.8124385636083954
76.7,3.9828921423310435,2.8105257919782702,1.1723663503527733,0.8126224303303778
76.80000000000001,3.9828921423310435,2.8102670210072915,1.172625121323752,0.8128017966993224
76.9,3.9828921423310435,2.8100145851194793,1.1728775572115642,0.8129767719232316
77.0,3.9828921423310435,2.8097683305181502,1.1731238118128933,0.8131474626058428
77.10000000000001,3.9828921423310435,2.8095281070774125,1.173364035253631,0.8133139728064945
77.2,3.9828921423310435,2.8092937682576102,1.1735983740734333,0.8134764040987362
77.30000000000001,3.9828921423310435,2.8090651710225765,1.173826971308467,0.8136348556276837
77.4,3.9828921423310435,2.808842175758646,1.1740499665723974,0.8137894241661552
77.5,3.9828921423310435,2.8086246461954083,1.1742674961356352,0.813940204169602
77.60000000000001,3.9828921423310435,2.8084124493281593,1.1744796930028842,0.8140872878298593
77.7,3.9828921423310435,2.808205455342036,1.1746866869890074,0.8142307651277334
77.80000000000001,3.9828921423310435,2.808003537537792,1.1748886047932516,0.8143707238844502
77.9,3.9828921423310435,2.807806572259186,1.1750855700718574,0.814507249811984
78.0,3.9828921423310435,2.807614438821964,1.1752777035090793,0.8146404265622856
78.10000000000001,3.9828921423310435,2.807427019444388,1.1754651228866555,0.8147703357754349
78.2,3.9828921423310435,2.8072441991793,1.1756479431517435,0.8148970571267299
78.30000000000001,3.9828921423310435,2.807065865847681,1.1758262764833627,0.8150206683727416
78.4,3.9828921423310435,2.806891909973681,1.1760002323573624,0.8151412453963462
78.5,3.9828921423310435,2.8067222247210903,1.1761699176099532,0.8152588622507622
78.60000000000001,3.9828921423310435,2.806556705831226,1.1763354364998175,0.8153735912026011
78.7,3.9828921423310435,2.806395251562206,1.1764968907688376,0.8154855027739617
78.80000000000001,3.9828921423310435,2.8062377626295754,1.1766543797014681,0.815594665783584
78.9,3.9828921423310435,2.806084142148279,1.1768080001827643,0.8157011473870707
79.0,3.9828921423310435,2.805934295575923,1.1769578467551205,0.8158050131162159
79.10000000000001,3.9828921423310435,2.8057881306573322,1.1771040116737113,0.8159063269174339
79.2,3.9828921423310435,2.8046043519923836,1.17828779033866,0.8167268597614501
79.30000000000001,3.9828921423310435,2.792018036965804,1.1908741053652396,0.825451028535763
79.4,3.9828921423310435,2.7795333367192967,1.2033588056117468,0.8341047633117655
79.5,3.9828921423310435,2.7671514921249885,1.215740650206055,0.8426872039824417
79.60000000000001,3.9828921423310435,2.7548736828970295,1.228018459434014,0.8511975328322543
79.7,3.9828921423310435,2.742701027750848,1.2401911145801954,0.8596349744267585
79.80000000000001,3.9828921423310435,2.7306345846268294,1.252257557704214,0.867998795457559
79.9,3.9828921423310435,2.7186753509766106,1.2642167913544329,0.8762883045438657
80.0,3.9828921423310435,2.7068242641099856,1.276067878221058,0.8845028519920379
80.10000000000001,3.9828921423310435,2.6950822016004428,1.2878099407306007,0.8926418295144861
80.2,3.9828921423310435,2.6834499817472532,1.2994421605837903,0.9007046699093779
80.30000000000001,3.9828921423310435,2.6719283640919413,1.3109637782391022,0.908690846702647
80.4,3.9828921423310435,2.660518049987013,1.3223740923440306,0.9165998737537815
80.5,3.9828921423310435,2.649219683214647,1.3336724591163964,0.9244313048269791
80.60000000000001,3.9828921423310435,2.6380338506531547,1.3448582916778888,0.9321847331291931
80.7,3.9828921423310435,2.626961082988885,1.3559310593421583,0.9398597908166769
80.80000000000001,3.9828921423310435,2.6160018554712674,1.366890286859776,0.9474561484716286
80.9,3.9828921423310435,2.6051565887087054,1.3777355536223381,0.9549735145505189
81.0,3.9828921423310435,2.594425649502947,1.3884664928280963,0.9624116348057504
81.10000000000001,3.9828921423310435,2.5838093517196477,1.3990827906113958,0.9697702916822293
81.2,3.9828921423310435,2.573307957192779,1.4095841851382644,0.9770493036904759
81.30000000000001,3.9828921423310435,2.5629216766605625,1.419970465670481,0.9842485247578865
81.4,3.9828921423310435,2.5526506707306615,1.430241471600382,0.9913678435597119
81.5,3.9828921423310435,2.5424950508723243,1.4403970914587192,0.9984071828313569
81.60000000000001,3.9828921423310435,2.532454880433241,1.4504372618978025,1.0053664986635489
81.7,3.9828921423310435,2.5225301756789067,1.4603619666521368,1.0122457797819056
81.80000000000001,3.9828921423310435,2.512720906852274,1.4701712354787695,1.0190450468124406
81.9,3.9828921423310435,2.5030269992515874,1.479865143079456,1.025764351534465
82.0,3.9828921423310435,2.493448334324255,1.4894438080067887,1.032403776122374
82.10000000000001,3.9828921423310435,2.4839847507747326,1.498907391556311,1.0389634323777188
82.2,3.9828921423310435,2.4746360456844023,1.5082560966466412,1.0454434609529677
82.30000000000001,3.9828921423310435,2.4654019756414574,1.5174901666895861,1.051844030568328
82.4,3.9828921423310435,2.4562822578789465,1.526609884452097,1.058165337222915
82.5,3.9828921423310435,2.447276571419069,1.5356155709119745,1.064407603401586
82.60000000000001,3.9828921423310435,2.43838455822198,1.5445075841090636,1.07057107727865
82.7,3.9828921423310435,2.42960582433735,1.5532863179936935,1.0766560319196672
82.80000000000001,3.9828921423310435,2.420939941057014,1.5619522012740297,1.0826627644824938
82.9,3.9828921423310435,2.412386446067123,1.5705056962639206,1.0885915954186702
83.0,3.9828921423310435,2.4039448445982265,1.578947297732817,1.0944428676762465
83.10000000000001,3.9828921423310435,2.3956146105718434,1.5872775317592,1.1002169459050386
83.2,3.9828921423310435,2.387395187742088,1.5954969545889557,1.1059142156653137
83.30000000000001,3.9828921423310435,2.3792859908310064,1.603606151500037,1.1115350826408352
83.4,3.9828921423310435,2.371286406656358,1.6116057356746856,1.1170799718571447
83.5,3.9828921423310435,2.363395795250604,1.6194963470804393,1.122549326905937
83.60000000000001,3.9828921423310435,2.355613490969977,1.6272786513610664,1.1279436091763133
83.7,3.9828921423310435,2.3479388035925313,1.6349533387385122,1.133263297093669
83.80000000000001,3.9828921423310435,2.340371019404146,1.6425211229268974,1.1385088853669343
83.9,3.9828921423310435,2.332909402271556,1.6499827400594875,1.143680884244807
84.0,3.9828921423310435,2.325553194701463,1.6573389476295803,1.1487798187816305
84.10000000000001,3.9828921423310435,2.3183016188849495,1.664590523446094,1.1538062281134636
84.2,3.9828921423310435,2.3111538777263787,1.6717382646046648,1.1587606647448991
84.30000000000001,3.9828921423310435,2.3041091558560836,1.67878298647496,1.1636436938471233
84.4,3.9828921423310435,2.297166620626196,1.6857255217048475,1.1684558925676578
84.5,3.9828921423310435,2.290325423088994,1.6925667192420497,1.1731978493522233
84.60000000000001,3.9828921423310435,2.283584698957243,1.6993074433738005,1.1778701632790787
84.7,3.9828921423310435,2.2769435695460367,1.7059485727850068,1.18247344340619
84.80000000000001,3.9828921423310435,2.270401142695671,1.7124909996353725,1.1870083081315408
84.9,3.9828921423310435,2.2639565136752102,1.7189356286558333,1.191475384566828
85.0,3.9828921423310435,2.257608766066353,1.7252833762646906,1.1958753079248134
85.10000000000001,3.9828921423310435,2.2513569726273412,1.7315351697037022,1.2002087209205077
85.2,3.9828921423310435,2.2452001961366497,1.7376919461943938,1.2044762731863683
85.30000000000001,3.9828921423310435,2.2391374902162364,1.743754652114807,1.2086786207016667
85.4,3.9828921423310435,2.233167900134222,1.7497242421968213,1.2128164252361135
85.5,3.9828921423310435,2.2272904635868387,1.7556016787442048,1.2168903538078524
85.60000000000001,3.9828921423310435,2.221504211459584,1.7613879308714595,1.220901078155868
85.7,3.9828921423310435,2.2158081685675293,1.7670839737635142,1.2248492742268442
85.80000000000001,3.9828921423310435,2.210201354374748,1.7726907879562956,1.2287356216764942
85.9,3.9828921423310435,2.2046827836929097,1.7782093586381338,1.232560803385331
86.0,3.9828921423310435,2.1992514673590557,1.7836406749719877,1.236325504988871
86.10000000000001,3.9828921423310435,2.1939064128926615,1.788985729438382,1.2400304144221916
86.2,3.9828921423310435,2.1886466251320784,1.794245517198965,1.2436762214787835
86.30000000000001,3.9828921423310435,2.1834711068504773,1.7994210354805662,1.2472636173836118
86.4,3.9828921423310435,2.178378859351471,1.8045132829795727,1.2507932943802615
86.5,3.9828921423310435,2.1733688830445685,1.809523259286475,1.254265945332063
86.60000000000001,3.9828921423310435,2.1684401780006834,1.81445196433036,1.2576822633370435
86.7,3.9828921423310435,2.1635917444879036,1.81930039784314,1.2610429413565591
86.80000000000001,3.9828921423310435,2.1588225834877495,1.824069558843294,1.2643486718574524
86.9,3.9828921423310435,2.154131697192207,1.8287604451388364,1.267600146467535
87.0,3.9828921423310435,2.149518089481767,1.8333740528492766,1.2707980556442362
87.10000000000001,3.9828921423310435,2.1449807663847835,1.83791137594626,1.2739430883561997
87.2,3.9828921423310435,2.140518736518437,1.8423734058126064,1.277035931777632
87.30000000000001,3.9828921423310435,2.1361310115116052,1.8467611308194383,1.28007727099519
87.4,3.9828921423310435,2.1318166064099797,1.8510755359210638,1.283067788727175
87.5,3.9828921423310435,2.1275745400637303,1.8553176022673132,1.286008165054826
87.60000000000001,3.9828921423310435,2.1234038354980838,1.8594883068329597,1.2888990771654525
87.7,3.9828921423310435,2.1193035202671346,1.8635886220639089,1.2917411991071919
87.80000000000001,3.9828921423310435,2.1152726267912536,1.8676195155397899,1.2945352015551364
87.9,3.9828921423310435,2.111310192678451,1.8715819496525925,1.29728175158858
88.0,3.9828921423310435,2.1074152610300403,1.8754768813010032,1.2999815124791496
88.10000000000001,3.9828921423310435,2.103586880730983,1.8793052616000603,1.3026351434895522
88.2,3.9828921423310435,2.099824106725272,1.8830680356057714,1.305243299682695
88.30000000000001,3.9828921423310435,2.0961260002767172,1.8867661420543262,1.3078066317409214
88.4,3.9828921423310435,2.092491629215522,1.8904005131155217,1.3103257857950978
88.5,3.9828921423310435,2.0889200681709896,1.8939720741600539,1.3128014032633128
88.60000000000001,3.9828921423310435,2.0854103987907657,1.8974817435402778,1.3152341206989127
88.7,3.9828921423310435,2.0819617099469565,1.900930432384087,1.3176245696476276
88.80000000000001,3.9828921423310435,2.078573097929504,1.9043190444015394,1.3199733765135364
88.9,3.9828921423310435,2.0752436666271885,1.907648475703855,1.3222811624336044
89.0,3.9828921423310435,2.071972527696606,1.9109196146344374,1.3245485431605575
89.10000000000001,3.9828921423310435,2.0687588007195017,1.9141333416115418,1.326776128953827
89.2,3.9828921423310435,2.065601613348803,1.9172905289822406,1.3289645244783261
89.30000000000001,3.9828921423310435,2.0625001014437077,1.9203920408873358,1.331114328710816
89.4,3.9828921423310435,2.0594534091941914,1.923438733136852,1.333226134853602
89.5,3.9828921423310435,2.056460689235253,1.9264314530957907,1.3353005302553458
89.60000000000001,3.9828921423310435,2.053521102751275,1.9293710395797685,1.3373380963387271
89.7,3.9828921423310435,2.050633819570799,1.9322583227602443,1.339339408534752
89.80000000000001,3.9828921423310435,2.0477980182520796,1.9350941240789639,1.3413050362234507
89.9,3.9828921423310435,2.045012886159715,1.9378792561713283,1.34323554268076
90.0,3.9828921423310435,2.0422776195326997,1.9406145227983438,1.3451314850313556
90.10000000000001,3.9828921423310435,2.039591423544194,1.9433007187868494,1.3469934142072197
90.2,3.9828921423310435,2.0369535123533313,1.9459386299777122,1.3488218749117338
90.30000000000001,3.9828921423310435,2.0343631091493597,1.9485290331816838,1.3506174055890803
90.4,3.9828921423310435,2.0318194461884236,1.95107269614262,1.3523805383987477
90.5,3.9828921423310435,2.0293217648232584,1.953570377507785,1.3541117991949492
90.60000000000001,3.9828921423310435,2.0268693155261013,1.9560228268049422,1.3558117075107399
90.7,3.9828921423310435,2.0244613579050874,1.958430784425956,1.3574807765466534
90.80000000000001,3.9828921423310435,2.022097160714399,1.9607949816166443,1.3591195131636669
90.9,3.9828921423310435,2.019776001858441,1.9631161404726023,1.3607284178803059
91.0,3.9828921423310435,2.017497168390293,1.9653949739407506,1.3623079848737183
91.10000000000001,3.9828921423310435,2.015259956504696,1.9676321858263477,1.3638587019845352
91.2,3.9828921423310435,2.0130636715258174,1.969828470805226,1.365381050725351
91.30000000000001,3.9828921423310435,2.0109076278900306,1.9719845144410129,1.3668755062926607
91.4,3.9828921423310435,2.0087911491239447,1.9741009932070988,1.3683425375820881
91.5,3.9828921423310435,2.006713567817908,1.9761785745131353,1.3697826072067514
91.60000000000001,3.9828921423310435,2.00467422559521,1.9782179167358334,1.3711961715186114
91.7,3.9828921423310435,2.0026724730771877,1.9802196692538558,1.3725836806326575
91.80000000000001,3.9828921423310435,2.0007076698444473,1.9821844724865962,1.3739455784537866
91.9,3.9828921423310435,1.9987791843944085,1.984112957936635,1.375282302706232
92.0,3.9828921423310435,1.9968863940953518,1.9860057482356916,1.3765942849654142
92.10000000000001,3.9828921423310435,1.9950286851371692,1.9878634571938743,1.3778819506920794
92.2,3.9828921423310435,1.9932054524790024,1.9896866898520411,1.3791457192685925
92.30000000000001,3.9828921423310435,1.9914160997939323,1.9914760425371112,1.3803860040372762
92.4,3.9828921423310435,1.9896600394109085,1.993232102920135,1.3816032123406623
92.5,3.9828921423310435,1.987936692254069,1.9949554500769744,1.3827977455635514
92.60000000000001,3.9828921423310435,1.9862454877796196,1.9966466545514239,1.3839699991767664
92.7,3.9828921423310435,1.9845858639104277,1.9983062784206158,1.3851203627824868
92.80000000000001,3.9828921423310435,1.982957266968469,1.9999348753625745,1.386249220161074
92.9,3.9828921423310435,1.981359151605289,2.0015329907257544,1.387356949319272
93.0,3.9828921423310435,1.979790980730598,2.0031011616004455,1.3884439225397
93.10000000000001,3.9828921423310435,1.978252225439149,2.0046399168918945,1.3895105064315396
93.2,3.9828921423310435,1.976742364936023,2.0061497773950205,1.3905570619823204
93.30000000000001,3.9828921423310435,1.9752608864604393,2.007631255870604,1.3915839446107314
93.4,3.9828921423310435,1.9738072852082187,2.009084857122825,1.3925915042203665
93.5,3.9828921423310435,1.9723810642530077,2.0105110780780358,1.3935800852543265
93.60000000000001,3.9828921423310435,1.9709817344663834,2.01191040786466,1.3945500267505988
93.7,3.9828921423310435,1.9696088144369321,2.0132833278941114,1.395501662398147
93.80000000000001,3.9828921423310435,1.9682618303884118,2.0146303119426316,1.3964353205936382
93.9,3.9828921423310435,1.9669403160970962,2.0159518262339473,1.3973513244987332
94.0,3.9828921423310435,1.9656438128083917,2.0172483295226518,1.3982499920978855
94.10000000000001,3.9828921423310435,1.9643718691528105,2.018520273178233,1.3991316362565827
94.2,3.9828921423310435,1.963124041061405,2.0197681012696385,1.399996564779964
94.30000000000001,3.9828921423310435,1.9618998916807184,2.020992250650325,1.4008450804717711
94.4,3.9828921423310435,1.960698991287356,2.0221931510436875,1.4016774811935635
94.5,3.9828921423310435,1.9595209172022323,2.023371225128811,1.4024940599241578
94.60000000000001,3.9828921423310435,1.9583652537045793,2.0245268886264642,1.4032951048192321
94.7,3.9828921423310435,1.9572315919457743,2.025660550385269,1.4040808992710563
94.80000000000001,3.9828921423310435,1.9561195298630634,2.02677261246798,1.404851721968295
94.9,3.9828921423310435,1.95502867209323,2.0278634702378135,1.405607846955847
95.0,3.9828921423310435,1.9539586298862748,2.0289335124447687,1.406349543694678
95.10000000000001,3.9828921423310435,1.9529090210191682,2.0299831213118753,1.4070770771216037
95.2,3.9828921423310435,1.951879469709716,2.0310126726213276,1.4077907077089924
95.30000000000001,3.9828921423310435,1.9508696065306022,2.0320225358004413,1.4084906915243465
95.4,3.9828921423310435,1.949879068323645,2.0330130740073984,1.4091772802897355
95.5,3.9828921423310435,1.9489074981143228,2.0339846442167206,1.4098507214410434
95.60000000000001,3.9828921423310435,1.9479545450266076,2.034937597304436,1.410511258186999
95.7,3.9828921423310435,1.947019864198146,2.0358722781328975,1.4111591295679706
95.80000000000001,3.9828921423310435,1.9461031166958267,2.036789025635217,1.4117945705144888
95.9,3.9828921423310435,1.9452039694317786,2.037688172899265,1.4124178119054718
96.0,3.9828921423310435,1.9443220950798192,2.0385700472512243,1.4130290806261405
96.10000000000001,3.9828921423310435,1.9434571719924003,2.039434970338643,1.4136285996255862
96.2,3.9828921423310435,1.9426088841180733,2.04028325821297,1.4142165879739792
96.30000000000001,3.9828921423310435,1.9417769209195015,2.041115221411542,1.4147932609193987
96.4,3.9828921423310435,1.9409609772920526,2.041931165038991,1.4153588299442608
96.5,3.9828921423310435,1.9401607534829948,2.0427313888480487,1.4159135028213263
96.60000000000001,3.9828921423310435,1.9393759550113083,2.043516187319735,1.4164574836692834
96.7,3.9828921423310435,1.9386062925881573,2.044285849742886,1.4169909730078736
96.80000000000001,3.9828921423310435,1.937851482038016,2.0450406602930276,1.417514167812561
96.9,3.9828921423310435,1.9371112442204867,2.0457808981105567,1.418027261568725
97.0,3.9828921423310435,1.936385304952823,2.0465068373782205,1.418530444325364
97.10000000000001,3.9828921423310435,1.9356733949331613,2.0472187473978822,1.419023902748305
97.2,3.9828921423310435,1.934975249664499,2.0479168926665445,1.4195078201728994
97.30000000000001,3.9828921423310435,1.9342906093794117,2.048601532951632,1.4199823766562054
97.4,3.9828921423310435,1.9336192189655286,2.049272923365515,1.4204477490286436
97.5,3.9828921423310435,1.9329608278917796,2.049931314439264,1.4209041109451184
97.60000000000001,3.9828921423310435,1.9323151901354247,2.0505769521956188,1.4213516329355989
97.7,3.9828921423310435,1.9316820641098698,2.0512100782211737,1.4217904824551515
97.80000000000001,3.9828921423310435,1.9310612125932751,2.0518309297377684,1.4222208239334253
97.9,3.9828921423310435,1.930452402657978,2.0524397396730656,1.4226428188235736
98.0,3.9828921423310435,1.929855405600713,2.0530367367303306,1.4230566256506194
98.10000000000001,3.9828921423310435,1.9292699968736535,2.05362214545739,1.4234624000592557
98.2,3.9828921423310435,1.9286959560162749,2.0541961863147686,1.423860294861074
98.30000000000001,3.9828921423310435,1.92813306658803,2.0547590757430134,1.424250460081229
98.4,3.9828921423310435,1.9275811161018641,2.0553110262291794,1.4246330430045235
98.5,3.9828921423310435,1.927039895958544,2.0558522463724995,1.425008188220928
98.60000000000001,3.9828921423310435,1.926509201381823,2.0563829409492205,1.4253760376705207
98.7,3.9828921423310435,1.9259888313544393,2.056903310976604,1.4257367306878495
98.80000000000001,3.9828921423310435,1.9254785885549328,2.0574135537761107,1.4260904040457285
98.9,3.9828921423310435,1.9249782792953019,2.0579138630357416,1.4264371919984498
99.0,3.9828921423310435,1.9244877134594796,2.058404428871564,1.426777226324429
99.10000000000001,3.9828921423310435,1.9240067044426485,2.058885437888395,1.4271106363682693
99.2,3.9828921423310435,1.923535069091367,2.0593570732396764,1.4274375490822624
99.30000000000001,3.9828921423310435,1.9230726276445247,2.059819514686519,1.4277580890673154
99.4,3.9828921423310435,1.9226192036751204,2.060272938655923,1.4280723786133063
99.5,3.9828921423310435,1.9221746240328454,2.060717518298198,1.4283805377388834
99.60000000000001,3.9828921423310435,1.921738718787494,2.0611534235435496,1.4286826842306901
99.7,3.9828921423310435,1.921311321173166,2.0615808211578774,1.4289789336820395
99.80000000000001,3.9828921423310435,1.9208922675332865,2.061999874797757,1.4292693995310255
99.9,3.9828921423310435,1.920481397266415,2.0624107450646285,1.4295541930980833
100.0,3.9828921423310435,1.9200785527728543,2.062813589558189,1.429833423622999
