t,memory+external,channel,causal-boundary,thermodynamic,Cacc,active_bottleneck
0.0,5.0,4.597774639159028,5.199997437513112,4.89999908229332,4.597774639159028,channel
0.1,5.0,4.597729797285307,5.1999973726435185,4.899999063754421,4.597729797285307,channel
0.2,5.0,4.59768405416157,5.199997306131747,4.899999044841011,4.59768405416157,channel
0.30000000000000004,5.0,4.597637391769005,5.199997237936226,4.899999025545526,4.597637391769005,channel
0.4,5.0,4.597589791732408,5.199997168014331,4.899999005860247,4.597589791732408,channel
0.5,5.0,4.597541235313289,5.19999709632236,4.899998985777298,4.597541235313289,channel
0.6000000000000001,5.0,4.597491703402862,5.199997022815501,4.899998965288647,4.597491703402862,channel
0.7000000000000001,5.0,4.597441176514885,5.199996947447813,4.899998944386099,4.597441176514885,channel
0.8,5.0,4.597389634778394,5.199996870172187,4.8999989230612915,4.597389634778394,channel
0.9,5.0,4.597337057930283,5.199996790940324,4.899998901305694,4.597337057930283,channel
1.0,5.0,4.597283425307762,5.199996709702703,4.899998879110605,4.597283425307762,channel
1.1,5.0,4.59722871584067,5.199996626408548,4.899998856467146,4.59722871584067,channel
1.2000000000000002,5.0,4.597172908043653,5.199996541005797,4.899998833366259,4.597172908043653,channel
1.3,5.0,4.597115980008199,5.199996453441071,4.899998809798704,4.597115980008199,channel
1.4000000000000001,5.0,4.5970579093945245,5.199996363659641,4.899998785755052,4.5970579093945245,channel
1.5,5.0,4.596998673423328,5.199996271605389,4.899998761225687,4.596998673423328,channel
1.6,5.0,4.5969382488673745,5.199996177220781,4.899998736200796,4.5969382488673745,channel
1.7000000000000002,5.0,4.59687661204295,5.199996080446822,4.89999871067037,4.59687661204295,channel
1.8,5.0,4.596813738801147,5.199995981223027,4.899998684624196,4.596813738801147,channel
1.9000000000000001,5.0,4.596749604519011,5.199995879487378,4.899998658051853,4.596749604519011,channel
2.0,5.0,4.596684184090507,5.199995775176288,4.899998630942715,4.596684184090507,channel
2.1,5.0,4.596617451917349,5.19999566822456,4.899998603285936,4.596617451917349,channel
2.2,5.0,4.596549381899652,5.1999955585653455,4.8999985750704536,4.596549381899652,channel
2.3000000000000003,5.0,4.596479947426427,5.199995446130105,4.899998546284981,4.596479947426427,channel
2.4000000000000004,5.0,4.596409121365905,5.199995330848564,4.8999985169180045,4.596409121365905,channel
2.5,5.0,4.596336876055693,5.199995212648669,4.8999984869577755,4.596336876055693,channel
2.6,5.0,4.596263183292759,5.1999950914565405,4.899998456392311,4.596263183292759,channel
2.7,5.0,4.596188014323241,5.199994967196432,4.899998425209383,4.596188014323241,channel
2.8000000000000003,5.0,4.5961113398320785,5.199994839790676,4.89999839339652,4.5961113398320785,channel
2.9000000000000004,5.0,4.596033129932473,5.199994709159644,4.8999983609409945,4.596033129932473,channel
3.0,5.0,4.595953354155153,5.199994575221686,4.899998327829825,4.595953354155153,channel
3.1,5.0,4.595871981437466,5.1999944378930865,4.899998294049766,4.595871981437466,channel
3.2,5.0,4.595788980112284,5.199994297088014,4.899998259587305,4.595788980112284,channel
3.3000000000000003,5.0,4.595704317896713,5.199994152718462,4.899998224428657,4.595704317896713,channel
3.4000000000000004,5.0,4.595617961880617,5.199994004694195,4.899998188559758,4.595617961880617,channel
3.5,5.0,4.595529878514949,5.199993852922694,4.89999815196626,4.595529878514949,channel
3.6,5.0,4.59544003359988,5.1999936973091,4.899998114633526,4.59544003359988,channel
3.7,5.0,4.59534839227274,5.19999353775615,4.899998076546621,4.59534839227274,channel
3.8000000000000003,5.0,4.595254918995746,5.199993374164119,4.8999980376903105,4.595254918995746,channel
3.9000000000000004,5.0,4.595159577543536,5.199993206430761,4.899997998049052,4.595159577543536,channel
4.0,5.0,4.595062330990494,5.199993034451236,4.899997957606987,4.595062330990494,channel
4.1000000000000005,5.0,4.5949631416978685,5.199992858118054,4.899997916347941,4.5949631416978685,channel
4.2,5.0,4.594861971300679,5.199992677321004,4.899997874255407,4.594861971300679,channel
4.3,5.0,4.594758780694409,5.199992491947082,4.8999978313125485,4.594758780694409,channel
4.4,5.0,4.5946535300214935,5.199992301880427,4.899997787502188,4.5946535300214935,channel
4.5,5.0,4.594546178657574,5.1999921070022435,4.899997742806801,4.594546178657574,channel
4.6000000000000005,5.0,4.594436685197549,5.199991907190728,4.899997697208509,4.594436685197549,channel
4.7,5.0,4.594325007441397,5.199991702320993,4.8999976506890714,4.594325007441397,channel
4.800000000000001,5.0,4.594211102379773,5.199991492264994,4.89999760322988,4.594211102379773,channel
4.9,5.0,4.594094926179385,5.199991276891439,4.899997554811952,4.594094926179385,channel
5.0,5.0,4.593976434168144,5.199991056065718,4.899997505415917,4.593976434168144,channel
5.1000000000000005,5.0,4.593855580820075,5.199990829649809,4.899997455022019,4.593855580820075,channel
5.2,5.0,4.593732319740014,5.1999905975021985,4.899997403610098,4.593732319740014,channel
5.300000000000001,5.0,4.59360660364805,5.199990359477789,4.8999973511595885,4.59360660364805,channel
5.4,5.0,4.593478384363752,5.199990115427813,4.899997297649511,4.593478384363752,channel
5.5,5.0,4.593347612790146,5.199989865199733,4.89999724305846,4.593347612790146,channel
5.6000000000000005,5.0,4.593214238897463,5.1999896086371535,4.899997187364599,4.593214238897463,channel
5.7,5.0,4.593078211706642,5.199989345579718,4.899997130545649,4.593078211706642,channel
5.800000000000001,5.0,4.59293947927259,5.199989075863012,4.899997072578882,4.59293947927259,channel
5.9,5.0,4.592797988667205,5.199988799318459,4.899997013441112,4.592797988667205,channel
6.0,5.0,4.592653685962156,5.199988515773213,4.8999969531086816,4.592653685962156,channel
6.1000000000000005,5.0,4.592506516211409,5.1999882250500535,4.899996891557458,4.592506516211409,channel
6.2,5.0,4.59235642343352,5.199987926967276,4.89999682876282,4.59235642343352,channel
6.300000000000001,5.0,4.5922033505936675,5.199987621338574,4.899996764699648,4.5922033505936675,channel
6.4,5.0,4.592047239585453,5.1999873079729255,4.899996699342317,4.592047239585453,channel
6.5,5.0,4.591888031212437,5.199986986674472,4.899996632664684,4.591888031212437,channel
6.6000000000000005,5.0,4.591725665169441,5.199986657242399,4.899996564640077,4.591725665169441,channel
6.7,5.0,4.591560080023591,5.199986319470808,4.899996495241283,4.591560080023591,channel
6.800000000000001,5.0,4.591391213195117,5.1999859731485865,4.899996424440546,4.591391213195117,channel
6.9,5.0,4.591219000937904,5.199985618059281,4.899996352209541,4.591219000937904,channel
7.0,5.0,4.591043378319786,5.199985253980955,4.899996278519377,4.591043378319786,channel
7.1000000000000005,5.0,4.590864279202606,5.199984880686057,4.899996203340577,4.590864279202606,channel
7.2,5.0,4.590681636222017,5.199984497941275,4.899996126643067,4.590681636222017,channel
7.300000000000001,5.0,4.590495380767039,5.199984105507388,4.89999604839617,4.590495380767039,channel
7.4,5.0,4.590305442959372,5.199983703139125,4.899995968568585,4.590305442959372,channel
7.5,5.0,4.590111751632466,5.199983290585,4.89999588712838,4.590111751632466,channel
7.6000000000000005,5.0,4.589914234310341,5.199982867587165,4.899995804042978,4.589914234310341,channel
7.7,5.0,4.589712817186176,5.199982433881243,4.899995719279144,4.589712817186176,channel
7.800000000000001,5.0,4.58950742510065,5.199981989196167,4.899995632802972,4.58950742510065,channel
7.9,5.0,4.589297981520051,5.199981533254006,4.8999955445798715,4.589297981520051,channel
8.0,5.0,4.589084408514153,5.199981065769793,4.899995454574551,4.589084408514153,channel
8.1,5.0,4.588866626733854,5.199980586451351,4.8999953627510076,4.588866626733854,channel
8.200000000000001,5.0,4.588644555388595,5.199980094999103,4.8999952690725115,4.588644555388595,channel
8.3,5.0,4.588418112223552,5.199979591105891,4.8999951735015905,4.588418112223552,channel
8.4,5.0,4.5881872134966075,5.199979074456782,4.899995076000015,4.5881872134966075,channel
8.5,5.0,4.587951773955101,5.199978544728869,4.899994976528784,4.587951773955101,channel
8.6,5.0,4.587711706812384,5.199978001591073,4.899994875048107,4.587711706812384,channel
8.700000000000001,5.0,4.58746692372415,5.199977444703933,4.899994771517392,4.58746692372415,channel
8.8,5.0,4.587217334764578,5.199976873719397,4.899994665895225,4.587217334764578,channel
8.9,5.0,4.58696284840228,5.1999762882806,4.899994558139356,4.58696284840228,channel
9.0,5.0,4.586703371476054,5.199975688021646,4.899994448206682,4.586703371476054,channel
9.1,5.0,4.586438809170466,5.199975072567376,4.899994336053229,4.586438809170466,channel
9.200000000000001,5.0,4.586169064991251,5.1999744415331355,4.899994221634135,4.586169064991251,channel
9.3,5.0,4.5858940407405555,5.199973794524531,4.89999410490363,4.5858940407405555,channel
9.4,5.0,4.585613636492018,5.199973131137188,4.899993985815023,4.585613636492018,channel
9.5,5.0,4.585327750565702,5.199972450956495,4.899993864320676,4.585327750565702,channel
9.600000000000001,5.0,4.585036279502906,5.199971753557347,4.89999374037199,4.585036279502906,channel
9.700000000000001,5.0,4.584739118040819,5.199971038503875,4.899993613919385,4.584739118040819,channel
9.8,5.0,4.584436159087085,5.199970305349182,4.8999934849122795,4.584436159087085,channel
9.9,5.0,4.584127293694249,5.199969553635054,4.8999933532990685,4.584127293694249,channel
10.0,5.0,4.583812411034117,5.1999687828916805,4.899993219027107,4.583812411034117,channel
10.100000000000001,5.0,4.583491398372031,5.199967992637361,4.899993082042683,4.583491398372031,channel
10.200000000000001,5.0,4.58316414104108,5.199967182378197,4.8999929422910045,4.58316414104108,channel
10.3,5.0,4.582830522416267,5.199966351607793,4.899992799716167,4.582830522416267,channel
10.4,5.0,4.582490423888626,5.199965499806934,4.899992654261141,4.582490423888626,channel
10.5,5.0,4.58214372483933,5.199964626443261,4.899992505867743,4.58214372483933,channel
10.600000000000001,5.0,4.5817903026137925,5.199963730970942,4.899992354476615,4.5817903026137925,channel
10.700000000000001,5.0,4.581430032495784,5.199962812830327,4.899992200027199,4.581430032495784,channel
10.8,5.0,4.581062787681578,5.1999618714476,4.899992042457715,4.581062787681578,channel
10.9,5.0,4.580688439254157,5.199960906234423,4.899991881705132,4.580688439254157,channel
11.0,5.0,4.580306856157482,5.199959916587565,4.8999917177051495,4.580306856157482,channel
11.100000000000001,5.0,4.579917905170871,5.199958901888524,4.8999915503921665,4.579917905170871,channel
11.200000000000001,5.0,4.579521450883476,5.199957861503146,4.899991379699256,4.579521450883476,channel
11.3,5.0,4.57911735566892,5.199956794781223,4.89999120555814,4.57911735566892,channel
11.4,5.0,4.578705479660084,5.199955701056091,4.899991027899161,4.578705479660084,channel
11.5,5.0,4.578285680724098,5.19995457964421,4.899990846651254,4.578285680724098,channel
11.600000000000001,5.0,4.577857814437534,5.19995342984474,4.89999066174192,4.577857814437534,channel
11.700000000000001,5.0,4.5774217340618675,5.199952250939102,4.8999904730971915,4.5774217340618675,channel
11.8,5.0,4.576977290519193,5.199951042190528,4.899990280641612,4.576977290519193,channel
11.9,5.0,4.576524332368255,5.199949802843603,4.899990084298198,4.576524332368255,channel
12.0,5.0,4.576062705780821,5.19994853212379,4.899989883988409,4.576062705780821,channel
12.100000000000001,5.0,4.575592254518413,5.199947229236949,4.899989679632123,4.575592254518413,channel
12.200000000000001,5.0,4.575112819909458,5.199945893368839,4.8999894711475935,4.575112819909458,channel
12.3,5.0,4.574624240826871,5.199944523684612,4.899989258451427,4.574624240826871,channel
12.4,5.0,4.574126353666114,5.199943119328285,4.899989041458545,4.574126353666114,channel
12.5,5.0,4.573618992323779,5.199941679422216,4.8999888200821475,4.573618992323779,channel
12.600000000000001,5.0,4.573101988176727,5.199940203066546,4.899988594233684,4.573101988176727,channel
12.700000000000001,5.0,4.57257517006182,5.199938689338639,4.899988363822814,4.57257517006182,channel
12.8,5.0,4.572038364256299,5.199937137292511,4.899988128757372,4.572038364256299,channel
12.9,5.0,4.571491394458849,5.1999355459582315,4.899987888943332,4.571491394458849,channel
13.0,5.0,4.570934081771394,5.199933914341325,4.899987644284766,4.570934081771394,channel
13.100000000000001,5.0,4.570366244681677,5.199932241422143,4.8999873946838095,4.570366244681677,channel
13.200000000000001,5.0,4.569787699046666,5.199930526155232,4.899987140040623,4.569787699046666,channel
13.3,5.0,4.5691982580768435,5.199928767468679,4.899986880253347,4.5691982580768435,channel
13.4,5.0,4.568597732321437,5.1999269642634385,4.899986615218066,4.568597732321437,channel
13.5,5.0,4.567985929654627,5.199925115412655,4.899986344828766,4.567985929654627,channel
13.600000000000001,5.0,4.567362655262816,5.199923219760948,4.89998606897729,4.567362655262816,channel
13.700000000000001,5.0,4.56672771163299,5.199921276123699,4.899985787553296,4.56672771163299,channel
13.8,5.0,4.566080898542254,5.199919283286308,4.899985500444215,4.566080898542254,channel
13.9,5.0,4.5654220130485905,5.199917240003433,4.899985207535203,4.5654220130485905,channel
14.0,5.0,4.564750849482912,5.19991514499822,4.899984908709095,4.564750849482912,channel
14.100000000000001,5.0,4.5640671994424675,5.199912996961495,4.89998460384636,4.5640671994424675,channel
14.200000000000001,5.0,4.56337085178568,5.199910794550953,4.899984292825054,4.56337085178568,channel
14.3,5.0,4.562661592628474,5.19990853639032,4.899983975520767,4.562661592628474,channel
14.4,5.0,4.56193920534217,5.199906221068492,4.899983651806577,4.56193920534217,channel
14.5,5.0,4.561203470553022,5.19990384713865,4.899983321552999,4.561203470553022,channel
14.600000000000001,5.0,4.560454166143472,5.199901413117365,4.899982984627932,4.560454166143472,channel
14.700000000000001,5.0,4.559691067255192,5.199898917483663,4.899982640896604,4.559691067255192,channel
14.8,5.0,4.558913946294,5.1998963586780835,4.899982290221524,4.558913946294,channel
14.9,5.0,4.558122572936742,5.199893735101697,4.899981932462421,4.558122572936742,channel
15.0,5.0,4.55731671414019,5.199891045115114,4.8999815674761935,4.55731671414019,channel
15.100000000000001,5.0,4.556496134152085,5.199888287037458,4.899981195116847,4.556496134152085,channel
15.200000000000001,5.0,4.555660594524376,5.199885459145316,4.899980815235438,4.555660594524376,channel
15.3,5.0,4.554809854128759,5.1998825596716625,4.899980427680013,4.554809854128759,channel
15.4,5.0,4.553943669174617,5.199879586804759,4.899980032295554,4.553943669174617,channel
15.5,5.0,4.553061793229424,5.199876538687019,4.899979628923906,4.553061793229424,channel
15.600000000000001,5.0,4.552163977241742,5.19987341341385,4.899979217403722,4.552163977241742,channel
15.700000000000001,5.0,4.5512499695668875,5.199870209032466,4.8999787975703955,4.5512499695668875,channel
15.8,5.0,4.550319515995358,5.199866923540665,4.899978369255994,4.550319515995358,channel
15.9,5.0,4.549372359784149,5.199863554885584,4.899977932289193,4.549372359784149,channel
16.0,5.0,4.548408241691018,5.199860100962414,4.899977486495209,4.548408241691018,channel
16.1,5.0,4.5474269000118435,5.1998565596130835,4.899977031695726,4.5474269000118435,channel
16.2,5.0,4.546428070621149,5.19985292862492,4.899976567708825,4.546428070621149,channel
16.3,5.0,4.545411487015913,5.1998492057292625,4.899976094348916,4.545411487015913,channel
16.400000000000002,5.0,4.54437688036277,5.199845388600044,4.8999756114266555,4.54437688036277,channel
16.5,5.0,4.543323979548703,5.199841474852349,4.899975118748879,4.543323979548703,channel
16.6,5.0,4.542252511235343,5.199837462040913,4.899974616118517,4.542252511235343,channel
16.7,5.0,4.541162199916984,5.199833347658605,4.8999741033345225,4.541162199916984,channel
16.8,5.0,4.540052767982418,5.199829129134861,4.899973580191785,4.540052767982418,channel
16.900000000000002,5.0,4.538923935780705,5.199824803834079,4.899973046481051,4.538923935780705,channel
17.0,5.0,4.537775421690988,5.199820369053975,4.899972501988841,4.537775421690988,channel
17.1,5.0,4.536606942196464,5.199815822023896,4.899971946497362,4.536606942196464,channel
17.2,5.0,4.535418211962623,5.199811159903093,4.899971379784422,4.535418211962623,channel
17.3,5.0,4.534208943919859,5.199806379778948,4.899970801623343,4.534208943919859,channel
17.400000000000002,5.0,4.532978849350575,5.199801478665156,4.899970211782865,4.532978849350575,channel
17.5,5.0,4.531727637980881,5.1997964534998635,4.899969610027058,4.531727637980881,channel
17.6,5.0,4.530455018077006,5.199791301143757,4.899968996115225,4.530455018077006,channel
17.7,5.0,4.529160696546518,5.199786018378106,4.899968369801811,4.529160696546518,channel
17.8,5.0,4.527844379044469,5.199780601902755,4.899967730836295,4.527844379044469,channel
17.900000000000002,5.0,4.526505770084564,5.199775048334065,4.8999670789631,4.526505770084564,channel
18.0,5.0,4.52514457315547,5.199769354202801,4.899966413921485,4.52514457315547,channel
18.1,5.0,4.523760490842338,5.199763515951976,4.899965735445442,4.523760490842338,channel
18.2,5.0,4.522353224953675,5.1997575299346215,4.89996504326359,4.522353224953675,channel
18.3,5.0,4.520922476653628,5.199751392411523,4.899964337099067,4.520922476653628,channel
18.400000000000002,5.0,4.519467946599795,5.199745099548885,4.899963616669416,4.519467946599795,channel
18.5,5.0,4.517989335086629,5.199738647415937,4.899962881686477,4.517989335086629,channel
18.6,5.0,4.5164863421945585,5.19973203198249,4.899962131856269,4.5164863421945585,channel
18.7,5.0,4.514958667944857,5.199725249116417,4.899961366878873,4.514958667944857,channel
18.8,5.0,4.5134060124603765,5.199718294581086,4.8999605864483105,4.5134060124603765,channel
18.900000000000002,5.0,4.511828076132201,5.199711164032706,4.899959790252423,4.511828076132201,channel
19.0,5.0,4.510224559792283,5.199703853017633,4.899958977972746,4.510224559792283,channel
19.1,5.0,4.508595164892126,5.199696356969586,4.8999581492843856,4.508595164892126,channel
19.200000000000003,5.0,4.506939593687575,5.199688671206804,4.8999573038558815,4.506939593687575,channel
19.3,5.0,4.505257549429741,5.199680790929127,4.89995644134908,4.505257549429741,channel
19.400000000000002,5.0,4.5035487365621245,5.199672711215009,4.899955561418996,4.5035487365621245,channel
19.5,5.0,4.501812860923948,5.199664427018447,4.899954663713677,4.501812860923948,channel
19.6,5.0,4.500049629959733,5.199655933165837,4.899953747874062,4.500049629959733,channel
19.700000000000003,5.0,4.498258752935128,5.199647224352757,4.899952813533835,4.498258752935128,channel
19.8,5.0,4.496439941159005,5.199638295140657,4.899951860319284,4.496439941159005,channel
19.900000000000002,5.0,4.494592908211797,5.199629139953473,4.899950887849145,4.494592908211797,channel
20.0,5.0,4.4927173701800935,5.199619753074154,4.899949895734456,4.4927173701800935,channel
20.1,5.0,4.490813045897436,5.199610128641106,4.899948883578397,4.490813045897436,channel
20.200000000000003,5.0,4.488879657191298,5.199600260644535,4.899947850976133,4.488879657191298,channel
20.3,5.0,4.486916929136188,5.199590142922709,4.899946797514653,4.486916929136188,channel
20.400000000000002,5.0,4.4849245903128265,5.199579769158125,4.8999457227726015,4.4849245903128265,channel
20.5,5.0,4.482902373073301,5.199569132873568,4.899944626320114,4.482902373073301,channel
20.6,5.0,4.480850013812141,5.199558227428088,4.899943507718642,4.480850013812141,channel
20.700000000000003,5.0,4.478767253243174,5.199547046012862,4.899942366520781,4.478767253243174,channel
20.8,5.0,4.476653836682086,5.199535581646957,4.89994120227009,4.476653836682086,channel
20.900000000000002,5.0,4.474509514334515,5.19952382717299,4.899940014500905,4.474509514334515,channel
21.0,5.0,4.472334041589561,5.199511775252668,4.899938802738161,4.472334041589561,channel
21.1,5.0,4.470127179318533,5.1994994183622305,4.899937566497194,4.470127179318533,channel
21.200000000000003,5.0,4.467888694178756,5.199486748787765,4.8999363052835525,4.467888694178756,channel
21.3,5.0,4.4656183589222405,5.199473758620411,4.899935018592799,4.4656183589222405,channel
21.400000000000002,5.0,4.4633159527090065,5.19946043975144,4.899933705910304,4.4633159527090065,channel
21.5,5.0,4.460981261424818,5.1994467838672165,4.899932366711049,4.460981261424818,channel
21.6,5.0,4.458614078003092,5.199432782444027,4.899931000459406,4.458614078003092,channel
21.700000000000003,5.0,4.456214202750697,5.199418426742782,4.899929606608931,4.456214202750697,channel
21.8,5.0,4.453781443677373,5.199403707803586,4.899928184602144,4.453781443677373,channel
21.900000000000002,5.0,4.451315616828446,5.199388616440167,4.899926733870304,4.451315616828446,channel
22.0,5.0,4.448816546620532,5.199373143234171,4.899925253833182,4.448816546620532,channel
22.1,5.0,4.446284066179863,5.199357278529308,4.899923743898832,4.446284066179863,channel
22.200000000000003,5.0,4.443718017682895,5.199341012425357,4.899922203463351,4.443718017682895,channel
22.3,5.0,4.441118252698795,5.199324334772015,4.899920631910639,4.441118252698795,channel
22.400000000000002,5.0,4.438484632533406,5.199307235162597,4.899919028612154,4.438484632533406,channel
22.5,5.0,4.435817028574279,5.199289702927569,4.899917392926657,4.435817028574279,channel
22.6,5.0,4.433115322636316,5.199271727127931,4.899915724199959,4.433115322636316,channel
22.700000000000003,5.0,4.430379407307562,5.199253296548425,4.899914021764658,4.430379407307562,channel
22.8,5.0,4.427609186294679,5.199234399690575,4.899912284939874,4.427609186294679,channel
22.900000000000002,5.0,4.424804574767579,5.199215024765557,4.899910513030975,4.424804574767579,channel
23.0,5.0,4.421965499702723,5.199195159686881,4.899908705329299,4.421965499702723,channel
23.1,5.0,4.419091900224523,5.1991747920628955,4.899906861111871,4.419091900224523,channel
23.200000000000003,5.0,4.4161837279443175,5.199153909189109,4.899904979641117,4.4161837279443175,channel
23.3,5.0,4.413240947296328,5.199132498040311,4.899903060164564,4.413240947296328,channel
23.400000000000002,5.0,4.410263535870027,5.199110545262497,4.899901101914544,4.410263535870027,channel
23.5,5.0,4.407251484738302,5.1990880371645956,4.8998991041078845,4.407251484738302,channel
23.6,5.0,4.404204798780801,5.199064959709987,4.899897065945595,4.404204798780801,channel
23.700000000000003,5.0,4.401123497001831,5.199041298507806,4.89989498661255,4.401123497001831,channel
23.8,5.0,4.398007612842166,5.199017038804033,4.899892865277161,4.398007612842166,channel
23.900000000000002,5.0,4.394857194484105,5.198992165472359,4.8998907010910475,4.394857194484105,channel
24.0,5.0,4.3916723051491156,5.198966663004821,4.8998884931886915,4.3916723051491156,channel
24.1,5.0,4.388453023387388,5.1989405155022075,4.899886240687099,4.388453023387388,channel
24.200000000000003,5.0,4.385199443358619,5.198913706664223,4.899883942685441,4.385199443358619,channel
24.3,5.0,4.381911675103334,5.1988862197794035,4.899881598264699,4.381911675103334,channel
24.400000000000002,5.0,4.378589844804053,5.198858037714788,4.899879206487292,4.378589844804053,channel
24.5,5.0,4.375234095035606,5.198829142905323,4.899876766396706,4.375234095035606,channel
24.6,5.0,4.371844585003895,5.1987995173430095,4.899874277017112,4.371844585003895,channel
24.700000000000003,5.0,4.368421490772417,5.198769142565778,4.899871737352971,4.368421490772417,channel
24.8,5.0,4.364965005475824,5.198737999646088,4.899869146388643,4.364965005475824,channel
24.900000000000002,5.0,4.361475339519867,5.198706069179236,4.899866503087976,4.361475339519867,channel
25.0,5.0,4.357952720767004,5.198673331271384,4.899863806393893,4.357952720767004,channel
25.1,5.0,4.354397394707016,5.198639765527278,4.899861055227973,4.354397394707016,channel
25.200000000000003,5.0,4.3508096246119505,5.198605351037676,4.8998582484900135,4.3508096246119505,channel
25.3,5.0,4.347189691674745,5.198570066366447,4.8998553850576,4.347189691674745,channel
25.400000000000002,5.0,4.343537895130891,5.198533889537358,4.899852463785647,4.343537895130891,channel
25.5,5.0,4.339854552362503,5.198496798020537,4.899849483505949,4.339854552362503,channel
25.6,5.0,4.33613999898421,5.198458768718594,4.89984644302671,4.33613999898421,channel
25.700000000000003,5.0,4.332394588910258,5.198419777952392,4.899843341132067,4.332394588910258,channel
25.8,5.0,4.328618694402285,5.198379801446482,4.899840176581606,4.328618694402285,channel
25.900000000000002,5.0,4.3248127060972275,5.198338814314158,4.899836948109867,4.3248127060972275,channel
26.0,5.0,4.320977033014851,5.198296791042159,4.899833654425832,4.320977033014851,channel
26.1,5.0,4.317112102544428,5.198253705474978,4.8998302942124194,4.317112102544428,channel
26.200000000000003,5.0,4.313218360410123,5.198209530798792,4.8998268661259505,4.313218360410123,channel
26.3,5.0,4.309296270614671,5.198164239524991,4.899823368795616,4.309296270614671,channel
26.400000000000002,5.0,4.305346315360984,5.198117803473302,4.899819800822924,4.305346315360984,channel
26.5,5.0,4.301368994951349,5.19807019375449,4.899816160781151,4.301368994951349,channel
26.6,5.0,4.297364827663917,5.198021380752644,4.899812447214758,4.297364827663917,channel
26.700000000000003,5.0,4.293334349606247,5.197971334107015,4.899808658638823,4.293334349606247,channel
26.8,5.0,4.289278114545687,5.19792002269341,4.899804793538438,4.289278114545687,channel
26.900000000000002,5.0,4.285196693716444,5.19786741460513,4.899800850368111,4.285196693716444,channel
27.0,5.0,4.281090675603216,5.1978134771334386,4.899796827551141,4.281090675603216,channel
27.1,5.0,4.276960665701335,5.197758176747543,4.899792723478996,4.276960665701335,channel
27.200000000000003,5.0,4.27280728625341,5.197701479074095,4.899788536510667,4.27280728625341,channel
27.3,5.0,4.268631175962491,5.1976433488761815,4.899784264972012,4.268631175962491,channel
27.400000000000002,5.0,4.264432989681875,5.197583750031795,4.899779907155087,4.264432989681875,channel
27.5,5.0,4.260213398081669,5.197522645511788,4.899775461317469,4.260213398081669,channel
27.6,5.0,4.255973087292324,5.1974599973572815,4.899770925681553,4.255973087292324,channel
27.700000000000003,5.0,4.251712758525402,5.197395766656514,4.899766298433847,4.251712758525402,channel
27.8,5.0,4.247433127671862,5.197329913521135,4.899761577724249,4.247433127671862,channel
27.900000000000002,5.0,4.2431349248782535,5.197262397061917,4.8997567616653015,4.2431349248782535,channel
28.0,5.0,4.238818894101207,5.197193175363867,4.899751848331445,4.238818894101207,channel
28.1,5.0,4.234485792640728,5.197122205460741,4.899746835758248,4.234485792640728,channel
28.200000000000003,5.0,4.230136390652798,5.197049443308934,4.899741721941617,4.230136390652798,channel
28.3,5.0,4.225771470641867,5.196974843760731,4.899736504837007,4.225771470641867,channel
28.400000000000002,5.0,4.221391826933874,5.196898360536911,4.899731182358591,4.221391826933874,channel
28.5,5.0,4.216998265130493,5.196819946198689,4.899725752378444,4.216998265130493,channel
28.6,5.0,4.212591601545306,5.196739552118971,4.899720212725679,4.212591601545306,channel
28.700000000000003,5.0,4.208172662622726,5.196657128452916,4.899714561185589,4.208172662622726,channel
28.8,5.0,4.203742284340473,5.196572624107786,4.8997087954987615,4.203742284340473,channel
28.900000000000002,5.0,4.199301311596493,5.196485986712064,4.899702913360174,4.199301311596493,channel
29.0,5.0,4.19485059758123,5.196397162583831,4.899696912418277,4.19485059758123,channel
29.1,5.0,4.190391003136222,5.196306096698377,4.899690790274055,4.190391003136222,channel
29.200000000000003,5.0,4.185923396100009,5.196212732655031,4.899684544480067,4.185923396100009,channel
29.3,5.0,4.181448650642393,5.1961170126431995,4.899678172539474,4.181448650642393,channel
29.400000000000002,5.0,4.176967646588114,5.196018877407582,4.899671671905039,4.176967646588114,channel
29.5,5.0,4.172481268731046,5.195918266212556,4.899665039978112,4.172481268731046,channel
29.6,5.0,4.1679904061400235,5.195815116805709,4.899658274107593,4.1679904061400235,channel
29.700000000000003,5.0,4.1634959514574685,5.195709365380498,4.899651371588876,4.1634959514574685,channel
29.8,5.0,4.158998800191969,5.1956009465380175,4.899644329662767,4.158998800191969,channel
29.900000000000002,5.0,4.154499850005999,5.195489793247854,4.899637145514386,4.154499850005999,channel
30.0,5.0,4.15,5.195375836808014,4.899629816272042,4.15,channel
30.1,5.0,4.145500149994,5.195259006803894,4.89962233900609,4.145500149994,channel
30.200000000000003,5.0,4.141001199808031,5.19513923106628,4.899614710727761,4.141001199808031,channel
30.3,5.0,4.13650404854253,5.1950164356283555,4.8996069283879695,4.13650404854253,channel
30.400000000000002,5.0,4.132009593859976,5.194890544681686,4.899598988876099,4.132009593859976,channel
30.5,5.0,4.127518731268954,5.194761480531172,4.899590889018762,4.127518731268954,channel
30.6,5.0,4.123032353411885,5.194629163548937,4.899582625578531,4.123032353411885,channel
30.700000000000003,5.0,4.118551349357607,5.194493512127136,4.899574195252652,4.118551349357607,channel
30.8,5.0,4.114076603899991,5.194354442629653,4.899565594671725,4.114076603899991,channel
30.900000000000002,5.0,4.109608996863778,5.194211869342668,4.899556820398364,4.109608996863778,channel
31.0,5.0,4.105149402418769,5.194065704424077,4.899547868925821,4.105149402418769,channel
31.1,5.0,4.100698688403506,5.193915857851721,4.899538736676595,4.100698688403506,channel
31.200000000000003,5.0,4.096257715659526,5.193762237370424,4.899529420001,4.096257715659526,channel
31.3,5.0,4.091827337377274,5.193604748437794,4.8995199151757145,4.091827337377274,channel
31.400000000000002,5.0,4.087408398454694,5.193443294168774,4.8995102184022965,4.087408398454694,channel
31.5,5.0,4.083001734869507,5.19327777527891,4.899500325805668,4.083001734869507,channel
31.6,5.0,4.078608173066126,5.193108090026319,4.899490233432576,4.078608173066126,channel
31.700000000000003,5.0,4.074228529358133,5.192934134152319,4.8994799372500095,4.074228529358133,channel
31.8,5.0,4.069863609347202,5.1927558008206995,4.8994694331436,4.069863609347202,channel
31.900000000000002,5.0,4.065514207359271,5.192572980555612,4.89945871691598,4.065514207359271,channel
32.0,5.0,4.061181105898793,5.192385561178035,4.89944778428511,4.061181105898793,channel
32.1,5.0,4.056865075121746,5.192193427740814,4.899436630882573,4.056865075121746,channel
32.2,5.0,4.0525668723281365,5.191996462462209,4.899425252251836,4.0525668723281365,channel
32.300000000000004,5.0,4.048287241474598,5.191794544657964,4.899413643846477,4.048287241474598,channel
32.4,5.0,4.044026912707676,5.191587550671841,4.899401801028367,4.044026912707676,channel
32.5,5.0,4.039786601918331,5.191375353804592,4.899389719065835,4.039786601918331,channel
32.6,5.0,4.035567010318124,5.191157824241354,4.899377393131773,4.035567010318124,channel
32.7,5.0,4.031368824037508,5.190934828977424,4.899364818301723,4.031368824037508,channel
32.800000000000004,5.0,4.02719271374659,5.190706231742389,4.899351989551911,4.02719271374659,channel
32.9,5.0,4.023039334298665,5.190471892922587,4.8993389017572495,4.023039334298665,channel
33.0,5.0,4.018909324396784,5.190231669481849,4.8993255496893005,4.018909324396784,channel
33.1,5.0,4.0148033062835555,5.189985414880521,4.899311928014191,4.0148033062835555,channel
33.2,5.0,4.010721885454313,5.1897329789927085,4.899298031290492,4.010721885454313,channel
33.300000000000004,5.0,4.006665650393753,5.189474208021729,4.899283853967056,4.006665650393753,channel
33.4,5.0,4.002635172336083,5.189208944413742,4.899269390380805,4.002635172336083,channel
33.5,5.0,3.9986310050486504,5.188937026769502,4.899254634754483,3.9986310050486504,channel
33.6,5.0,3.9946536846390157,5.188658289754251,4.899239581194351,3.9946536846390157,channel
33.7,5.0,3.9907037293853294,5.188372564005665,4.8992242236878525,3.9907037293853294,channel
33.800000000000004,5.0,3.9867816395898767,5.188079676039863,4.8992085561012155,3.9867816395898767,channel
33.9,5.0,3.9828878974555715,5.187779448155437,4.899192572177017,3.9828878974555715,channel
34.0,5.0,3.979022966985149,5.18747169833546,4.899176265531696,3.979022966985149,channel
34.1,5.0,3.9751872939027724,5.187156240147459,4.899159629653016,3.9751872939027724,channel
34.2,5.0,3.971381305597715,5.186832882641319,4.899142657897475,3.971381305597715,channel
34.300000000000004,5.0,3.9676054110897416,5.186501430245075,4.899125343487668,3.9676054110897416,channel
34.4,5.0,3.963860001015789,5.186161682658581,4.899107679509596,3.963860001015789,channel
34.5,5.0,3.9601454476374967,5.185813434745015,4.899089658909913,3.9601454476374967,channel
34.6,5.0,3.956462104869109,5.185456476420199,4.899071274493134,3.956462104869109,channel
34.7,5.0,3.9528103083252546,5.18509059253969,4.899052518918767,3.9528103083252546,channel
34.800000000000004,5.0,3.9491903753880493,5.1847155627836425,4.899033384698407,3.9491903753880493,channel
34.9,5.0,3.945602605292984,5.184331161539388,4.8990138641927565,3.945602605292984,channel
35.0,5.0,3.9420472792329955,5.183937157781717,4.898993949608601,3.9420472792329955,channel
35.1,5.0,3.938524660480133,5.183533314950841,4.898973632995706,3.938524660480133,channel
35.2,5.0,3.935034994524176,5.183119390828012,4.89895290624367,3.935034994524176,channel
35.300000000000004,5.0,3.931578509227583,5.182695137408754,4.898931761078703,3.931578509227583,channel
35.4,5.0,3.928155414996104,5.182260300773724,4.898910189060346,3.928155414996104,channel
35.5,5.0,3.924765904964394,5.181814620957134,4.898888181578121,3.924765904964394,channel
35.6,5.0,3.9214101551959466,5.181357831812764,4.8988657298481195,3.9214101551959466,channel
35.7,5.0,3.9180883248966656,5.1808896608775,4.898842824909516,3.9180883248966656,channel
35.800000000000004,5.0,3.9148005566413806,5.180409829232416,4.898819457621021,3.9148005566413806,channel
35.9,5.0,3.9115469766126116,5.179918051361369,4.898795618657252,3.9115469766126116,channel
36.0,5.0,3.9083276948508843,5.179414035007092,4.898771298505042,3.9083276948508843,channel
36.1,5.0,3.9051428055158945,5.17889748102478,4.89874648745967,3.9051428055158945,channel
36.2,5.0,3.9019923871578337,5.178368083233165,4.898721175621016,3.9019923871578337,channel
36.300000000000004,5.0,3.898876502998169,5.1778255282630505,4.8986953528896375,3.898876502998169,channel
36.4,5.0,3.8957952012191988,5.17726949540333,4.898669008962777,3.8957952012191988,channel
36.5,5.0,3.8927485152616974,5.1766996564444625,4.898642133330279,3.8927485152616974,channel
36.6,5.0,3.8897364641299723,5.17611567551943,4.898614715270428,3.8897364641299723,channel
36.7,5.0,3.886759052703672,5.175517208942153,4.898586743845712,3.886759052703672,channel
36.800000000000004,5.0,3.8838162720556824,5.174903905043397,4.89855820789849,3.8838162720556824,channel
36.9,5.0,3.8809080997754766,5.174275404004161,4.89852909604658,3.8809080997754766,channel
37.0,5.0,3.8780345002972765,5.173631337686577,4.898499396678762,3.8780345002972765,channel
37.1,5.0,3.87519542523242,5.172971329462323,4.89846909795018,3.87519542523242,channel
37.2,5.0,3.8723908137053207,5.1722949940385865,4.898438187777668,3.8723908137053207,channel
37.300000000000004,5.0,3.8696205926924376,5.171601937281595,4.898406653834968,3.8696205926924376,channel
37.4,5.0,3.866884677363684,5.170891756037742,4.898374483547869,3.866884677363684,channel
37.5,5.0,3.8641829714257208,5.170164037952354,4.898341664089229,3.8641829714257208,channel
37.6,5.0,3.861515367466594,5.169418361286132,4.898308182373924,3.861515367466594,channel
37.7,5.0,3.858881747301205,5.168654294729313,4.898274025053668,3.858881747301205,channel
37.800000000000004,5.0,3.8562819823171046,5.167871397213605,4.898239178511758,3.8562819823171046,channel
37.9,5.0,3.853715933820137,5.167069217721955,4.898203628857693,3.853715933820137,channel
38.0,5.0,3.851183453379468,5.166247295096211,4.898167361921697,3.851183453379468,channel
38.1,5.0,3.848684383171553,5.165405157842749,4.898130363249137,3.848684383171553,channel
38.2,5.0,3.8462185563226265,5.1645423239361445,4.8980926180948146,3.8462185563226265,channel
38.300000000000004,5.0,3.843785797249302,5.163658300620971,4.898054111417166,3.843785797249302,channel
38.400000000000006,5.0,3.8413859219969075,5.162752584211819,4.898014827872329,3.8413859219969075,channel
38.5,5.0,3.8390187385751813,5.161824659891645,4.897974751808102,3.8390187385751813,channel
38.6,5.0,3.8366840472909933,5.1608740015085415,4.89793386725778,3.8366840472909933,channel
38.7,5.0,3.8343816410777594,5.1599000713710685,4.8978921579338754,3.8343816410777594,channel
38.800000000000004,5.0,3.832111305821244,5.1589023200422535,4.897849607221701,3.832111305821244,channel
38.900000000000006,5.0,3.8298728206814667,5.157880186132422,4.897806198172843,3.8298728206814667,channel
39.0,5.0,3.827665958410439,5.15683309609098,4.89776191349849,3.827665958410439,channel
39.1,5.0,3.825490485665485,5.1557604639973365,4.8977167355626445,3.825490485665485,channel
39.2,5.0,3.8233461633179138,5.154661691351106,4.897670646375188,3.8233461633179138,channel
39.300000000000004,5.0,3.8212327467568254,5.153536166861806,4.8976236275848155,3.8212327467568254,channel
39.400000000000006,5.0,3.819149986187859,5.152383266238214,4.897575660471832,3.819149986187859,channel
39.5,5.0,3.817097626926698,5.151202351977619,4.897526725940805,3.817097626926698,channel
39.6,5.0,3.8150754096871733,5.149992773155168,4.897476804513074,3.8150754096871733,channel
39.7,5.0,3.813083070863811,5.148753865213551,4.897425876319105,3.813083070863811,channel
39.800000000000004,5.0,3.8111203428087017,5.147484949753287,4.897373921090713,3.8111203428087017,channel
39.900000000000006,5.0,3.809186954102563,5.1461853343238495,4.897320918153106,3.809186954102563,channel
40.0,5.0,3.8072826298199063,5.144854312215939,4.897266846416798,3.8072826298199063,channel
40.1,5.0,3.8054070917882026,5.1434911622551835,4.897211684369348,3.8054070917882026,channel
40.2,5.0,3.8035600588409952,5.142095148597594,4.897155410066939,3.8035600588409952,channel
40.300000000000004,5.0,3.801741247064871,5.140665520527099,4.897098001125797,3.801741247064871,channel
40.400000000000006,5.0,3.799950370040267,5.139201512255508,4.897039434713438,3.799950370040267,channel
40.5,5.0,3.7981871390760515,5.137702342725288,4.896979687539743,3.7981871390760515,channel
40.6,5.0,3.7964512634378753,5.136167215415522,4.896918735847866,3.7964512634378753,channel
40.7,5.0,3.7947424505702587,5.134595318151481,4.896856555404949,3.7947424505702587,channel
40.800000000000004,5.0,3.7930604063124247,5.132985822918225,4.896793121492674,3.7930604063124247,channel
40.900000000000006,5.0,3.791404835107873,5.13133788567869,4.8967284088976175,3.791404835107873,channel
41.0,5.0,3.789775440207717,5.129650646196745,4.89666239190142,3.789775440207717,channel
41.1,5.0,3.7881719238677984,5.1279232278657085,4.896595044270766,3.7881719238677984,channel
41.2,5.0,3.7865939875396237,5.126154737542845,4.896526339247171,3.7865939875396237,channel
41.300000000000004,5.0,3.7850413320551435,5.124344265390397,4.896456249536563,3.7850413320551435,channel
41.400000000000006,5.0,3.7835136578054414,5.122490884723719,4.896384747298663,3.7835136578054414,channel
41.5,5.0,3.7820106649133707,5.12059365186711,4.896311804136168,3.7820106649133707,channel
41.6,5.0,3.780532053400205,5.1186516060179725,4.89623739108371,3.780532053400205,channel
41.7,5.0,3.779077523346371,5.116663769119942,4.896161478596611,3.779077523346371,channel
41.800000000000004,5.0,3.777646775046325,5.114629145745673,4.89608403653942,3.777646775046325,channel
41.900000000000006,5.0,3.776239509157662,5.1125467229899835,4.896005034174219,3.776239509157662,channel
42.0,5.0,3.77485542684453,5.11041547037409,4.895924440148714,3.77485542684453,channel
42.1,5.0,3.7734942299154355,5.108234339761701,4.895842222484086,3.7734942299154355,channel
42.2,5.0,3.772155620955531,5.106002265287765,4.895758348562619,3.772155620955531,channel
42.300000000000004,5.0,3.7708393034534815,5.103718163300691,4.895672785115073,3.7708393034534815,channel
42.400000000000006,5.0,3.7695449819229943,5.101380932318884,4.895585498207832,3.7695449819229943,channel
42.5,5.0,3.768272362019119,5.098989453002515,4.895496453229789,3.768272362019119,channel
42.6,5.0,3.7670211506494256,5.096542588141394,4.895405614878991,3.7670211506494256,channel
42.7,5.0,3.7657910560801406,5.094039182659925,4.895312947149013,3.7657910560801406,channel
42.800000000000004,5.0,3.7645817880373764,5.0914780636401105,4.895218413315091,3.7645817880373764,channel
42.900000000000006,5.0,3.7633930578035355,5.088858040363599,4.895121975919967,3.7633930578035355,channel
43.0,5.0,3.762224578309012,5.08617790437384,4.8950235967594775,3.762224578309012,channel
43.1,5.0,3.7610760642192953,5.083436429559385,4.894923236867861,3.7610760642192953,channel
43.2,5.0,3.7599472320175815,5.080632372259464,4.894820856502789,3.7599472320175815,channel
43.300000000000004,5.0,3.7588378000830156,5.0777644713929355,4.894716415130102,3.7588378000830156,channel
43.400000000000006,5.0,3.7577474887646565,5.074831448611797,4.894609871408265,3.7577474887646565,channel
43.5,5.0,3.7566760204512972,5.071832008480422,4.894501183172522,3.7566760204512972,channel
43.6,5.0,3.75562311963723,5.0687648386817425,4.894390307418748,3.75562311963723,channel
43.7,5.0,3.7545885129840872,5.065628610251628,4.894277200286999,3.7545885129840872,channel
43.800000000000004,5.0,3.7535719293788516,5.062421977842715,4.894161817044743,3.7535719293788516,channel
43.900000000000006,5.0,3.752573099988157,5.059143580018981,4.894044112069785,3.752573099988157,channel
44.0,5.0,3.751591758308982,5.055792039582382,4.893924038832851,3.751591758308982,channel
44.1,5.0,3.7506276402158507,5.0523659639328775,4.893801549879864,3.7506276402158507,channel
44.2,5.0,3.749680484004641,5.048863945463208,4.8936765968138705,3.749680484004641,channel
44.300000000000004,5.0,3.7487500304331127,5.045284561989785,4.893549130276633,3.7487500304331127,channel
44.400000000000006,5.0,3.7478360227582574,5.041626377221075,4.893419099929874,3.7478360227582574,channel
44.5,5.0,3.746938206770576,5.0378879412648905,4.893286454436171,3.746938206770576,channel
44.6,5.0,3.7460563308253825,5.034067791175968,4.893151141439491,3.7460563308253825,channel
44.7,5.0,3.74519014587124,5.030164451545263,4.89301310754536,3.74519014587124,channel
44.800000000000004,5.0,3.744339405475624,5.026176435132357,4.892872298300666,3.744339405475624,channel
44.900000000000006,5.0,3.7435038658479147,5.022102243542408,4.892728658173079,3.7435038658479147,channel
45.0,5.0,3.74268328585981,5.0179403679490155,4.892582130530096,3.74268328585981,channel
45.1,5.0,3.741877427063258,5.013689289864428,4.892432657617691,3.741877427063258,channel
45.2,5.0,3.741086053706,5.009347481958452,4.892280180538569,3.741086053706,channel
45.300000000000004,5.0,3.7403089327448082,5.0049134089274245,4.89212463923002,3.7403089327448082,channel
45.400000000000006,5.0,3.7395458338565275,5.000385528414586,4.891965972441361,3.7395458338565275,channel
45.5,5.0,3.7387965294469776,4.9957622919831515,4.891804117710967,3.7387965294469776,channel
45.6,5.0,3.7380607946578306,4.991042146143349,4.891639011342874,3.7380607946578306,channel
45.7,5.0,3.737338407371526,4.986223533434648,4.891470588382951,3.737338407371526,channel
45.800000000000004,5.0,3.7366291482143197,4.981304893564345,4.891298782594648,3.7366291482143197,channel
45.900000000000006,5.0,3.7359328005575323,4.976284664603623,4.891123526434279,3.7359328005575323,channel
46.0,5.0,3.735249150517088,4.971161284242138,4.8909447510258754,3.735249150517088,channel
46.1,5.0,3.734577986951409,4.965933191102098,4.8907623861355685,3.734577986951409,channel
46.2,5.0,3.7339191014577455,4.960598826112756,4.890576360145512,3.7339191014577455,channel
46.300000000000004,5.0,3.7332722883670098,4.955156633946087,4.8903866000273295,3.7332722883670098,channel
46.400000000000006,5.0,3.7326373447371837,4.9496050645143965,4.890193031315085,3.7326373447371837,channel
46.5,5.0,3.7320140703453726,4.943942574530437,4.889995578077761,3.7320140703453726,channel
46.6,5.0,3.7314022676785634,4.938167629130529,4.889794162891248,3.7314022676785634,channel
46.7,5.0,3.7308017419231563,4.932278703561049,4.889588706809833,3.7308017419231563,channel
46.800000000000004,5.0,3.7302123009533346,4.9262742849285015,4.8893791293371605,3.7302123009533346,channel
46.900000000000006,5.0,3.7296337553183228,4.920152874013265,4.8891653483967055,3.7296337553183228,channel
47.0,5.0,3.7290659182286054,4.913912987146918,4.888947280301692,3.7290659182286054,channel
47.1,5.0,3.728508605541151,4.907553158152917,4.888724839724498,3.728508605541151,channel
47.2,5.0,3.727961635743701,4.9010719403502,4.888497939665508,3.727961635743701,channel
47.300000000000004,5.0,3.7274248299381796,4.894467908619108,4.888266491421425,3.7274248299381796,channel
47.400000000000006,5.0,3.7268980118232724,4.887739661528805,4.888030404553018,3.7268980118232724,channel
47.5,5.0,3.726381007676221,4.88088582352521,4.887789586852312,3.726381007676221,channel
47.6,5.0,3.725873646333886,4.873905047178174,4.887543944309199,3.725873646333886,channel
47.7,5.0,3.7253757591731285,4.866796015486463,4.88729338107747,3.7253757591731285,channel
47.800000000000004,5.0,3.724887180090541,4.859557444238829,4.8870377994402645,3.724887180090541,channel
47.900000000000006,5.0,3.724407745481587,4.8521880844292244,4.886777099774912,3.724407745481587,channel
48.0,5.0,3.7239372942191795,4.844686724723945,4.886511180517177,3.7239372942191795,channel
48.1,5.0,3.723475667631745,4.837052193978222,4.886239938124889,3.723475667631745,channel
48.2,5.0,3.723022709480807,4.829283363799517,4.885963267040948,3.723022709480807,channel
48.300000000000004,5.0,3.722578265938132,4.821379151154472,4.8856810596557105,3.722578265938132,channel
48.400000000000006,5.0,3.7221421855624657,4.813338521016195,4.885393206268724,3.7221421855624657,channel
48.5,5.0,3.7217143192759026,4.805160489048249,4.885099595049829,3.7217143192759026,channel
48.6,5.0,3.7212945203399155,4.796844124321419,4.884800111999602,3.7212945203399155,channel
48.7,5.0,3.7208826443310796,4.788388552059038,4.884494640909135,3.7208826443310796,channel
48.800000000000004,5.0,3.7204785491165238,4.779792956406304,4.8841830633191545,3.7204785491165238,channel
48.900000000000006,5.0,3.720082094829129,4.771056583218758,4.883865258478455,3.720082094829129,channel
49.0,5.0,3.719693143842518,4.762178742864744,4.883541103301649,3.719693143842518,channel
49.1,5.0,3.7193115607458433,4.7531588130363795,4.883210472326231,3.7193115607458433,channel
49.2,5.0,3.718937212318422,4.743996241563249,4.88287323766893,3.718937212318422,channel
49.300000000000004,5.0,3.718569967504216,4.734690549222736,4.882529268981366,3.718569967504216,channel
49.400000000000006,5.0,3.718209697386207,4.7252413325405955,4.882178433404979,3.718209697386207,channel
49.5,5.0,3.7178562751606696,4.715648266575091,4.881820595525248,3.7178562751606696,channel
49.6,5.0,3.717509576111374,4.705911107677727,4.881455617325167,3.717509576111374,channel
49.7,5.0,3.7171694775837327,4.696029696223354,4.881083358137992,3.7171694775837327,channel
49.800000000000004,5.0,3.716835858958919,4.68600395930214,4.8807036745992445,3.716835858958919,channel
49.900000000000006,5.0,3.716508601627969,4.675833913365677,4.880316420597952,3.716508601627969,channel
50.0,5.0,3.7161875889658824,4.665519666819259,4.8799214472271455,3.7161875889658824,channel
50.1,5.0,3.715872706305751,4.655061422552173,4.879518602733586,3.715872706305751,channel
50.2,5.0,3.715563840912915,4.644459480397642,4.879107732466714,3.715563840912915,channel
50.300000000000004,5.0,3.715260881959181,4.633714239513918,4.878688678826834,3.715260881959181,channel
50.400000000000006,5.0,3.7149637204970936,4.622826200677866,4.878261281212506,3.7149637204970936,channel
50.5,5.0,3.714672249434297,4.611795968482308,4.877825375967155,3.714672249434297,channel
50.6,5.0,3.7143863635079826,4.600624253428283,4.87738079632488,3.7143863635079826,channel
50.7,5.0,3.714105959259444,4.589311873903366,4.876927372355476,3.714105959259444,channel
50.800000000000004,5.0,3.7138309350087484,4.577859758037169,4.876464930908633,3.7138309350087484,channel
50.900000000000006,5.0,3.713561190829534,4.566268945425156,4.875993295557351,3.713561190829534,channel
51.0,5.0,3.713296628523946,4.554540588712012,4.875512286540521,3.713296628523946,channel
51.1,5.0,3.71303715159772,4.54267595502587,4.875021720704699,3.71303715159772,channel
51.2,5.0,3.712782665235422,4.530676427254871,4.874521411445067,3.712782665235422,channel
51.300000000000004,5.0,3.7125330762758506,4.518543505157703,4.874011168645561,3.7125330762758506,channel
51.400000000000006,5.0,3.712288293187616,4.506278806300009,4.873490798618177,3.712288293187616,channel
51.5,5.0,3.7120482260448986,4.493884066808827,4.872960104041457,3.7120482260448986,channel
51.6,5.0,3.7118127865033927,4.481361141937535,4.872418883898136,3.7118127865033927,channel
51.7,5.0,3.7115818877764473,4.468712006434156,4.87186693341197,3.7115818877764473,channel
51.800000000000004,5.0,3.7113554446114048,4.45593875470627,4.871304043983725,3.7113554446114048,channel
51.900000000000006,5.0,3.7111333732661462,4.4430436007762335,4.870730003126346,3.7111333732661462,channel
52.0,5.0,3.710915591485847,4.430028878020943,4.870144594399288,3.710915591485847,channel
52.1,5.0,3.7107020184799486,4.416897038690851,4.869547597342022,3.7107020184799486,channel
52.2,5.0,3.71049257489935,4.403650653203599,4.868938787406725,3.71049257489935,channel
52.300000000000004,5.0,3.7102871828138237,4.390292409208198,4.868317935890131,3.7102871828138237,channel
52.400000000000006,5.0,3.7100857656896586,4.376825110416396,4.867684809864575,3.7100857656896586,channel
52.5,5.0,3.709888248367534,4.36325167519853,4.867039172108221,3.709888248367534,channel
52.6,5.0,3.7096945570406277,4.349575134941909,4.866380781034472,3.7096945570406277,channel
52.7,5.0,3.709504619232961,4.335798632170562,4.865709390620588,3.709504619232961,channel
52.800000000000004,5.0,3.7093183637779825,4.321925418425921,4.865024750335501,3.7093183637779825,channel
52.900000000000006,5.0,3.7091357207973936,4.307958851908879,4.8643266050668394,3.7091357207973936,channel
53.0,5.0,3.708956621680214,4.2939023948844515,4.863614695047177,3.708956621680214,channel
53.1,5.0,3.708780999062096,4.279759610851166,4.862888755779513,3.708780999062096,channel
53.2,5.0,3.7086087868048825,4.265534161478133,4.862148517961984,3.7086087868048825,channel
53.300000000000004,5.0,3.708439919976409,4.251229803313622,4.8613937074118425,3.708439919976409,channel
53.400000000000006,5.0,3.708274334830559,4.236850384269884,4.8606240449886915,3.708274334830559,channel
53.5,5.0,3.708111968787563,4.222399839889768,4.859839246517006,3.708111968787563,channel
53.6,5.0,3.707952760414547,4.207882189401592,4.859039022707948,3.707952760414547,channel
53.7,5.0,3.707796649406332,4.193301531569583,4.858223079080499,3.707796649406332,channel
53.800000000000004,5.0,3.70764357656648,4.178662040347981,4.857391115881927,3.70764357656648,channel
53.900000000000006,5.0,3.707493483788591,4.163967960347795,4.8565428280075995,3.707493483788591,channel
54.0,5.0,3.707346314037844,4.1492236021259155,4.8556779049201815,3.707346314037844,channel
54.1,5.0,3.707202011332795,4.134433337307088,4.854796030568222,3.707202011332795,channel
54.2,5.0,3.7070605207274103,4.119601593549946,4.853896883304174,3.7070605207274103,channel
54.300000000000004,5.0,3.7069217882933576,4.104732849368989,4.852980135801855,3.7069217882933576,channel
54.400000000000006,5.0,3.706785761102536,4.0898316288249985,4.852045454973393,3.706785761102536,channel
54.5,5.0,3.706652387209854,4.074902496097015,4.851092501885677,3.706652387209854,channel
54.6,5.0,3.7065216156362486,4.059950049949456,4.850120931676355,3.7065216156362486,channel
54.7,5.0,3.7063933963519498,4.044978918108484,4.849130393469398,3.7063933963519498,channel
54.800000000000004,5.0,3.706267680259986,4.029993751562104,4.848120530290284,3.706267680259986,channel
54.900000000000006,5.0,3.7061444191799247,4.014999218798824,4.847090978980832,3.7061444191799247,channel
55.0,5.0,3.7060235658318565,4.0,4.846041370113726,3.7060235658318565,channel
55.1,5.0,3.705905073820615,3.9850007812011747,4.84497132790677,3.705905073820615,channel
55.2,5.0,3.705788897620227,3.970006248437895,4.843880470136937,3.705788897620227,channel
55.300000000000004,5.0,3.7056749925586026,3.955021081891515,4.8427684080542255,3.7056749925586026,channel
55.400000000000006,5.0,3.70556331480245,3.9400499500505433,4.841634746295421,3.70556331480245,channel
55.5,5.0,3.705453821342426,3.925097503902985,4.840479082797768,3.705453821342426,channel
55.6,5.0,3.7053464699785064,3.9101683711750006,4.839301008712644,3.7053464699785064,channel
55.7,5.0,3.7052412193055906,3.8952671506310104,4.838100108319281,3.7052412193055906,channel
55.800000000000004,5.0,3.7051380286993214,3.8803984064500523,4.836875958938595,3.7051380286993214,channel
55.900000000000006,5.0,3.705036858302131,3.8655666626929115,4.83562813084719,3.705036858302131,channel
56.0,5.0,3.7049376690095057,3.8507763978740845,4.8343561871916085,3.7049376690095057,channel
56.1,5.0,3.704840422456464,3.8360320396522045,4.833059683902904,3.704840422456464,channel
56.2,5.0,3.704745081004254,3.821337959652018,4.831738169611588,3.704745081004254,channel
56.300000000000004,5.0,3.7046516077272598,3.806698468430416,4.830391185563068,3.7046516077272598,channel
56.400000000000006,5.0,3.7045599664001196,3.7921178105984072,4.829018265533617,3.7045599664001196,channel
56.5,5.0,3.7044701214850515,3.7776001601102327,4.827618935746993,3.7044701214850515,channel
56.6,5.0,3.704382038119383,3.763149615730115,4.826192714791782,3.704382038119383,channel
56.7,5.0,3.704295682103287,3.7487701966863773,4.824739113539561,3.704295682103287,channel
56.800000000000004,5.0,3.704211019887716,3.7344658385218668,4.823257635063977,3.704211019887716,channel
56.900000000000006,5.0,3.7041280185625336,3.7202403891488327,4.821747774560851,3.7041280185625336,channel
57.0,5.0,3.7040466458448473,3.706097605115549,4.820209019269403,3.7040466458448473,channel
57.1,5.0,3.703966870067527,3.692041148091121,4.818640848394711,3.692041148091121,causal-boundary
57.2,5.0,3.703888660167921,3.678074581574078,4.817042733031531,3.678074581574078,causal-boundary
57.300000000000004,5.0,3.7038119856767593,3.6642013678294374,4.815414136089572,3.6642013678294374,causal-boundary
57.400000000000006,5.0,3.7037368167072406,3.65042486505809,4.81375451222038,3.65042486505809,causal-boundary
57.5,5.0,3.7036631239443065,3.63674832480147,4.812063307745931,3.63674832480147,causal-boundary
57.6,5.0,3.7035908786340945,3.623174889583603,4.810339960589092,3.623174889583603,causal-boundary
57.7,5.0,3.7035200525735728,3.6097075907918015,4.8085839002060675,3.6097075907918015,causal-boundary
57.800000000000004,5.0,3.703450618100348,3.5963493467964005,4.806794547520998,3.5963493467964005,causal-boundary
57.900000000000006,5.0,3.7033825480826508,3.583102961309148,4.804971314862831,3.583102961309148,causal-boundary
58.0,5.0,3.7033158159094923,3.569971121979057,4.803113605904649,3.569971121979057,causal-boundary
58.1,5.0,3.7032503954809886,3.556956399223766,4.801220815605592,3.556956399223766,causal-boundary
58.2,5.0,3.703186261198852,3.5440612452937295,4.799292330155553,3.5440612452937295,causal-boundary
58.300000000000004,5.0,3.70312338795705,3.5312879935658428,4.797327526922812,3.5312879935658428,causal-boundary
58.400000000000006,5.0,3.703061751132626,3.518638858062464,4.79532577440479,3.518638858062464,causal-boundary
58.5,5.0,3.703001326576672,3.5061159331911727,4.793286432182092,3.5061159331911727,causal-boundary
58.6,5.0,3.702942090605475,3.49372119369999,4.791208850876055,3.49372119369999,causal-boundary
58.7,5.0,3.7028840199918016,3.4814564948422957,4.789092372109969,3.4814564948422957,causal-boundary
58.800000000000004,5.0,3.7028270919563466,3.469323572745128,4.786936328474183,3.469323572745128,causal-boundary
58.900000000000006,5.0,3.7027712841593297,3.4573240449741296,4.7847400434953045,3.4573240449741296,causal-boundary
59.0,5.0,3.7027165746922375,3.445459411287988,4.782502831609707,3.445459411287988,causal-boundary
59.1,5.0,3.7026629420697166,3.433731054574843,4.780223998141559,3.433731054574843,causal-boundary
59.2,5.0,3.702610365221606,3.42214024196283,4.777902839285601,3.42214024196283,causal-boundary
59.300000000000004,5.0,3.7025588234851146,3.410688126096633,4.775538642094912,3.410688126096633,causal-boundary
59.400000000000006,5.0,3.7025082965971383,3.399375746571717,4.773130684473899,3.399375746571717,causal-boundary
59.5,5.0,3.70245876468671,3.388204031517692,4.770678235176742,3.388204031517692,causal-boundary
59.6,5.0,3.702410208267592,3.377173799322133,4.768180553811576,3.377173799322133,causal-boundary
59.7,5.0,3.7023626082309944,3.366285760486081,4.76563689085064,3.366285760486081,causal-boundary
59.800000000000004,5.0,3.7023159458384294,3.355540519602357,4.763046487646669,3.355540519602357,causal-boundary
59.900000000000006,5.0,3.7022702027146925,3.344938577447827,4.760408576455806,3.344938577447827,causal-boundary
60.0,5.0,3.702225360840971,3.3344803331807413,4.7577223804673,3.3344803331807413,causal-boundary
60.1,5.0,3.7021814025480766,3.3241660866343223,4.754987113840285,3.3241660866343223,causal-boundary
60.2,5.0,3.7021383105098007,3.3139960406978592,4.752201981747921,3.3139960406978592,causal-boundary
60.300000000000004,5.0,3.7020960677363925,3.3039703037766457,4.749366180429201,3.3039703037766457,causal-boundary
60.400000000000006,5.0,3.7020546575681528,3.2940888923222733,4.746478897248725,3.2940888923222733,causal-boundary
60.5,5.0,3.702014063669149,3.2843517334249093,4.743539310764747,3.2843517334249093,causal-boundary
60.6,5.0,3.7019742700210383,3.2747586674594036,4.740546590805809,3.2747586674594036,causal-boundary
60.7,5.0,3.7019352609170104,3.2653094507772633,4.737499898556292,3.2653094507772633,causal-boundary
60.800000000000004,5.0,3.701897020955839,3.2560037584367505,4.734398386651197,3.2560037584367505,causal-boundary
60.900000000000006,5.0,3.701859535036041,3.2468411869636196,4.731241199280498,3.2468411869636196,causal-boundary
61.0,5.0,3.701822788350145,3.237821257135255,4.728027472303394,3.237821257135255,causal-boundary
61.1,5.0,3.701786766379065,3.2289434167812407,4.724756333372811,3.2289434167812407,causal-boundary
61.2,5.0,3.701751454886577,3.220207043593695,4.721426902070496,3.220207043593695,causal-boundary
61.300000000000004,5.0,3.7017168399139004,3.211611447940961,4.718038290053044,3.211611447940961,causal-boundary
61.400000000000006,5.0,3.701682907774376,3.20315587567858,4.7145896012092345,3.20315587567858,causal-boundary
61.5,5.0,3.701649645048244,3.194839510951751,4.711079931829011,3.194839510951751,causal-boundary
61.6,5.0,3.701617038577521,3.1866614789838046,4.7075083707844785,3.1866614789838046,causal-boundary
61.7,5.0,3.7015850754609696,3.178620848845527,4.703873999723283,3.178620848845527,causal-boundary
61.800000000000004,5.0,3.7015537430491636,3.1707166362004826,4.700175893274729,3.1707166362004826,causal-boundary
61.900000000000006,5.0,3.7015230289396417,3.1629478060217777,4.696413119269017,3.1629478060217777,causal-boundary
62.0,5.0,3.701492920972157,3.1553132752760544,4.69258473896996,3.1553132752760544,causal-boundary
62.1,5.0,3.70146340722401,3.1478119155707747,4.688689807321549,3.1478119155707747,causal-boundary
62.2,5.0,3.701434476005473,3.1404425557611706,4.684727373208746,3.1404425557611706,causal-boundary
62.300000000000004,5.0,3.7014061158552964,3.133203984513537,4.680696479732865,3.133203984513537,causal-boundary
62.400000000000006,5.0,3.701378315536303,3.1260949528218256,4.676596164501916,3.1260949528218256,causal-boundary
62.5,5.0,3.7013510640310634,3.1191141764747905,4.67242545993627,3.1191141764747905,causal-boundary
62.6,5.0,3.701324350537651,3.1122603384711947,4.668183393590021,3.1122603384711947,causal-boundary
62.7,5.0,3.7012981644654785,3.1055320913808915,4.663868988488394,3.1055320913808915,causal-boundary
62.800000000000004,5.0,3.7012724954312146,3.098928059649799,4.659481263481563,3.098928059649799,causal-boundary
62.900000000000006,5.0,3.7012473332547744,3.092446841847083,4.655019233615216,3.092446841847083,causal-boundary
63.0,5.0,3.701222667955386,3.086087012853082,4.650481910518233,3.086087012853082,causal-boundary
63.1,5.0,3.7011984897477346,3.0798471259867344,4.645868302807793,3.0798471259867344,causal-boundary
63.2,5.0,3.7011747890381743,3.0737257150714976,4.64117741651225,3.0737257150714976,causal-boundary
63.300000000000004,5.0,3.7011515564210167,3.067721296438951,4.636408255512096,3.067721296438951,causal-boundary
63.400000000000006,5.0,3.7011287826748873,3.06183237086947,4.631559821999316,3.06183237086947,causal-boundary
63.5,5.0,3.70110645875915,3.0560574254695627,4.626631116955432,3.0560574254695627,causal-boundary
63.6,5.0,3.7010845758104014,3.050394935485603,4.6216211406485295,3.050394935485603,causal-boundary
63.7,5.0,3.7010631251390316,3.0448433660539123,4.616528893149522,3.0448433660539123,causal-boundary
63.800000000000004,5.0,3.701042098225849,3.039401173887244,4.611353374867922,3.039401173887244,causal-boundary
63.900000000000006,5.0,3.7010214867187705,3.0340668088979017,4.606093587107338,3.0340668088979017,causal-boundary
64.0,5.0,3.7010012824295746,3.0288387157578627,4.600748532640945,3.0288387157578627,causal-boundary
64.10000000000001,5.0,3.700981477330715,3.023715335396376,4.59531721630709,3.023715335396376,causal-boundary
64.2,5.0,3.700962063552198,3.018695106435654,4.589798645625251,3.018695106435654,causal-boundary
64.3,5.0,3.7009430333785156,3.0137764665653517,4.584191831432471,3.0137764665653517,causal-boundary
64.4,5.0,3.7009243792456408,3.0089578538566504,4.578495788540415,3.0089578538566504,causal-boundary
64.5,5.0,3.700906093738077,3.0042377080168485,4.572709536413162,3.0042377080168485,causal-boundary
64.60000000000001,5.0,3.7008881695859692,2.9996144715854127,4.566832099865777,2.9996144715854127,causal-boundary
64.7,5.0,3.7008705996622613,2.9950865910725746,4.560862509783763,2.9950865910725746,causal-boundary
64.8,5.0,3.700853376979919,2.990652518041548,4.554799803863351,2.990652518041548,causal-boundary
64.9,5.0,3.7008364946891956,2.9863107101355717,4.548643027372658,2.9863107101355717,causal-boundary
65.0,5.0,3.7008199460749607,2.982059632050984,4.542391233933648,2.982059632050984,causal-boundary
65.10000000000001,5.0,3.700803724554069,2.977897756457591,4.536043486324789,2.977897756457591,causal-boundary
65.2,5.0,3.7007878236727865,2.9738235648676423,4.529598857304328,2.9738235648676423,causal-boundary
65.3,5.0,3.7007722371042684,2.9698355484547374,4.5230564304539636,2.9698355484547374,causal-boundary
65.4,5.0,3.7007569586460782,2.965932208824032,4.5164153010427555,2.965932208824032,causal-boundary
65.5,5.0,3.7007419822177585,2.9621120587351095,4.5096745769110065,2.9621120587351095,causal-boundary
65.60000000000001,5.0,3.700727301858451,2.958373622778925,4.502833379373803,2.958373622778925,causal-boundary
65.7,5.0,3.7007129117245556,2.954715438010215,4.495890844143916,2.954715438010215,causal-boundary
65.8,5.0,3.700698806087444,2.9511360545367915,4.488846122273621,2.9511360545367915,causal-boundary
65.9,5.0,3.700684979331207,2.9476340360671225,4.4816983811150495,2.9476340360671225,causal-boundary
66.0,5.0,3.7006714259504534,2.944207960417618,4.474446805298537,2.944207960417618,causal-boundary
66.10000000000001,5.0,3.7006581405481476,2.9408564199810185,4.467090597728443,2.9408564199810185,causal-boundary
66.2,5.0,3.70064511783349,2.9375780221572847,4.459628980595853,2.9375780221572847,causal-boundary
66.3,5.0,3.700632352619838,2.934371389748372,4.4520611964074694,2.934371389748372,causal-boundary
66.4,5.0,3.700619839822666,2.931235161318258,4.444386509030022,2.931235161318258,causal-boundary
66.5,5.0,3.7006075744575697,2.928167991519578,4.436604204749396,2.928167991519578,causal-boundary
66.60000000000001,5.0,3.7005955516383016,2.9251685513882024,4.428713593343642,2.9251685513882024,causal-boundary
66.7,5.0,3.7005837665748507,2.9222355286070645,4.420714009168993,2.9222355286070645,causal-boundary
66.8,5.0,3.700572214571556,2.9193676277405363,4.4126048122579125,2.9193676277405363,causal-boundary
66.9,5.0,3.700560891025259,2.9165635704406143,4.404385389428156,2.9165635704406143,causal-boundary
67.0,5.0,3.7005497914234913,2.9138220956261596,4.396055155401774,2.9138220956261596,causal-boundary
67.10000000000001,5.0,3.7005389113426927,2.9111419596364008,4.387613553932876,2.9111419596364008,causal-boundary
67.2,5.0,3.700528246446473,2.90852193635989,4.379060058942985,2.90852193635989,causal-boundary
67.3,5.0,3.7005177924839,2.9059608173400746,4.370394175662651,2.9059608173400746,causal-boundary
67.4,5.0,3.7005075452878233,2.9034574118586067,4.361615441778019,2.9034574118586067,causal-boundary
67.5,5.0,3.7004975007732313,2.901010546997485,4.352723428580931,2.901010546997485,causal-boundary
67.60000000000001,5.0,3.70048765493564,2.898619067681116,4.343717742121052,2.898619067681116,causal-boundary
67.7,5.0,3.7004780038495095,2.8962818366993095,4.334598024358542,2.8962818366993095,causal-boundary
67.8,5.0,3.7004685436667,2.8939977347122343,4.325363954315598,2.8939977347122343,causal-boundary
67.9,5.0,3.7004592706149464,2.891765660238299,4.316015249225266,2.891765660238299,causal-boundary
68.0,5.0,3.7004501809963717,2.8895845296259104,4.306551665675745,2.8895845296259104,causal-boundary
68.10000000000001,5.0,3.700441271186026,2.887453277010016,4.2969730007484115,2.887453277010016,causal-boundary
68.2,5.0,3.700432537630453,2.8853708542543264,4.287279093147725,2.8853708542543264,causal-boundary
68.3,5.0,3.7004239768462868,2.883336230880058,4.277469824321094,2.883336230880058,causal-boundary
68.4,5.0,3.700415585418872,2.8813483939820275,4.267545119566758,2.8813483939820275,causal-boundary
68.5,5.0,3.7004073600009164,2.87940634813289,4.257504949127676,2.87940634813289,causal-boundary
68.60000000000001,5.0,3.700399297311167,2.877509115276281,4.247349329269337,2.877509115276281,causal-boundary
68.7,5.0,3.700391394133109,2.8756557346096034,4.2370783233394365,2.8756557346096034,causal-boundary
68.8,5.0,3.7003836473136955,2.873845262457155,4.226692042807221,2.873845262457155,causal-boundary
68.9,5.0,3.700376053762099,2.872076772134291,4.216190648280351,2.872076772134291,causal-boundary
69.0,5.0,3.7003686104484874,2.870349353803255,4.205574350497053,2.870349353803255,causal-boundary
69.10000000000001,5.0,3.7003613144028247,2.8686621143213102,4.194843411291293,2.8686621143213102,causal-boundary
69.2,5.0,3.700354162713694,2.8670141770817748,4.183998144528731,2.8670141770817748,causal-boundary
69.3,5.0,3.7003471525271454,2.8654046818485184,4.173038917011115,2.8654046818485184,causal-boundary
69.4,5.0,3.7003402810455643,2.8638327845844778,4.161966149346844,2.8638327845844778,causal-boundary
69.5,5.0,3.700333545526564,2.8622976572747123,4.150780316785353,2.8622976572747123,causal-boundary
69.60000000000001,5.0,3.7003269432818966,2.860798487744492,4.139481950012986,2.860798487744492,causal-boundary
69.7,5.0,3.700320471676389,2.8593344794729014,4.128071635908057,2.8593344794729014,causal-boundary
69.8,5.0,3.700314128126899,2.857904851402406,4.116550018252747,2.857904851402406,causal-boundary
69.9,5.0,3.7003079101012886,2.856508837744817,4.104917798399556,2.856508837744817,causal-boundary
70.0,5.0,3.70030181511742,2.8551456877840615,4.093175735890015,2.8551456877840615,causal-boundary
70.10000000000001,5.0,3.7002958407421733,2.85381466567615,4.081324649023388,2.85381466567615,causal-boundary
70.2,5.0,3.700289984590478,2.8525150502467134,4.069365415373169,2.8525150502467134,causal-boundary
70.3,5.0,3.7002842443243704,2.851246134786449,4.057298972249152,2.851246134786449,causal-boundary
70.4,5.0,3.70027861765206,2.850007226844833,4.0451263171029685,2.850007226844833,causal-boundary
70.5,5.0,3.700273102327026,2.848797648022381,4.032848507875013,2.848797648022381,causal-boundary
70.60000000000001,5.0,3.7002676961471215,2.847616733761786,4.020466663280702,2.847616733761786,causal-boundary
70.7,5.0,3.7002623969536996,2.846463833138194,4.007981963034195,2.846463833138194,causal-boundary
70.8,5.0,3.700257202630758,2.8453383086488935,3.9953956480076167,2.8453383086488935,causal-boundary
70.9,5.0,3.7002521111040956,2.8442395360026635,3.982709020324091,2.8442395360026635,causal-boundary
71.0,5.0,3.7002471203404914,2.8431669039090197,3.9699234433828376,2.8431669039090197,causal-boundary
71.10000000000001,5.0,3.7002422283468954,2.842119813867578,3.9570403418147606,2.842119813867578,causal-boundary
71.2,5.0,3.7002374331696357,2.841097679957746,3.9440612013670764,2.841097679957746,causal-boundary
71.3,5.0,3.7002327328936446,2.8400999286289315,3.9309875687155698,2.8400999286289315,causal-boundary
71.4,5.0,3.700228125641695,2.839125998491458,3.9178210512032807,2.839125998491458,causal-boundary
71.5,5.0,3.700223609573656,2.8381753401083554,3.9045633165044986,2.8381753401083554,causal-boundary
71.60000000000001,5.0,3.7002191828857587,2.8372474157881813,3.8912160922130568,2.8372474157881813,causal-boundary
71.7,5.0,3.7002148438098836,2.8363416993790294,3.877781165354156,2.8363416993790294,causal-boundary
71.8,5.0,3.7002105906128526,2.835457676063855,3.8642603818189585,2.835457676063855,causal-boundary
71.9,5.0,3.700206421595743,2.83459484215725,3.8506556457214804,2.83459484215725,causal-boundary
72.0,5.0,3.70020233509321,2.833752704903789,3.8369689186773863,2.833752704903789,causal-boundary
72.10000000000001,5.0,3.7001983294728253,2.832930782278045,3.8232022190044503,2.832930782278045,causal-boundary
72.2,5.0,3.700194403134427,2.8321286027863954,3.8093576208446986,2.8321286027863954,causal-boundary
72.3,5.0,3.7001905545094833,2.8313457052706874,3.7954372532083056,2.8313457052706874,causal-boundary
72.4,5.0,3.7001867820604684,2.8305816387138676,3.7814432989395863,2.8305816387138676,causal-boundary
72.5,5.0,3.70018308428025,2.829835962047646,3.767377993605564,2.829835962047646,causal-boundary
72.60000000000001,5.0,3.70017945969149,2.829108243962258,3.753243624307746,2.829108243962258,causal-boundary
72.7,5.0,3.700175906846057,2.828398062718405,3.7390425284180058,2.828398062718405,causal-boundary
72.8,5.0,3.700172424324449,2.827705005961413,3.7247770922395436,2.827705005961413,causal-boundary
72.9,5.0,3.7001690107352285,2.8270286705376777,3.7104497495941784,2.8270286705376777,causal-boundary
73.0,5.0,3.700165664714467,2.8263686623134237,3.696062980337356,2.8263686623134237,causal-boundary
73.10000000000001,5.0,3.700162384925206,2.8257245959958395,3.6816193088024267,2.8257245959958395,causal-boundary
73.2,5.0,3.7001591700569203,2.8250960949566033,3.667121302175995,2.8250960949566033,causal-boundary
73.3,5.0,3.7001560188249973,2.824482791057847,3.6525715688062226,2.824482791057847,causal-boundary
73.4,5.0,3.7001529299702276,2.82388432448057,3.6379727564462474,2.82388432448057,causal-boundary
73.5,5.0,3.7001499022582998,2.8233003435555375,3.6233275504349773,2.8233003435555375,causal-boundary
73.60000000000001,5.0,3.7001469344793114,2.8227305045966706,3.608638671817686,2.8227305045966706,causal-boundary
73.7,5.0,3.700144025447286,2.822174471736949,3.5939088754090873,2.822174471736949,causal-boundary
73.8,5.0,3.7001411739997003,2.821631916766835,3.579140947801579,2.821631916766835,causal-boundary
73.9,5.0,3.7001383789970217,2.8211025189752195,3.564337705321644,2.8211025189752195,causal-boundary
74.0,5.0,3.7001356393222538,2.8205859649929086,3.5495019919374338,2.8205859649929086,causal-boundary
74.10000000000001,5.0,3.700132953880491,2.820081948638631,3.534636677120739,2.820081948638631,causal-boundary
74.2,5.0,3.7001303215984827,2.8195901707675834,3.519744653666697,2.8195901707675834,causal-boundary
74.3,5.0,3.700127741424205,2.8191103391225,3.504828835474644,2.8191103391225,causal-boundary
74.4,5.0,3.700125212326441,2.8186421681872362,3.4898921552937145,2.8186421681872362,causal-boundary
74.5,5.0,3.700122733294372,2.8181853790428657,3.4749375624368204,2.8181853790428657,causal-boundary
74.60000000000001,5.0,3.7001203033371706,2.8177396992262764,3.4599680204667442,2.8177396992262764,causal-boundary
74.7,5.0,3.7001179214836095,2.817304862591245,3.44498650485823,2.817304862591245,causal-boundary
74.8,5.0,3.700115586781672,2.8168806091719882,3.429996000639897,2.8168806091719882,causal-boundary
74.9,5.0,3.7001132982981733,2.8164666850491584,3.414999500019998,2.8164666850491584,causal-boundary
75.0,5.0,3.700111055118388,2.816062842218283,3.4000000000000004,2.816062842218283,causal-boundary
75.10000000000001,5.0,3.7001088563456848,2.815668838460612,3.3850004999799994,2.815668838460612,causal-boundary
75.2,5.0,3.7001067011011703,2.8152844372163566,3.370003999360103,2.8152844372163566,causal-boundary
75.3,5.0,3.7001045885233377,2.8149094074603105,3.3550134951417707,2.8149094074603105,causal-boundary
75.4,5.0,3.7001025177677223,2.814543523579802,3.340031979533254,2.814543523579802,causal-boundary
75.5,5.0,3.7001004880065667,2.814186565254985,3.3250624375631803,2.814186565254985,causal-boundary
75.60000000000001,5.0,3.7000984984284884,2.81383831734142,3.3101078447062835,2.81383831734142,causal-boundary
75.7,5.0,3.7000965482381583,2.8134985697549255,3.2951711645253563,2.8134985697549255,causal-boundary
75.8,5.0,3.7000946366559804,2.813167117358681,3.2802553463333033,2.813167117358681,causal-boundary
75.9,5.0,3.7000927629177838,2.8128437598525404,3.265363322879259,2.8128437598525404,causal-boundary
76.0,5.0,3.700090926274517,2.81252830166454,3.250498008062566,2.81252830166454,causal-boundary
76.10000000000001,5.0,3.700089125991948,2.8122205518445624,3.2356622946783546,2.8122205518445624,causal-boundary
76.2,5.0,3.7000873613503718,2.8119203239601367,3.2208590521984206,2.8119203239601367,causal-boundary
76.3,5.0,3.7000856316443236,2.8116274359943354,3.2060911245909134,2.8116274359943354,causal-boundary
76.4,5.0,3.7000839361822964,2.811341710245749,3.191361328182312,2.811341710245749,causal-boundary
76.5,5.0,3.7000822742864674,2.8110629732304977,3.176672449565023,2.8110629732304977,causal-boundary
76.60000000000001,5.0,3.700080645292423,2.8107910555862587,3.1620272435537506,2.8107910555862587,causal-boundary
76.7,5.0,3.7000790485488984,2.8105257919782702,3.1474284311937772,2.8105257919782702,causal-boundary
76.80000000000001,5.0,3.7000774834175147,2.8102670210072915,3.132878697824003,2.8102670210072915,causal-boundary
76.9,5.0,3.700075949272526,2.8100145851194793,3.118380691197571,2.8100145851194793,causal-boundary
77.0,5.0,3.7000744455005665,2.8097683305181502,3.103937019662644,2.8097683305181502,causal-boundary
77.10000000000001,5.0,3.70007297150041,2.8095281070774125,3.08955025040582,2.8095281070774125,causal-boundary
77.2,5.0,3.7000715266827258,2.8092937682576102,3.0752229077604563,2.8092937682576102,causal-boundary
77.30000000000001,5.0,3.700070110469846,2.8090651710225765,3.0609574715819923,2.8090651710225765,causal-boundary
77.4,5.0,3.7000687222955344,2.808842175758646,3.046756375692252,2.808842175758646,causal-boundary
77.5,5.0,3.7000673616047597,2.8086246461954083,3.032622006394436,2.8086246461954083,causal-boundary
77.60000000000001,5.0,3.7000660278534743,2.8084124493281593,3.0185567010604126,2.8084124493281593,causal-boundary
77.7,5.0,3.7000647205083967,2.808205455342036,3.004562746791695,2.808205455342036,causal-boundary
77.80000000000001,5.0,3.7000634390468,2.808003537537792,2.9906423791552994,2.808003537537792,causal-boundary
77.9,5.0,3.7000621829563016,2.807806572259186,2.976797780995548,2.807806572259186,causal-boundary
78.0,5.0,3.700060951734658,2.807614438821964,2.963031081322614,2.807614438821964,causal-boundary
78.10000000000001,5.0,3.700059744889567,2.807427019444388,2.9493443542785176,2.807427019444388,causal-boundary
78.2,5.0,3.7000585619384685,2.8072441991793,2.9357396181810422,2.8072441991793,causal-boundary
78.30000000000001,5.0,3.7000574024083535,2.807065865847681,2.922218834645842,2.807065865847681,causal-boundary
78.4,5.0,3.700056265835573,2.806891909973681,2.9087839077869413,2.806891909973681,causal-boundary
78.5,5.0,3.700055151765655,2.8067222247210903,2.8954366834955017,2.8067222247210903,causal-boundary
78.60000000000001,5.0,3.700054059753123,2.806556705831226,2.8821789487967178,2.806556705831226,causal-boundary
78.7,5.0,3.7000529893613154,2.806395251562206,2.869012431284431,2.806395251562206,causal-boundary
78.80000000000001,5.0,3.700051940162215,2.8062377626295754,2.855938798632922,2.8062377626295754,causal-boundary
78.9,5.0,3.700050911736274,2.806084142148279,2.842959658185238,2.806084142148279,causal-boundary
79.0,5.0,3.7000499036722507,2.805934295575923,2.8300765566171626,2.805934295575923,causal-boundary
79.10000000000001,5.0,3.70004891556704,2.8057881306573322,2.817290979675908,2.8057881306573322,causal-boundary
79.2,5.0,3.700047947025518,2.805645557370347,2.8046043519923836,2.8046043519923836,thermodynamic
79.30000000000001,5.0,3.70004699766038,2.8055064878728637,2.792018036965804,2.792018036965804,thermodynamic
79.4,5.0,3.7000460670919875,2.805370836451063,2.7795333367192967,2.7795333367192967,thermodynamic
79.5,5.0,3.7000451549482154,2.8052385194688285,2.7671514921249885,2.7671514921249885,thermodynamic
79.60000000000001,5.0,3.7000442608643063,2.805109455318314,2.7548736828970295,2.7548736828970295,thermodynamic
79.7,5.0,3.7000433844827203,2.804983564371644,2.742701027750848,2.742701027750848,thermodynamic
79.80000000000001,5.0,3.700042525452996,2.8048607689337195,2.7306345846268294,2.7306345846268294,thermodynamic
79.9,5.0,3.7000416834316088,2.804740993196106,2.7186753509766106,2.7186753509766106,thermodynamic
80.0,5.0,3.7000408580818323,2.8046241631919857,2.7068242641099856,2.7068242641099856,thermodynamic
80.10000000000001,5.0,3.7000400490736074,2.8045102067521457,2.6950822016004428,2.6950822016004428,thermodynamic
80.2,5.0,3.7000392560834072,2.8043990534619825,2.6834499817472532,2.6834499817472532,thermodynamic
80.30000000000001,5.0,3.700038478794109,2.804290634619502,2.6719283640919413,2.6719283640919413,thermodynamic
80.4,5.0,3.700037716894867,2.8041848831942913,2.660518049987013,2.660518049987013,thermodynamic
80.5,5.0,3.7000369700809883,2.804081733787444,2.649219683214647,2.649219683214647,thermodynamic
80.60000000000001,5.0,3.700036238053813,2.8039811225924187,2.6380338506531547,2.6380338506531547,thermodynamic
80.7,5.0,3.700035520520591,2.803882987356801,2.626961082988885,2.626961082988885,thermodynamic
80.80000000000001,5.0,3.7000348171943678,2.803787267344969,2.6160018554712674,2.6160018554712674,thermodynamic
80.9,5.0,3.7000341277938706,2.8036939033016233,2.6051565887087054,2.6051565887087054,thermodynamic
81.0,5.0,3.700033452043393,2.8036028374161686,2.594425649502947,2.594425649502947,thermodynamic
81.10000000000001,5.0,3.7000327896726857,2.803514013287936,2.5838093517196477,2.5838093517196477,thermodynamic
81.2,5.0,3.7000321404168517,2.803427375892214,2.573307957192779,2.573307957192779,thermodynamic
81.30000000000001,5.0,3.700031504016235,2.8033428715470836,2.5629216766605625,2.5629216766605625,thermodynamic
81.4,5.0,3.7000308802163215,2.803260447881029,2.5526506707306615,2.5526506707306615,thermodynamic
81.5,5.0,3.7000302687676347,2.8031800538013116,2.5424950508723243,2.5424950508723243,thermodynamic
81.60000000000001,5.0,3.700029669425637,2.8031016394630894,2.532454880433241,2.532454880433241,thermodynamic
81.7,5.0,3.700029081950631,2.8030251562392694,2.5225301756789067,2.5225301756789067,thermodynamic
81.80000000000001,5.0,3.700028506107665,2.8029505566910653,2.512720906852274,2.512720906852274,thermodynamic
81.9,5.0,3.700027941666439,2.8028777945392584,2.5030269992515874,2.5030269992515874,thermodynamic
82.0,5.0,3.7000273884012107,2.802806824636133,2.493448334324255,2.493448334324255,thermodynamic
82.10000000000001,5.0,3.700026846090708,2.802737602938083,2.4839847507747326,2.4839847507747326,thermodynamic
82.2,5.0,3.700026314518038,2.8026700864788645,2.4746360456844023,2.4746360456844023,thermodynamic
82.30000000000001,5.0,3.700025793470603,2.802604233343486,2.4654019756414574,2.4654019756414574,thermodynamic
82.4,5.0,3.700025282740013,2.802540002642718,2.4562822578789465,2.4562822578789465,thermodynamic
82.5,5.0,3.7000247821220036,2.8024773544882113,2.447276571419069,2.447276571419069,thermodynamic
82.60000000000001,5.0,3.700024291416354,2.8024162499682053,2.43838455822198,2.43838455822198,thermodynamic
82.7,5.0,3.7000238104268086,2.802356651123819,2.42960582433735,2.42960582433735,thermodynamic
82.80000000000001,5.0,3.700023338960995,2.8022985209259046,2.420939941057014,2.420939941057014,thermodynamic
82.9,5.0,3.7000228768303507,2.802241823252457,2.412386446067123,2.412386446067123,thermodynamic
83.0,5.0,3.7000224238500454,2.8021865228665614,2.4039448445982265,2.4039448445982265,thermodynamic
83.10000000000001,5.0,3.700021979838909,2.802132585394869,2.3956146105718434,2.3956146105718434,thermodynamic
83.2,5.0,3.700021544619357,2.80207997730659,2.387395187742088,2.387395187742088,thermodynamic
83.30000000000001,5.0,3.700021118017321,2.802028665892985,2.3792859908310064,2.3792859908310064,thermodynamic
83.4,5.0,3.7000206998621783,2.8019786192473557,2.371286406656358,2.371286406656358,thermodynamic
83.5,5.0,3.7000202899866856,2.80192980624551,2.363395795250604,2.363395795250604,thermodynamic
83.60000000000001,5.0,3.700019888226909,2.801882196526698,2.355613490969977,2.355613490969977,thermodynamic
83.7,5.0,3.7000194944221607,2.801835760475009,2.3479388035925313,2.3479388035925313,thermodynamic
83.80000000000001,5.0,3.7000191084149345,2.8017904692012077,2.340371019404146,2.340371019404146,thermodynamic
83.9,5.0,3.700018730050842,2.801746294525022,2.332909402271556,2.332909402271556,thermodynamic
84.0,5.0,3.700018359178552,2.801703208957841,2.325553194701463,2.325553194701463,thermodynamic
84.10000000000001,5.0,3.7000179956497288,2.801661185685842,2.3183016188849495,2.3183016188849495,thermodynamic
84.2,5.0,3.7000176393189737,2.8016201985535183,2.3111538777263787,2.3111538777263787,thermodynamic
84.30000000000001,5.0,3.700017290043766,2.8015802220476083,2.3041091558560836,2.3041091558560836,thermodynamic
84.4,5.0,3.7000169476844076,2.801541231281406,2.297166620626196,2.297166620626196,thermodynamic
84.5,5.0,3.7000166121039664,2.801503201979463,2.290325423088994,2.290325423088994,thermodynamic
84.60000000000001,5.0,3.70001628316822,2.801466110462642,2.283584698957243,2.283584698957243,thermodynamic
84.7,5.0,3.7000159607456045,2.8014299336335537,2.2769435695460367,2.2769435695460367,thermodynamic
84.80000000000001,5.0,3.70001564470716,2.8013946489623236,2.270401142695671,2.270401142695671,thermodynamic
84.9,5.0,3.7000153349264813,2.8013602344727215,2.2639565136752102,2.2639565136752102,thermodynamic
85.0,5.0,3.7000150312796634,2.8013266687286165,2.257608766066353,2.257608766066353,thermodynamic
85.10000000000001,5.0,3.700014733645257,2.8012939308207634,2.2513569726273412,2.2513569726273412,thermodynamic
85.2,5.0,3.7000144419042154,2.801262000353912,2.2452001961366497,2.2452001961366497,thermodynamic
85.30000000000001,5.0,3.70001415593985,2.8012308574342213,2.2391374902162364,2.2391374902162364,thermodynamic
85.4,5.0,3.7000138756377816,2.8012004826569905,2.233167900134222,2.233167900134222,thermodynamic
85.5,5.0,3.7000136008858973,2.801170857094677,2.2272904635868387,2.2272904635868387,thermodynamic
85.60000000000001,5.0,3.7000133315743016,2.801141962285212,2.221504211459584,2.221504211459584,thermodynamic
85.7,5.0,3.7000130675952763,2.801113780220596,2.2158081685675293,2.2158081685675293,thermodynamic
85.80000000000001,5.0,3.7000128088432356,2.801086293335777,2.210201354374748,2.210201354374748,thermodynamic
85.9,5.0,3.7000125552146845,2.801059484497792,2.2046827836929097,2.2046827836929097,thermodynamic
86.0,5.0,3.7000123066081763,2.8010333369951788,2.1992514673590557,2.1992514673590557,thermodynamic
86.10000000000001,5.0,3.7000120629242734,2.8010078345276406,2.1939064128926615,2.1939064128926615,thermodynamic
86.2,5.0,3.7000118240655073,2.8009829611959662,2.1886466251320784,2.1886466251320784,thermodynamic
86.30000000000001,5.0,3.7000115899363384,2.8009587014921937,2.1834711068504773,2.1834711068504773,thermodynamic
86.4,5.0,3.7000113604431193,2.800935040290013,2.178378859351471,2.178378859351471,thermodynamic
86.5,5.0,3.7000111354940572,2.8009119628354044,2.1733688830445685,2.1733688830445685,thermodynamic
86.60000000000001,5.0,3.7000109149991753,2.8008894547375034,2.1684401780006834,2.1684401780006834,thermodynamic
86.7,5.0,3.7000106988702806,2.8008675019596887,2.1635917444879036,2.1635917444879036,thermodynamic
86.80000000000001,5.0,3.7000104870209234,2.8008460908108908,2.1588225834877495,2.1588225834877495,thermodynamic
86.9,5.0,3.7000102793663676,2.8008252079371045,2.154131697192207,2.154131697192207,thermodynamic
87.0,5.0,3.700010075823555,2.800804840313119,2.149518089481767,2.149518089481767,thermodynamic
87.10000000000001,5.0,3.70000987631107,2.8007849752344423,2.1449807663847835,2.1449807663847835,thermodynamic
87.2,5.0,3.700009680749112,2.8007656003094246,2.140518736518437,2.140518736518437,thermodynamic
87.30000000000001,5.0,3.700009489059457,2.800746703451575,2.1361310115116052,2.1361310115116052,thermodynamic
87.4,5.0,3.7000093011654327,2.800728272872069,2.1318166064099797,2.1318166064099797,thermodynamic
87.5,5.0,3.700009116991883,2.800710297072431,2.1275745400637303,2.1275745400637303,thermodynamic
87.60000000000001,5.0,3.700008936465141,2.800692764837403,2.1234038354980838,2.1234038354980838,thermodynamic
87.7,5.0,3.7000087595129973,2.8006756652279847,2.1193035202671346,2.1193035202671346,thermodynamic
87.80000000000001,5.0,3.7000085860646736,2.8006589875746433,2.1152726267912536,2.1152726267912536,thermodynamic
87.9,5.0,3.7000084160507916,2.8006427214706924,2.111310192678451,2.111310192678451,thermodynamic
88.0,5.0,3.700008249403348,2.8006268567658292,2.1074152610300403,2.1074152610300403,thermodynamic
88.10000000000001,5.0,3.7000080860556848,2.8006113835598327,2.103586880730983,2.103586880730983,thermodynamic
88.2,5.0,3.7000079259424647,2.8005962921964147,2.099824106725272,2.099824106725272,thermodynamic
88.30000000000001,5.0,3.7000077689996433,2.800581573257218,2.0961260002767172,2.0961260002767172,thermodynamic
88.4,5.0,3.700007615164445,2.8005672175559733,2.092491629215522,2.092491629215522,thermodynamic
88.5,5.0,3.7000074643753367,2.8005532161327835,2.0889200681709896,2.0889200681709896,thermodynamic
88.60000000000001,5.0,3.7000073165720035,2.8005395602485597,2.0854103987907657,2.0854103987907657,thermodynamic
88.7,5.0,3.700007171695326,2.800526241379589,2.0819617099469565,2.0819617099469565,thermodynamic
88.80000000000001,5.0,3.700007029687353,2.8005132512122346,2.078573097929504,2.078573097929504,thermodynamic
88.9,5.0,3.7000068904912826,2.8005005816377695,2.0752436666271885,2.0752436666271885,thermodynamic
89.0,5.0,3.7000067540514374,2.8004882247473324,2.071972527696606,2.071972527696606,thermodynamic
89.10000000000001,5.0,3.7000066203132422,2.8004761728270107,2.0687588007195017,2.0687588007195017,thermodynamic
89.2,5.0,3.7000064892232025,2.8004644183530427,2.065601613348803,2.065601613348803,thermodynamic
89.30000000000001,5.0,3.7000063607288816,2.800452953987138,2.0625001014437077,2.0625001014437077,thermodynamic
89.4,5.0,3.7000062347788836,2.800441772571912,2.0594534091941914,2.0594534091941914,thermodynamic
89.5,5.0,3.7000061113228284,2.800430867126432,2.056460689235253,2.056460689235253,thermodynamic
89.60000000000001,5.0,3.7000059903113343,2.8004202308418753,2.053521102751275,2.053521102751275,thermodynamic
89.7,5.0,3.7000058716959963,2.8004098570772906,2.050633819570799,2.050633819570799,thermodynamic
89.80000000000001,5.0,3.700005755429369,2.8003997393554654,2.0477980182520796,2.0477980182520796,thermodynamic
89.9,5.0,3.700005641464946,2.800389871358894,2.045012886159715,2.045012886159715,thermodynamic
90.0,5.0,3.700005529757142,2.8003802469258456,2.0422776195326997,2.0422776195326997,thermodynamic
90.10000000000001,5.0,3.7000054202612738,2.800370860046528,2.039591423544194,2.039591423544194,thermodynamic
90.2,5.0,3.700005312933543,2.800361704859343,2.0369535123533313,2.0369535123533313,thermodynamic
90.30000000000001,5.0,3.700005207731019,2.8003527756472426,2.0343631091493597,2.0343631091493597,thermodynamic
90.4,5.0,3.7000051046116207,2.800344066834163,2.0318194461884236,2.0318194461884236,thermodynamic
90.5,5.0,3.7000050035341,2.8003355729815533,2.0293217648232584,2.0293217648232584,thermodynamic
90.60000000000001,5.0,3.700004904458027,2.800327288784991,2.0268693155261013,2.0268693155261013,thermodynamic
90.7,5.0,3.7000048073437704,2.8003192090708726,2.0244613579050874,2.0244613579050874,thermodynamic
90.80000000000001,5.0,3.700004712152484,2.800311328793196,2.022097160714399,2.022097160714399,thermodynamic
90.9,5.0,3.7000046188460924,2.8003036430304142,2.019776001858441,2.019776001858441,thermodynamic
91.0,5.0,3.700004527387272,2.800296146982367,2.017497168390293,2.017497168390293,thermodynamic
91.10000000000001,5.0,3.700004437739439,2.8002888359672937,2.015259956504696,2.015259956504696,thermodynamic
91.2,5.0,3.700004349866736,2.800281705418915,2.0130636715258174,2.0130636715258174,thermodynamic
91.30000000000001,5.0,3.7000042637340114,2.8002747508835824,2.0109076278900306,2.0109076278900306,thermodynamic
91.4,5.0,3.7000041793068132,2.800267968017511,2.0087911491239447,2.0087911491239447,thermodynamic
91.5,5.0,3.7000040965513703,2.8002613525840636,2.006713567817908,2.006713567817908,thermodynamic
91.60000000000001,5.0,3.7000040154345806,2.8002549004511152,2.00467422559521,2.00467422559521,thermodynamic
91.7,5.0,3.7000039359239962,2.8002486075884763,2.0026724730771877,2.0026724730771877,thermodynamic
91.80000000000001,5.0,3.7000038579878134,2.8002424700653785,2.0007076698444473,2.0007076698444473,thermodynamic
91.9,5.0,3.700003781594857,2.8002364840480243,1.9987791843944085,1.9987791843944085,thermodynamic
92.0,5.0,3.7000037067145706,2.800230645797199,1.9968863940953518,1.9968863940953518,thermodynamic
92.10000000000001,5.0,3.7000036333170008,2.8002249516659354,1.9950286851371692,1.9950286851371692,thermodynamic
92.2,5.0,3.7000035613727884,2.800219398097245,1.9932054524790024,1.9932054524790024,thermodynamic
92.30000000000001,5.0,3.700003490853156,2.800213981621894,1.9914160997939323,1.9914160997939323,thermodynamic
92.4,5.0,3.700003421729895,2.800208698856243,1.9896600394109085,1.9896600394109085,thermodynamic
92.5,5.0,3.700003353975356,2.8002035465001365,1.987936692254069,1.987936692254069,thermodynamic
92.60000000000001,5.0,3.7000032875624367,2.8001985213348437,1.9862454877796196,1.9862454877796196,thermodynamic
92.7,5.0,3.700003222464572,2.8001936202210524,1.9845858639104277,1.9845858639104277,thermodynamic
92.80000000000001,5.0,3.700003158655722,2.800188840096907,1.982957266968469,1.982957266968469,thermodynamic
92.9,5.0,3.7000030961103634,2.8001841779761043,1.981359151605289,1.981359151605289,thermodynamic
93.0,5.0,3.7000030348034776,2.800179630946025,1.979790980730598,1.979790980730598,thermodynamic
93.10000000000001,5.0,3.700002974710541,2.800175196165921,1.978252225439149,1.978252225439149,thermodynamic
93.2,5.0,3.7000029158075165,2.8001708708651387,1.976742364936023,1.976742364936023,thermodynamic
93.30000000000001,5.0,3.7000028580708424,2.800166652341395,1.9752608864604393,1.9752608864604393,thermodynamic
93.4,5.0,3.7000028014774244,2.800162537959087,1.9738072852082187,1.9738072852082187,thermodynamic
93.5,5.0,3.700002746004624,2.800158525147651,1.9723810642530077,1.9723810642530077,thermodynamic
93.60000000000001,5.0,3.700002691630252,2.800154611399955,1.9709817344663834,1.9709817344663834,thermodynamic
93.7,5.0,3.700002638332558,2.800150794270738,1.9696088144369321,1.9696088144369321,thermodynamic
93.80000000000001,5.0,3.7000025860902235,2.80014707137508,1.9682618303884118,1.9682618303884118,thermodynamic
93.9,5.0,3.7000025348823504,2.8001434403869165,1.9669403160970962,1.9669403160970962,thermodynamic
94.0,5.0,3.7000024846884556,2.8001398990375868,1.9656438128083917,1.9656438128083917,thermodynamic
94.10000000000001,5.0,3.700002435488461,2.8001364451144153,1.9643718691528105,1.9643718691528105,thermodynamic
94.2,5.0,3.700002387262686,2.8001330764593346,1.963124041061405,1.963124041061405,thermodynamic
94.30000000000001,5.0,3.7000023399918405,2.8001297909675342,1.9618998916807184,1.9618998916807184,thermodynamic
94.4,5.0,3.7000022936570156,2.80012658658615,1.960698991287356,1.960698991287356,thermodynamic
94.5,5.0,3.7000022482396773,2.800123461312981,1.9595209172022323,1.9595209172022323,thermodynamic
94.60000000000001,5.0,3.700002203721658,2.800120413195241,1.9583652537045793,1.9583652537045793,thermodynamic
94.7,5.0,3.70000216008515,2.800117440328337,1.9572315919457743,1.9572315919457743,thermodynamic
94.80000000000001,5.0,3.700002117312699,2.800114540854684,1.9561195298630634,1.9561195298630634,thermodynamic
94.9,5.0,3.700002075387195,2.8001117129625417,1.95502867209323,1.95502867209323,thermodynamic
95.0,5.0,3.7000020342918685,2.8001089548848856,1.9539586298862748,1.9539586298862748,thermodynamic
95.10000000000001,5.0,3.7000019940102797,2.800106264898303,1.9529090210191682,1.9529090210191682,thermodynamic
95.2,5.0,3.7000019545263165,2.8001036413219165,1.951879469709716,1.951879469709716,thermodynamic
95.30000000000001,5.0,3.700001915824185,2.8001010825163366,1.9508696065306022,1.9508696065306022,thermodynamic
95.4,5.0,3.700001877888403,2.800098586882635,1.949879068323645,1.949879068323645,thermodynamic
95.5,5.0,3.7000018407037976,2.8000961528613497,1.9489074981143228,1.9489074981143228,thermodynamic
95.60000000000001,5.0,3.7000018042554936,2.8000937789315086,1.9479545450266076,1.9479545450266076,thermodynamic
95.7,5.0,3.700001768528911,2.8000914636096796,1.947019864198146,1.947019864198146,thermodynamic
95.80000000000001,5.0,3.70000173350976,2.800089205449047,1.9461031166958267,1.9461031166958267,thermodynamic
95.9,5.0,3.700001699184032,2.8000870030385054,1.9452039694317786,1.9452039694317786,thermodynamic
96.0,5.0,3.7000016655379957,2.80008485500178,1.9443220950798192,1.9443220950798192,thermodynamic
96.10000000000001,5.0,3.7000016325581937,2.8000827599965668,1.9434571719924003,1.9434571719924003,thermodynamic
96.2,5.0,3.700001600231433,2.8000807167136927,1.9426088841180733,1.9426088841180733,thermodynamic
96.30000000000001,5.0,3.7000015685447827,2.8000787238763007,1.9417769209195015,1.9417769209195015,thermodynamic
96.4,5.0,3.7000015374855684,2.8000767802390523,1.9409609772920526,1.9409609772920526,thermodynamic
96.5,5.0,3.700001507041365,2.800074884587345,1.9401607534829948,1.9401607534829948,thermodynamic
96.60000000000001,5.0,3.700001477199996,2.8000730357365615,1.9393759550113083,1.9393759550113083,thermodynamic
96.7,5.0,3.700001447949523,2.8000712325313217,1.9386062925881573,1.9386062925881573,thermodynamic
96.80000000000001,5.0,3.7000014192782467,2.800069473844768,1.937851482038016,1.937851482038016,thermodynamic
96.9,5.0,3.700001391174698,2.800067758577857,1.9371112442204867,1.9371112442204867,thermodynamic
97.0,5.0,3.700001363627635,2.800066085658675,1.936385304952823,1.936385304952823,thermodynamic
97.10000000000001,5.0,3.7000013366260385,2.8000644540417685,1.9356733949331613,1.9356733949331613,thermodynamic
97.2,5.0,3.7000013101591085,2.8000628627074895,1.934975249664499,1.934975249664499,thermodynamic
97.30000000000001,5.0,3.700001284216257,2.800061310661361,1.9342906093794117,1.9342906093794117,thermodynamic
97.4,5.0,3.7000012587871067,2.8000597969334544,1.9336192189655286,1.9336192189655286,thermodynamic
97.5,5.0,3.7000012338614865,2.8000583205777834,1.9329608278917796,1.9329608278917796,thermodynamic
97.60000000000001,5.0,3.700001209429425,2.8000568806717148,1.9323151901354247,1.9323151901354247,thermodynamic
97.7,5.0,3.700001185481149,2.800055476315389,1.9316820641098698,1.9316820641098698,thermodynamic
97.80000000000001,5.0,3.70000116200708,2.800054106631161,1.9310612125932751,1.9310612125932751,thermodynamic
97.9,5.0,3.7000011389978273,2.8000527707630507,1.930452402657978,1.930452402657978,thermodynamic
98.0,5.0,3.700001116444187,2.8000514678762096,1.929855405600713,1.929855405600713,thermodynamic
98.10000000000001,5.0,3.700001094337138,2.800050197156397,1.9292699968736535,1.9292699968736535,thermodynamic
98.2,5.0,3.7000010726678365,2.8000489578094716,1.9286959560162749,1.9286959560162749,thermodynamic
98.30000000000001,5.0,3.7000010514276154,2.800047749060898,1.92813306658803,1.92813306658803,thermodynamic
98.4,5.0,3.7000010306079774,2.80004657015526,1.9275811161018641,1.9275811161018641,thermodynamic
98.5,5.0,3.700001010200595,2.80004542035579,1.927039895958544,1.927039895958544,thermodynamic
98.60000000000001,5.0,3.7000009901973048,2.8000442989439094,1.926509201381823,1.926509201381823,thermodynamic
98.7,5.0,3.700000970590106,2.8000432052187767,1.9259888313544393,1.9259888313544393,thermodynamic
98.80000000000001,5.0,3.7000009513711545,2.800042138496854,1.9254785885549328,1.9254785885549328,thermodynamic
98.9,5.0,3.7000009325327627,2.800041098111476,1.9249782792953019,1.9249782792953019,thermodynamic
99.0,5.0,3.7000009140673957,2.800040083412435,1.9244877134594796,1.9244877134594796,thermodynamic
99.10000000000001,5.0,3.7000008959676665,2.800039093765577,1.9240067044426485,1.9240067044426485,thermodynamic
99.2,5.0,3.7000008782263354,2.8000381285523996,1.923535069091367,1.923535069091367,thermodynamic
99.30000000000001,5.0,3.7000008608363055,2.800037187169673,1.9230726276445247,1.9230726276445247,thermodynamic
99.4,5.0,3.7000008437906207,2.800036269029058,1.9226192036751204,1.9226192036751204,thermodynamic
99.5,5.0,3.7000008270824623,2.8000353735567387,1.9221746240328454,1.9221746240328454,thermodynamic
99.60000000000001,5.0,3.7000008107051467,2.8000345001930658,1.921738718787494,1.921738718787494,thermodynamic
99.7,5.0,3.700000794652124,2.8000336483922066,1.921311321173166,1.921311321173166,thermodynamic
99.80000000000001,5.0,3.700000778916971,2.800032817621803,1.9208922675332865,1.9208922675332865,thermodynamic
99.9,5.0,3.700000763493395,2.8000320073626397,1.920481397266415,1.920481397266415,thermodynamic
100.0,5.0,3.700000748375225,2.8000312171083195,1.9200785527728543,1.9200785527728543,thermodynamic
