time,x_0,x_1,x_2,x_3,x_4,x_5,x_6,x_7,x_8,x_9,x_10,x_11,x_12,x_13,x_14,x_15,x_16,x_17,x_18,x_19,q_strict_invariant,q_equivariant_radius
0.0,0.035,0.39158249329505757,0.7166016777927088,0.9791694823786121,1.1539873423706934,1.2239669301365534,1.1820816705174968,1.032234258754515,0.7890225889860608,0.47640069968390675,0.12535026261898455,-0.22921169901446314,-0.5519748282607521,-0.8108575665237874,-0.9803243530576933,-1.044040366918554,-0.9965744467437778,-0.8439623777782848,-0.603066312227776,-0.2997975468152995,1.1572657047387074,0.07710221645900672
0.08633093525179857,0.17513776950188298,0.5161253121675289,0.8154440599154201,1.0444057855130875,1.180697775377979,1.2107308801990109,1.1311572113340294,0.9493748976538857,0.6829392547233183,0.35791478563476736,0.006317990518697178,-0.33709632461273636,-0.6383750614628129,-0.8678605506170994,-1.003263908059173,-1.0319846295231927,-0.9524219266604157,-0.7741318444045577,-0.5168100767898757,-0.20820911439082196,1.1620922864675343,0.0816681108104379
0.17266187050359713,0.2917799410158782,0.6157991671975798,0.8901525253292963,1.0882734016881663,1.1905718968746357,1.1865293130321335,1.0759171440515622,0.8689877169209828,0.5855888852745315,0.2532699426063477,-0.09544264524206411,-0.42632605718766226,-0.7069578630567611,-0.9100578131093534,-1.0163147586911057,-1.0163906462003687,-0.9118809466592946,-0.7151241565539114,-0.447879168565323,-0.13901373404305675,1.16915638569654,0.08680273023605546
0.2589928057553957,0.39559804087562717,0.7038470306393988,0.9553059406135845,1.1253258076230295,1.1967716446194967,1.1618843286592053,1.023227029847039,0.793591222850015,0.49484535728801804,0.15582334203033954,-0.19054285739333654,-0.5105547341975623,-0.7731941532718962,-0.9533180795765406,-1.0342558935704962,-1.009525861995996,-0.8834819753622152,-0.6708191737700132,-0.394990482892935,-0.08570916021175846,1.1705837151407612,0.09068884214477732
0.34532374100719426,0.4981659093457247,0.7904963320685908,1.0188081074772104,1.1603680108590142,1.2005006999876247,1.1342159367099347,0.966881242115642,0.7138433693957286,0.39901245122959855,0.052535669889039203,-0.2922102238067925,-0.6019985758813426,-0.8471489290858212,-1.0045762403318945,-1.0601633191941104,-1.0101978348376175,-0.8617164963360514,-0.6317187327041655,-0.3453365008207864,-0.03316124027832841,1.1621797877401268,0.09213318629030685
0.43165467625899284,0.601803290264313,0.8747079464313583,1.0762814626168296,1.1860010788602915,1.1919272754278076,1.0920709307199623,0.8947717436540831,0.6180217107227691,0.28777952778521837,-0.06456728413260614,-0.4053389099808754,-0.7019738821932933,-0.9263533121704759,-1.0576822643195485,-1.08461630380648,-1.0064015937270068,-0.8329041651678738,-0.5835258119390907,-0.2851263035968921,0.030819978356846793,1.1318327528913383,0.0950643220989194
0.5179856115107914,0.6969919573294825,0.9448826252820548,1.1150074141772535,1.1894536168494998,1.159307498706193,1.0257350506135645,0.8000526609019063,0.5027533063991517,0.16156609878704709,-0.19126558391607565,-0.5222123167572608,-0.7998569443231829,-0.9981021742696652,-1.0988424400745946,-1.0938101496742156,-0.9853950095961774,-0.7863471280346106,-0.5183971110490344,-0.20994509721999563,0.106928195040623,1.1025563454789826,0.09575647191479307
0.60431654676259,0.7690907484035033,0.9878820485983429,1.124457785187811,1.1636944124076034,1.0996984818403979,0.9366006124792903,0.6883349250744336,0.37740009601408503,0.03270902190582259,-0.3132633879670627,-0.6277428768649579,-0.8809865469153814,-1.0493259109751694,-1.1175934495050701,-1.080668391824625,-0.9439726421863475,-0.7228627345499743,-0.44098506298951473,-0.12777521808086129,0.18462515276552155,1.0905860033170365,0.09449122921397154
0.6906474820143885,0.8096514457324563,0.9999821996733227,1.1059191476915835,1.1148797180002192,1.0235737032520256,0.8385457587175931,0.5757110175195114,0.25890659210897093,-0.08240971830922053,-0.41608501772804724,-0.7105187422950672,-0.9378881361645073,-1.0770049719182748,-1.1154931698864399,-1.05104923180897,-0.8916473782642516,-0.6546674120746162,-0.36504203733879975,-0.05262773842592216,0.25091311525627485,1.0995661459797665,0.09168340981914266
0.7769784172661871,0.8243773051924257,0.9919470060342955,1.0742396570220811,1.0606267117515729,0.9497840016992976,0.7500362402134676,0.4787021974033327,0.16048555096665057,-0.17493708687657322,-0.49588706735769367,-0.77190270392976,-0.9768626995328439,-1.0916762002200222,-1.1062462474623855,-1.0204919191443804,-0.8443179374239383,-0.5965368935105646,-0.30286480983921776,0.006788025740265047,0.3014338788900644,1.1258292901104352,0.08597406118500887
0.8633093525179857,0.8318693285641523,0.9842653131752375,1.0499905454265268,1.0198048593106404,0.8938920565174048,0.6820422895574397,0.4028302868692167,0.08185503717851665,-0.250787962318581,-0.5635420982207678,-0.8266119503190342,-1.015026479732046,-1.11121099948634,-1.106787918127053,-1.0034106764540316,-0.8125422655769508,-0.5542066359665337,-0.25485440565301065,0.05541967332786612,0.3460020414799955,1.1636315487258444,0.0757765464637687
0.9496402877697843,0.8534038317747992,0.9951903116770093,1.0468393184252989,1.0003702816074242,0.8575499789807636,0.6298997086692898,0.33767732692911856,0.007923508692899067,-0.32823302108673247,-0.6387310250537981,-0.8938577260416395,-1.0693023135537445,-1.1486516238398568,-1.125058012784422,-1.0019007522170982,-0.792373823628674,-0.5180516109198114,-0.20659577416761166,0.11114143982090231,0.4043004041211721,1.2076453004573064,0.06185411644521358
1.0359712230215827,0.9000430126458666,1.0291755795379043,1.0623418500223087,0.9933298998796789,0.8261644266255119,0.5748712693391803,0.2621885159761516,-0.08265553865669566,-0.4268723202913961,-0.7374441061683208,-0.9845018655835418,-1.1443872311047865,-1.2020690411001826,-1.1526554164124243,-1.0018421926813375,-0.765256007241029,-0.46677164209842087,-0.13599422147511303,0.19481514833017105,0.49403644543015496,1.2531423905351615,0.048933056334326576
1.1223021582733814,0.9653644118762923,1.0732977217491988,1.0783694693851917,0.9771230712501533,0.7768270389236966,0.4949016794475508,0.15727482623088926,-0.20417430350958835,-0.5548214386087422,-0.8608172969416505,-1.092547090787539,-1.227659367455839,-1.2533399695260066,-1.16758944605409,-0.9793718521722129,-0.7076267300551866,-0.37925973344862257,-0.026336584624535864,0.31721247847319994,0.6190237876129576,1.2964238826710826,0.04451296501962023
1.20863309352518,1.0286465070284467,1.1042404598179105,1.0712546052461855,0.9300072809805197,0.6918175850357943,0.3780160313633374,0.017895417411051745,-0.3541955447330041,-0.7023164711366473,-0.9925933437531457,-1.1966816812579513,-1.2946650710481746,-1.277079807043492,-1.1458516710134767,-0.9140499388506341,-0.6044926542641431,-0.2473611754668847,0.12291318139820745,0.47115355545263926,0.7649607117424608,1.3350912954596963,0.049976428520842546
1.2949640287769786,1.0666903044519949,1.101649174262423,1.0254694945943015,0.8428228303187394,0.5692988975279791,0.22997610826806558,-0.14301917383325,-0.5137198785675318,-0.8459597782748588,-1.107065622363456,-1.271207046986047,-1.3220463445705752,-1.254405362099927,-1.0747737319263189,-0.8006089822066961,-0.4585102078500523,-0.08146782827438931,0.29451116616781486,0.6340408000232551,0.9058735116281433,1.3656926890507257,0.05875386038693209
1.381294964028777,1.066938813059283,1.0595763363407764,0.9423590416503421,0.724218235453201,0.42455567574349445,0.07141287815645775,-0.3012898873466848,-0.6571645557488804,-0.9610605102705401,-1.182671864067991,-1.2996615603300243,-1.299967392855187,-1.1830431745230743,-0.9599041623924803,-0.6519761109309322,-0.2888769229360238,0.09462605300568318,0.46215430797468515,0.7793751884944722,1.0173950122365871,1.3824745410054793,0.06751265940137571
1.4676258992805755,1.0337858716101063,0.9890043156596244,0.8386383643694904,0.5952456914761753,0.28116321004808825,-0.0736460635581277,-0.4345775238970745,-0.7658941434938417,-1.034391457302281,-1.2128279809759281,-1.282752819922536,-1.2364259748831579,-1.077625110694238,-0.8212540581745752,-0.4917990059993783,-0.12080310666240426,0.2563652088910498,0.6041022427288173,0.8901363661739438,1.0887011819510488,1.3809203507980226,0.07725709821723259
1.5539568345323742,0.9844337461672787,0.9102144726449928,0.7359454828458533,0.4770248609359069,0.1578625838929332,-0.19051515831461266,-0.5335915512772142,-0.83688967946927,-1.0695338791591067,-1.2074602210760754,-1.2359298392575595,-1.151073558394012,-0.9603018717787356,-0.6815385873645139,-0.34136495957874474,0.02772100725140442,0.39063162167940246,0.7132451978798346,0.9658140041202696,1.1258712918065532,1.3593748681700988,0.08870465352458101
1.6402877697841727,0.9374179546847785,0.8402709212683206,0.6483980884680678,0.3794842604755347,0.05949626579979053,-0.2799043097465021,-0.6045824142745903,-0.8814465730635839,-1.081886508124607,-1.1847612451613458,-1.1786146222010419,-1.0628788959294735,-0.8479380944348417,-0.5540479898001205,-0.20923447808622297,0.1535976882703936,0.5000309898981837,0.7976146970712896,1.0190909403801478,1.1450353047898512,1.3178525491996953,0.10075965471076152
1.7266187050359714,0.9015299531919057,0.7838507093413374,0.5761521010774003,0.29822891370178284,-0.02252718651818956,-0.35388861673965444,-0.662094917739266,-0.9153484988821704,-1.0871286015530128,-1.1589660211322579,-1.1223787407358476,-0.9797603550493621,-0.7441283798017259,-0.4377648035514786,-0.08990195021971015,0.2662910322686968,0.5970934799035801,0.8716282035438162,1.0649103289095578,1.1602394313285056,1.258235208714355,0.11139635138549246
1.8129496402877698,0.8723330139230892,0.7331755218943311,0.5087618993860119,0.22103796559348754,-0.10116813071881861,-0.42507505253846156,-0.7173243965007281,-0.9474450287355595,-1.091033706189867,-1.1323088825000005,-1.065762400165678,-0.8967328037621531,-0.6408427420970481,-0.32236748444216135,0.02828252488814984,0.3776881905916518,0.6928189209503439,0.9443391801609756,1.1094808336574253,1.1741925391152834,1.1853285412918442,0.11854680931975027
1.8992805755395685,0.8381945214108473,0.6765761902663413,0.4355216625640537,0.13906965411468591,-0.18267779058433647,-0.4966317869214456,-0.7701370302484639,-0.9743714000242134,-1.0873591790507253,-1.0962728713272767,-0.998776077545695,-0.8032653505621415,-0.5279900888457255,-0.19915218181759534,0.15180291654687408,0.49140724906633515,0.7875568381552847,1.0127060607864535,1.1465412052162771,1.1778684535644703,1.1073534183043112,0.12053891591149637
1.985611510791367,0.791287731923565,0.6094090848343696,0.35533174086482877,0.05480612007745284,-0.2612765292242846,-0.560059124204338,-0.8101295983152774,-0.9848024183344181,-1.0649169981836286,-1.0408508257840374,-0.9135310629186872,-0.6943386972486154,-0.40392110572279133,-0.07004790734198722,0.275252505633288,0.5989639330137106,0.8704106378362398,1.0642939550202242,1.1631278145327073,1.1588358926306466,1.0355252718069017,0.11716049812572625
2.0719424460431655,0.7356637809255796,0.5395087706869461,0.27905392319101063,-0.01889205327895538,-0.32331112663161854,-0.60218568433286,-0.825840933802026,-0.9700601932736589,-1.0186359482631842,-0.9650806170655786,-0.8133134626235866,-0.5772531843724564,-0.2793661377705391,0.051666207506870725,0.38390313487731553,0.6854029431491895,0.9274361551086701,1.087318758456462,1.150579543625194,1.1122542196778014,0.9812410487813354,0.11012385677929944
2.158273381294964,0.6864919910498262,0.48311613943427906,0.22249692581349523,-0.06811335632391606,-0.358061948603122,-0.6164924191369779,-0.8155860440253863,-0.9334968682896063,-0.9566616806596026,-0.8812347319167535,-0.7134940734289124,-0.4691804401367179,-0.1718471998945097,0.14959270671213998,0.46385202094045636,0.7404627950122978,0.9528387939078893,1.080889259243036,1.1129230157620813,1.0466648356314396,0.9497255863514216,0.10013654066074536
2.244604316546763,0.6605818057602959,0.453755083692999,0.19464303998291008,-0.08926826784246251,-0.36770322942813577,-0.6107761387976552,-0.7921449698482714,-0.8917967072940026,-0.8981615464229866,-0.8093279470649763,-0.6332309513565111,-0.38680041140149857,-0.09417031184807455,0.21584814995370416,0.5127501928259014,0.7674543177817217,0.9552220884656184,1.0580803445417732,1.0665071734178972,0.9802284498163347,0.9373168401422264,0.08744033556082306
2.3309352517985613,0.6643208968717802,0.45147624079132664,0.1891558257348676,-0.09456375098063138,-0.36927696106727315,-0.6054532822693576,-0.7775543651808109,-0.8667257794332882,-0.8627722005841868,-0.7652054740340021,-0.583258981025022,-0.33487672275650754,-0.04479795029295254,0.2580450295868169,0.5435279100189891,0.78340987162447,0.9541595915191134,1.0392439850214168,1.0306580898343032,0.9295619866914664,0.9379044294679414,0.07259037976705775
2.41726618705036,0.687158491031026,0.45991653100568386,0.185272928498098,-0.10736356960058727,-0.3867275536430812,-0.6229863184263473,-0.7908742227849745,-0.8723333026357925,-0.8583773226139083,-0.749984106078492,-0.5579298339720299,-0.3015960864728061,-0.006891983666318768,0.2964729140834871,0.5780645145443408,0.8098187835235406,0.9688324209653555,1.0395694678557628,1.0152747380522544,0.8984753292863871,0.9468901028070406,0.05762182854175578
2.5035971223021583,0.7053544130161056,0.45366325136210844,0.1581205202978363,-0.14985136363005783,-0.437649598573843,-0.6749029290039812,-0.836638130562865,-0.905861611221202,-0.8752830088638412,-0.7480041636076311,-0.5371119752741258,-0.26423381944631996,0.04277454389612437,0.3527488096520348,0.6344251918380415,0.8595981255880261,1.0059017681467182,1.058940677523951,1.0135725633257244,0.8742409026295063,0.96187077141787,0.04739301965942846
2.589928057553957,0.6941046118112364,0.4116991928375555,0.0922709520792017,-0.23057577168968016,-0.5230500109634185,-0.7546883120541351,-0.9015060095704852,-0.9484505738605978,-0.8909005413813272,-0.7350600206790004,-0.4972205367780595,-0.20198480298170948,0.12034316014235419,0.4369124556022581,0.7156844766361367,0.9286447973124056,1.054541972882431,1.080887484046575,1.0050367643549254,0.8342719610401506,0.9818668135386238,0.04714002684827222
2.6762589928057556,0.6406777698937364,0.3286588225208184,-0.009890151487082985,-0.3397201497064413,-0.6266741923737219,-0.8412218012240072,-0.9614950611995844,-0.9755054579589713,-0.8823120845672812,-0.6920278264433711,-0.4246771412324132,-0.10804236360300984,0.22525884457478387,0.5411457021812424,0.8075372506860097,0.9975474030997167,1.0920922237065873,1.0816608577907656,0.9670960628231791,0.7593366574885351,1.006027547090476,0.053541347741597224
2.762589928057554,0.5504637178331946,0.21692626721198308,-0.13020261604431504,-0.45509143349742365,-0.7244024029173183,-0.9107309885886179,-0.9954114172211856,-0.9703929014059509,-0.8389942920901771,-0.615468211343132,-0.3234350034041911,0.006632738513391606,0.34059621532469403,0.6441628922493012,0.886355112010205,1.0425791523351646,1.0969911710118734,1.0439388660386684,0.8883599363963905,0.6451285431456186,1.0315340058673104,0.05967646788021475
2.8489208633093526,0.44234179776714405,0.09842387299240402,-0.2457834817618869,-0.5550159568586266,-0.7978261737761533,-0.9498228930727934,-0.9961584234120785,-0.9330032333373662,-0.767858689973919,-0.5186862012903156,-0.21195904629809081,0.12014274836061212,0.44308661267012095,0.7235310707624174,0.9326878596683988,1.049160619165319,1.0609828726593296,0.9666696353495354,0.7752043705587021,0.5049938138614272,1.0521471907568054,0.06644409805876544
2.935251798561151,0.3365825403062993,-0.008522879608340451,-0.34201522313418414,-0.6300081721765791,-0.8435416228306531,-0.9615581560404833,-0.9730367443356371,-0.8780609547182804,-0.6877166339108188,-0.4228421925651459,-0.11177831216746055,0.2126308459326671,0.5164575770522087,0.7681667713986974,0.9417864568167524,1.019453055949172,0.9930865458868946,0.8650487132672652,0.6477470658925535,0.3622553295805239,1.0604399370733077,0.07555598155575072
3.02158273381295,0.24315173945671212,-0.09886775460166676,-0.41933653585613206,-0.6860494351884375,-0.8726100658326821,-0.9611300754304283,-0.9440189796039625,-0.8246798123374135,-0.6170467979651825,-0.34402783248754654,-0.03503214559531935,0.2771411523037085,0.5597151511803302,0.7832853081437277,0.9247612734266984,0.9696069622481507,0.9131679833454676,0.7609771668951683,0.5280376647054735,0.2371868313355298,1.0521911532256598,0.08437398510879819
3.1079136690647484,0.15777100203500874,-0.18117670135263658,-0.4899252326526206,-0.7379044083307063,-0.9010943873359814,-0.9644589112992696,-0.9234172523503745,-0.7842060988228695,-0.5631052449813886,-0.2846247398158228,0.02113813637103558,0.3216784210187055,0.5854550815635737,0.7850985680992759,0.9001256276512587,0.9188946596638293,0.8396230063509661,0.6703909183337039,0.4281634842362003,0.1369599226286801,1.0260505211550703,0.08990500920807702
3.194244604316547,0.06779391299695758,-0.26898551369750695,-0.5670497439923806,-0.7974082656721484,-0.9383224119957431,-0.9774781389340061,-0.9131520558453508,-0.7542569372961743,-0.519276337224907,-0.23421822637204023,0.07017894843780914,0.36167912656211665,0.6098724586370652,0.78924204365112,0.881663197086596,0.8780945374310688,0.779312678128434,0.5956463655167571,0.3457695990254877,0.054705518467276164,0.9835259932960689,0.09106767767875004
3.2805755395683454,-0.03658377906228777,-0.3694551132432504,-0.6545953443497726,-0.8647953590725677,-0.980792772315326,-0.9931664205944586,-0.903184045820157,-0.7225253273422046,-0.47192561764272495,-0.1789016649959953,0.125183838307425,0.40839720442870836,0.6414987965301505,0.8008599947361535,0.8707412761946414,0.8447172891932926,0.7261309426612234,0.5275626194667977,0.2694009694871833,-0.0223121180656074,0.929929393186207,0.08904864042370741
3.3669064748201443,-0.15371421724180953,-0.4772324356011911,-0.74394197723671,-0.9288749365302996,-1.015639145079211,-0.9980010433995934,-0.8803933795572124,-0.6773073810936551,-0.4116505303457743,-0.11226119586920147,0.1891421778801844,0.46124600823259615,0.6763135477536257,0.8129192415072863,0.8579773953603175,0.807879979468182,0.6686571893913998,0.4551774835679741,0.18949988139101023,-0.10142939519244246,0.8775311984843219,0.087549612970517
3.4532374100719427,-0.27052040266817023,-0.577747912106185,-0.8202456312133255,-0.9757433385575897,-1.0310065500955417,-0.9830855507084644,-0.8394802783727858,-0.6172179501659082,-0.3409581106180884,-0.040342418477157055,0.25311737414587265,0.5092780229885608,0.7023908868477163,0.8136094594386454,0.8327369320073877,0.7590600073630311,0.601214996467812,0.37613271845243557,0.1071990955049324,-0.17816028636750497,0.8443863230973208,0.08776374189561555
3.539568345323741,-0.37122532647107376,-0.6576726675181737,-0.873699100492779,-0.9998551503205124,-1.0259587744871754,-0.9520242160556476,-0.7881186341084092,-0.5531770137501828,-0.2729182089257737,0.022901046928921753,0.3035919618312505,0.5406669146606129,0.7106747351305691,0.7974547189037628,0.793596815624871,0.700985645950152,0.5304047597554312,0.30027365699980335,0.034673465222505175,-0.23912008847788327,0.8387418521615538,0.08622949349089229
3.6258992805755397,-0.4488369924740086,-0.7152795878130491,-0.9078572956144992,-1.009584395182726,-1.012794390317692,-0.9198008808045602,-0.7425107472292352,-0.5010474582080268,-0.22154850381027005,0.06661370506871025,0.3338827928744444,0.5535164683539772,0.7042229619581518,0.7721759624751038,0.7522227138374025,0.648190627316153,0.4722937692710467,0.24373121532424238,-0.01335475485198477,-0.27233819812810917,0.8564085291597582,0.08311831927586526
3.712230215827338,-0.5113906538322489,-0.7633462496669061,-0.9389571095298721,-1.0230374777868827,-1.0097408339549663,-0.9030184514575468,-0.7160526123718108,-0.4697434803788764,-0.190429295462363,0.09290255235333936,0.3516090151870186,0.5602729348642534,0.6991790570185965,0.7561444872107811,0.7275402180802226,0.6184303563712743,0.44184842380507583,0.21731547647543448,-0.03122568950800672,-0.2778382822349015,0.8886467797454884,0.08266580677243265
3.798561151079137,-0.5782785897210411,-0.8221105926383107,-0.986143062930848,-1.056434912390633,-1.028540282093889,-0.9078046691696527,-0.7086430152041385,-0.4528973777097798,-0.16746840185233905,0.11851308928693613,0.3766677204502984,0.5821903432015673,0.7162304046713273,0.767603804856051,0.7336885970762983,0.6204465043769226,0.4416026365697102,0.21709737468025275,-0.029010666231171205,-0.2709686387954651,0.929022341466262,0.08871011753978424
3.8848920863309355,-0.6685323509348364,-0.9064330298037,-1.0586678155505687,-1.112502257431439,-1.065073113211298,-0.9235070351539061,-0.704010940351494,-0.43005293452260424,-0.12984641478884584,0.16658275393220728,0.4304317832530392,0.6369459790981736,0.7677543141362969,0.8124987132829775,0.7696216233462363,0.6462671964278601,0.45734127209147546,0.22385501856447446,-0.029260729238745495,-0.27564344217728043,0.9745201808236443,0.10041602951563157
3.971223021582734,-0.7883466630659625,-1.0153261722937197,-1.1483700200806952,-1.1765713737831027,-1.0994305012362295,-0.9267265942178851,-0.677343872200994,-0.37719866491860066,-0.05650501280652992,0.25332181637804374,0.5227972452612184,0.7272167927818058,0.8489468351811355,0.8789490869803894,0.8174173664519264,0.673498830061043,0.4641626379089325,0.21235789144700584,-0.05533726917895872,-0.31133657604820886,1.0243409741398635,0.114009165749886
4.057553956834533,-0.925840764151092,-1.1306995695774154,-1.2325161908055922,-1.2232636207638796,-1.1058369589008805,-0.8935862023436812,-0.6087972926417003,-0.28030287134117504,0.059509655133354045,0.3779708428176548,0.6453429700952099,0.8376538325691673,0.9388809888870844,0.9422935551491537,0.8508509183768361,0.6766549454381116,0.439544080611103,0.16499531279569793,-0.11844316453759238,-0.38193341835625094,1.078079285537704,0.1258569901791413
4.143884892086331,-1.05653263124671,-1.2263486616260666,-1.285497976646706,-1.2298444113792417,-1.0664612546775927,-0.8127552820764502,-0.49456117981001124,-0.1434258900575205,0.20661910193418564,0.522455679788569,0.7750994508162921,0.9424256440033592,1.0111460093568545,0.9778676091947771,0.8491625137521976,0.6406772393873432,0.3754020212049656,0.08129421736666465,-0.21149862153987675,-0.47354523059738807,1.1318672791530557,0.13427170349670134
4.23021582733813,-1.1561885240894136,-1.281684635634313,-1.2922087473604351,-1.1880431253721073,-0.9806149677936392,-0.6911971817119765,-0.3486362125823675,0.013637797081861951,0.36099542784034366,0.6610329417629834,0.886691434206171,1.0187674868585608,1.0475856778338302,0.9736963383960766,0.8075640130299181,0.5683120683855301,0.28167681446390463,-0.02260751163668694,-0.31372857579866487,-0.5627403804014035,1.1765793976865977,0.1412304165549886
4.316546762589928,-1.2130533002307695,-1.2917241488417581,-1.254891566086873,-1.1071389771513087,-0.8637931027177319,-0.5492447070942147,-0.19438112203703778,0.16658551481525213,0.4995552144133635,0.7738861841401979,0.9653151917183427,1.0581729574486203,1.0466971954753403,0.9353440673872327,0.7381019310698607,0.4769084159860424,0.17935361001922795,-0.124088486841599,-0.4030251433543752,-0.6300260969121402,1.2076269400778827,0.14668280067300335
4.402877697841727,-1.2319993024744051,-1.267370517283307,-1.1895193253461045,-1.0067567834454536,-0.7375246441050294,-0.40841043743425876,-0.05137283875723946,0.29951883531805795,0.6114851754288262,0.8562279267033246,1.0125961822320113,1.0684769946186397,1.0217480304055822,0.8802302938863553,0.660680331900793,0.3869531939356316,0.0875411422588909,-0.20725726920316376,-0.46826052059125794,-0.6701469656101167,1.2245922819518933,0.14874428823273528
4.489208633093526,-1.2284749068654994,-1.2263501483445298,-1.1145229975757625,-0.9043907653669767,-0.6168060832869415,-0.27985502718509875,0.07405536297545663,0.41148362219995904,0.7012684951290531,0.917534342946841,1.0420939553148656,1.0660280844614902,0.9903130279685635,0.8254680090685926,0.5902919061168891,0.309844195684356,0.012890102346094216,-0.2709299840794004,-0.5139335929536204,-0.6929712253830641,1.227444978367189,0.14609173695850555
4.575539568345324,-1.2167536900449576,-1.1811492394721343,-1.039491602772331,-0.8058782374429749,-0.5032035488161544,-0.1607399108836507,0.18887738413474167,0.512936220175913,0.7818620328851104,0.9720371909707204,1.0679548406936175,1.063515145210047,0.9623661654731573,0.7772908287218491,0.5287348647268139,0.24264911552225069,-0.05212350288724861,-0.3266547336195596,-0.5546647382704492,-0.7149357247276491,1.2153220479133962,0.13879098432739212
4.661870503597123,-1.2005286045223997,-1.1320102373704142,-0.9611989083541641,-0.7048163572737509,-0.38771849293638083,-0.04029376261249566,0.30464112740083593,0.6151168647889479,0.863120751783772,1.0272312706534934,1.0945303682121372,1.0616291599500745,0.9347385503606767,0.7288136522341442,0.4658896830275264,0.17279884293615008,-0.12149327143349808,-0.3886697687092466,-0.6037033777169779,-0.747121851341865,1.1884587837125518,0.1277712560091855
4.7482014388489215,-1.17206425607781,-1.069415313650265,-0.8692021288508781,-0.5907833487301408,-0.2609050763287695,0.08907014399526023,0.4263381555302926,0.7198969118595314,0.9435288467192046,1.0782309972488737,1.1138698742303783,1.0499255391649078,0.8952858904841535,0.6671470853367726,0.38915969944999546,0.0890250902926513,-0.20421238698210412,-0.4629160938154623,-0.6633987584419607,-0.7880339651293059,1.1506154236248436,0.1139407642865701
4.83453237410072,-1.1201813651405734,-0.9839642297072683,-0.7567386671971832,-0.4602887262200713,-0.12290279412529816,0.2235299332619768,0.5467205254045856,0.8171450841842324,1.0108551745207004,1.1116644687817816,1.112516411020349,1.0159281480452673,0.8335020082444484,0.5845870726138371,0.29425091918591223,-0.009221235646673251,-0.29704990787716823,-0.5426495455648891,-0.7240399531370397,-0.8257754276072461,1.1107106442491497,0.09736462336362814
4.9208633093525185,-1.0412838161648463,-0.8765067906538586,-0.6290665820855901,-0.32258309354385845,0.013799322156584276,0.3483824361037252,0.6500749894367175,0.8914175128838747,1.051170971106446,1.1162255310400186,1.0826646490428444,0.9559111966233097,0.7499760272791766,0.485915384782488,0.18967373075349264,-0.11046275107678535,-0.3865523988210281,-0.6135746231346504,-0.7716696000386458,-0.8478542682040464,1.0813744774972371,0.0774500026970194
5.0071942446043165,-0.9455043147125726,-0.7611840410880233,-0.5031350758184189,-0.19599011825130405,0.13104210110958375,0.4471413954446422,0.7229349162507448,0.9333372648104328,1.059893650316616,1.0924099238118519,1.0297345179486124,0.8796477325537946,0.6579033035189488,0.38654663387226024,0.09169624610247744,-0.19898472239794357,-0.4588837063185382,-0.6648639546665893,-0.7993100961704033,-0.8516270960954652,1.0703602744399197,0.05439780114068771
5.093525179856115,-0.8532747875562117,-0.6588103003488303,-0.39837066108238117,-0.09691776976039916,0.21678402386956167,0.5130804057141896,0.7643592099664922,0.9477049844888127,1.0470195258035715,1.054417247299371,0.9707856270498789,0.8054886621726978,0.5752756311643191,0.3025301780243678,0.013049508283210269,-0.2664233930713607,-0.5106812286826572,-0.6983253020643759,-0.8136369695228297,-0.847897972155741,1.075227572050569,0.029320578333253685
5.179856115107914,-0.7840848809632315,-0.5846116096552991,-0.32448710097674366,-0.028821381042038317,0.2740095889355977,0.5552298810410009,0.7884966643903749,0.9524164483393324,1.0325053313055106,1.0224210943422947,0.9243755708322472,0.7487204283320608,0.512779266781357,0.23906615103069623,-0.04692011945240974,-0.31910852756289243,-0.5532510142642769,-0.7290894224897,-0.8321132174109458,-0.8547693702201578,1.088676984197761,0.006177939439366045
5.266187050359712,-0.7445799019569903,-0.5383310300143065,-0.2744731381323596,0.021311480257954575,0.3204470540456892,0.5943374129386453,0.8171644394610652,0.9683354176926184,1.034350935996761,1.0099336349928865,0.8983385006573614,0.710848359711771,0.46553514451476324,0.18543131211330852,-0.10369836137283703,-0.3757690177124946,-0.6067516586200721,-0.7768066125609598,-0.8719982229262269,-0.885456132296206,1.1051970213156619,0.023436899931173566
5.352517985611511,-0.7238593861498323,-0.503421631948003,-0.2277392465224662,0.07615594894190428,0.37872780574110965,0.6508847871366445,0.8668054533437317,1.0063658930168728,1.0569469860435152,1.0144710428045516,0.8835993470926381,0.6771053095532747,0.4145139999546947,0.12016110424245639,-0.17913164918626678,-0.4565439862477,-0.6876837399178002,-0.852744315474371,-0.9382155570583576,-0.9380132815855579,1.123678171986655,0.04568470875313513
5.438848920863309,-0.6993434910988169,-0.4562701327289824,-0.1618598415530834,0.15485268088965695,0.4629265404759005,0.732578970924086,0.9380554009834327,1.0600309884232124,1.0873281272353321,1.0178110723859575,0.8584041834743816,0.6242651962096124,0.337221218217698,0.023636416733134685,-0.28807755705124427,-0.5700763345829841,-0.797590470841293,-0.951112210832207,-1.0180818652367756,-0.9939403812220436,1.1454226486113077,0.0636709856146545
5.525179856115108,-0.6497933565291912,-0.3799013471431166,-0.06572334034859907,0.26159937008238415,0.5699231657249865,0.829262109611227,1.0146574748366486,1.1084869654830898,1.1020106471977398,0.9960334826912691,0.8006537773091815,0.5341535206748756,0.22116253162326796,-0.10971261468003407,-0.4285654550272955,-0.7069264986268197,-0.9203193001458617,-1.0504190878573954,-1.0866370867286623,-1.0270051214150686,1.170929615209025,0.07675565028319871
5.611510791366907,-0.5674452531366184,-0.2736711333945953,0.05409332150959889,0.38317223594593497,0.6810459425552164,0.9185295412211908,1.0725491508945961,1.1282589438705823,1.0803174407390888,0.9332303707610126,0.7007598525354986,0.4044864725421079,0.07168428765484255,-0.26727675804267675,-0.5817542216374435,-0.8436262762441952,-1.0298109281919345,-1.1242991072018451,-1.1195358933883544,-1.0170413709690804,1.1968154609203474,0.08567928430746588
5.697841726618705,-0.461785217616046,-0.1530058392074229,0.17760361795669083,0.4968434408727855,0.7729181878647527,0.9785307877784847,1.0934643001216673,1.1064166209402977,1.015936173941622,0.830399533831309,0.5670650501322583,0.25032085738549975,-0.09068605735055439,-0.42480571155994046,-0.721767882745841,-0.954933107329555,-1.1036740833771106,-1.155188514774944,-1.1055971025956848,-0.960242186546646,1.2148488669199191,0.09148980049916378
5.784172661870504,-0.35288114350029487,-0.03962534978754881,0.2834244725115069,0.5835532424152078,0.8306050928861982,0.9999056024603352,1.0745788647125103,1.0470533671120268,0.9196384339944726,0.704147307699143,0.42063399716467925,0.0953902858961099,-0.2415897259074164,-0.5594314932569269,-0.829227389638259,-1.0266567893084955,-1.134154654469564,-1.1424495013492522,-1.0513486588791827,-0.8697129225872973,1.2174963459148567,0.09468702754500205
5.870503597122302,-0.25886834042200546,0.0512802136388012,0.36075721973561325,0.637968989659583,0.8548399574139529,0.9895178692335062,1.028404158643712,0.967334265683432,0.8118229624405553,0.5763830603914561,0.28301277713625,-0.04098031344634854,-0.3655980455997262,-0.6609626156552985,-0.9000629442450807,-1.0611954442736624,-1.1298928454079236,-1.1001840472518694,-0.9750872612582827,-0.7663031977492203,1.2027302445939552,0.09478707695305105
5.956834532374101,-0.1857839696318015,0.11869748889231824,0.41382213107967797,0.6692978282066633,0.8591279537079192,0.9640945143638364,0.9735155831461804,0.8861313339395135,0.7100639682116047,0.4618876465932543,0.16492630528317448,-0.15303711994735383,-0.4624117364012127,-0.7345599077527588,-0.9444196321101456,-1.072760899446535,-1.1078878575362043,-1.04665046449966,-0.8946893242716233,-0.6659010042770648,1.1724606616558315,0.09081828951352981
6.0431654676259,-0.1261418663732835,0.17366909599535768,0.45636715709983583,0.6929007506619012,0.8592002912852149,0.9384490882780717,0.9225873453539147,0.8129311251535412,0.6198788834553984,0.3617659141673023,0.06300350588307387,-0.2483014846024097,-0.5430134482420039,-0.7936733533384478,-0.9770020046581334,-1.0759873251124732,-1.0813840409359334,-0.9925076536860982,-0.8172647540856359,-0.5714242055059573,1.1294609388981298,0.08315292450675725
6.129496402877698,-0.06667797816859033,0.22938317612703216,0.5004630293144783,0.718780439645543,0.8622114428043665,0.9163444901145851,0.8757313881947736,0.7442429250095259,0.5345280975125791,0.26666017722263236,-0.033876084378463615,-0.3386494902305214,-0.6189625273167144,-0.8485013728779764,-1.0057235283441923,-1.0757818857603296,-1.051829229458768,-0.9356021350071763,-0.7372435418887182,-0.4743847816052101,1.075425991804471,0.07537916187269347
6.215827338129497,0.00044138142061071056,0.2905911054802204,0.5474792815953763,0.7449111603711907,0.8630113317321956,0.8900365485718787,0.823352762332101,0.669513681297921,0.4434664847524407,0.16699051147390392,-0.133460152721826,-0.42929391006758083,-0.6924590636471236,-0.898020332219006,-1.02641195885137,-1.0651801867469894,-1.0100758087057915,-0.8654137395325561,-0.6436768573150463,-0.36440174407536297,1.0119927266536213,0.07245151504055583
6.302158273381295,0.07089583332056561,0.349783735819193,0.5874927965478014,0.7599265836998493,0.8498700356294334,0.8485253611265295,0.7561946209396556,0.5820756678601261,0.3432233940621395,0.0628030114218389,-0.2321797613470764,-0.5134490069565217,-0.754090920101986,-0.9310148228605928,-1.0270334536122443,-1.0323920911011624,-0.945626078739358,-0.7736830928810362,-0.5313060012370758,-0.23973065880484715,0.9452942608411433,0.07342064372651608
6.388489208633094,0.13078858246453218,0.3928612210938033,0.6075390508093484,0.7532146453724382,0.8155170305294863,0.7885579976314147,0.6753285374902148,0.4872398222386448,0.2428836337263393,-0.033844810863492336,-0.316068281976019,-0.5764699841046304,-0.7898250643822201,-0.9353002747846472,-0.9983289313890639,-0.9719096944281118,-0.8572283656538481,-0.6635578575595081,-0.4074489857539014,-0.11128036030470431,0.8902071503502441,0.07140282334732007
6.474820143884893,0.16694460782171494,0.4104789217364007,0.6029929780344032,0.7253205152218474,0.7656430771064421,0.7204773180474844,0.5948356108596703,0.4015767713003105,0.16003815808844063,-0.10589878048235463,-0.3701145719173213,-0.6067115617497156,-0.7924067088119316,-0.9086516473234546,-0.9433046333414593,-0.8917208628284593,-0.7571773048002175,-0.5506019942463836,-0.2896323233604688,0.0029208023352155638,0.8568543222802394,0.06887303726136362
6.561151079136691,0.17796447299964727,0.4072309685605801,0.5840668024602264,0.6911850397372677,0.718597694828348,0.6644130895313742,0.5348379337239296,0.3434156382965505,0.10960086667322666,-0.14317523581837643,-0.38975782718903695,-0.6056299267564362,-0.7691739883224697,-0.8636416707991269,-0.8786704901540408,-0.8112267698900891,-0.6659018906809251,-0.45454006911275036,-0.19522781170243225,0.08927497923203381,0.8428290173145727,0.07101467758193848
6.64748201438849,0.17831545095293985,0.4020575633623515,0.5725043817065418,0.673429124234938,0.6958706112459049,0.6388163957648985,0.5091135165893916,0.3206464322019156,0.092885770335115,-0.15103835308499647,-0.38655144702062766,-0.5899357843975828,-0.7405168963738404,-0.8225517181814668,-0.8266642378884997,-0.7507136900770897,-0.6000262013975567,-0.3869705045615478,-0.12990918831425105,0.1483937367726033,0.8403065391794996,0.07782101028117534
6.7338129496402885,0.19216940503068353,0.4189648447241552,0.5900195194752582,0.6895497516594158,0.709193848178271,0.6486220412357684,0.5153757072742218,0.3239812300294013,0.094445821009418,-0.14970924006146658,-0.3836907144409225,-0.5837490404048632,-0.7293675762502346,-0.8051421980248441,-0.8021970811989639,-0.7190213704479638,-0.5616574370253073,-0.3432218810120945,-0.08279265927851057,0.1962531442004187,0.842973143316831,0.08569060457758206
6.820143884892087,0.24041464335577775,0.47357760562881746,0.6455963970407828,0.7411060115078651,0.7525801190639947,0.6808484282333181,0.5348228034138284,0.33048671445269506,0.08926428206207214,-0.16406720462597138,-0.40372630075739274,-0.6053290607617465,-0.7481371676244193,-0.816964112255453,-0.8035815918664329,-0.7075092603473441,-0.5361196700895794,-0.30404393588257045,-0.031919368459058683,0.2554251931679968,0.8477791255489316,0.09089096227326651
6.9064748201438855,0.3288482486954639,0.5639482499230136,0.7297383698110887,0.8119208915173156,0.8046348396788812,0.7108073319751984,0.541683037678323,0.31560281283299474,0.05616443086988634,-0.21005484113308354,-0.45600452333585795,-0.6566751392291745,-0.7914050691883249,-0.8457860030320211,-0.8130076292102741,-0.6945277068131273,-0.5000071715266051,-0.24650834228475207,0.04298577676356978,0.34161543609738865,0.8552866407273235,0.0914822204496415
6.9928057553956835,0.4449556955162934,0.6714712732081582,0.8194336537473199,0.8766499221649492,0.8399553765730933,0.7153070036080162,0.5170330337986111,0.2663334594495817,-0.010812875886797732,-0.28613477101470686,-0.531723139392008,-0.7226209425960738,-0.8391270773614926,-0.868619786841127,-0.806745838450052,-0.6578730923925047,-0.43476298056780915,-0.15748231834093773,0.1483630744978353,0.4539314798426297,0.8692549666970384,0.08855977322489134
7.079136690647482,0.5652664172864755,0.7713552080015508,0.8908023582683479,0.9144657671713086,0.8426218610503949,0.68473504895922,0.45838527759694037,0.18747602589174467,-0.10009768181082793,-0.37510249575808474,-0.6097028626404501,-0.780041633323364,-0.8684448100501512,-0.8650640692171113,-0.7688177525314315,-0.5875479093650304,-0.33737413983509595,-0.04129056730104204,0.27288392524812477,0.5750345034785456,0.8916331054822543,0.08577297996570703
7.165467625899281,0.6685678708382511,0.8460563409567265,0.9315413579328333,0.9193934195600235,0.8134906976460917,0.6266513531913499,0.37925448688691654,0.09719797125849387,-0.19060715788555763,-0.45497393556096366,-0.6691645671490574,-0.8113672300934721,-0.8667137252492956,-0.8286675079746821,-0.6996639141702019,-0.49094506579776426,-0.2215972006750443,0.08313603736020045,0.3941288129024447,0.6810475991760713,0.9141224586316591,0.08205819364638904
7.251798561151079,0.7466432421751207,0.8933249786161986,0.9455511805112403,0.9010960901866417,0.7670628215264218,0.559014782760038,0.2993475206325523,0.015069726917961934,-0.26479355596587917,-0.5119381007326395,-0.7014163579081152,-0.8139450471504441,-0.8376889193586091,-0.7693703061964172,-0.6146096443645033,-0.3874644846000245,-0.10919970165554037,0.1936143810579033,0.49152075503928977,0.7549076419768842,0.9262298539809215,0.07383907020674496
7.338129496402878,0.8060099341402117,0.924174436987248,0.9473093032950802,0.8761501401142333,0.7204374684363726,0.4978039459352742,0.23196214617340946,-0.04962406295864931,-0.31836442666541986,-0.5472262446373903,-0.713242555975632,-0.7996302067013312,-0.7973393074048616,-0.7059038055187887,-0.533520040559122,-0.2963425830176514,-0.0170505464827193,0.27720113029894433,0.5572764363443973,0.7947866967850835,0.9233490034766859,0.06285870522840463
7.424460431654676,0.8601448125307407,0.9527170267009247,0.950220818021579,0.8559504429665282,0.6818557842194851,0.4472293561551031,0.1767524503019248,-0.10190649015600156,-0.36071767057469906,-0.5739054471550299,-0.7203270151716273,-0.7854126244552347,-0.7625047403351144,-0.6534837357150829,-0.46862556864172833,-0.22569889154200984,0.0516286191274142,0.3359462196155036,0.598638957924622,0.8125911958802421,0.9054871556205321,0.05340457422677786
7.510791366906475,0.9179040685136615,0.985040767895117,0.9569467033067323,0.8393590868683364,0.6463352296129523,0.398755290550494,0.12223969109156929,-0.15531731574265584,-0.4063718827414977,-0.6062812505467384,-0.7355622517654032,-0.7816676730503237,-0.7401323230761508,-0.614992494514024,-0.41844103045922176,-0.169741876012452,0.10651093683572953,0.38264844755383937,0.63050693817431,0.8241092327646026,0.8746561031476594,0.050583153823903645
7.597122302158274,0.9761817408482432,1.0146991177604985,0.9581342978462536,0.81480016400074,0.6009545992373311,0.3391179173364211,0.05586308973267466,-0.22071192789752148,-0.4636018202854806,-0.6493736726173535,-0.760298478533882,-0.7859564093523244,-0.7241823979756526,-0.5812721452019401,-0.3714279010424178,-0.1154847862724101,0.16098176482879267,0.4300126601195789,0.6638867322860287,0.8377776386986548,0.8350524271276336,0.05600862392040942
7.683453237410072,1.0217947151213362,1.0277393895830647,0.9401515655999886,0.7700230984758244,0.5357898386408918,0.2614725669267461,-0.025642324533599492,-0.2975671905432964,-0.5281949169221152,-0.6956762760589855,-0.7843931311997756,-0.7863637905103639,-0.701963844992684,-0.5399007530543422,-0.3164399659280043,-0.05394101855365459,0.22118002511387724,0.48089411050593245,0.6982006418230207,0.8497332718398032,0.7955061844777104,0.06481974232289787
7.769784172661871,1.0412070911269837,1.0136330668248361,0.8962619286913006,0.7025396782223339,0.45269658245702765,0.1717513752277503,-0.1128693592718465,-0.3738799421864411,-0.5866297328060609,-0.7313309740465934,-0.7948349390137913,-0.771809806377914,-0.665222257565745,-0.48608004788155545,-0.25245155812746845,0.012162842629201108,0.2809776098026604,0.5264094361382963,0.7226918463835404,0.8483833429800274,0.7695717806165251,0.07200050860350515
7.856115107913669,1.0312852294613883,0.9743848037308596,0.8332895236716573,0.6232653334911089,0.3656153285976481,0.08561519416259422,-0.18986143151835697,-0.4348154473738885,-0.6264797628830892,-0.7473640646469728,-0.786818069269603,-0.7419845270881552,-0.6180617967064339,-0.4278500122803737,-0.1906116979964389,0.06966613963970092,0.3264695122825367,0.5532319111301749,0.7258716218441628,0.8251623277133827,0.7670170555102247,0.0796903721720199
7.942446043165468,1.003440457380722,0.9252262521782966,0.768816619514503,0.5504824434006187,0.2918484064934175,0.017827914394235596,-0.245691556404233,-0.4742094218795639,-0.646818854241862,-0.7480763356257298,-0.7693802120574347,-0.7097441208652122,-0.5758983586495499,-0.3817045273842872,-0.1469233452362419,0.10457082407442381,0.34698596732194725,0.5550353894206016,0.7063757659189682,0.7838363001452793,0.7889399493057239,0.08854949443403842
8.028776978417266,0.9778521835127679,0.8859141314784478,0.7203445354743452,0.49783916463183764,0.2399713710415763,-0.0288414365236426,-0.28358396553045745,-0.5009077789410947,-0.6612245515596459,-0.7504549881048838,-0.7612891727862771,-0.693852261129991,-0.5557150193774081,-0.36123947414789526,-0.1303031911534834,0.11350171166849866,0.34505050461479814,0.5400647366044653,0.6774771512037951,0.7415614547020435,0.8287085763739418,0.0966906343791107
8.115107913669066,0.9711100443652332,0.8680266589523896,0.6933841774302856,0.46429865213819654,0.20253519912404294,-0.0675189835343325,-0.32107892999586035,-0.535193816823228,-0.6908003139804239,-0.7744274814646015,-0.7794109007666736,-0.70651108102064,-0.5638764916505891,-0.3663426563095802,-0.13411285364622666,0.10908030321754278,0.33818386306269593,0.5292152728953644,0.6616193113241708,0.720366663470527,0.8786578397919438,0.10199201590922038
8.201438848920864,0.9851565341043683,0.866539082463402,0.6764158770670581,0.432928189199113,0.15878409055110215,-0.12083377418871964,-0.3805501851033506,-0.5970758734491345,-0.7512924267593973,-0.8299695332278113,-0.826968599816545,-0.7438254506538614,-0.5896523051329059,-0.38035319059230616,-0.13720426472678787,0.11509269801758835,0.350723785955285,0.545242118441446,0.6779852048509267,0.7341962271702944,0.9328418124876207,0.10377567121996206
8.287769784172662,1.0048070195696583,0.8613980934033767,0.6463707232002598,0.3797877742427513,0.08614505681632358,-0.2078668862856137,-0.47577182115459754,-0.693684024454224,-0.8424522383437659,-0.9093901734235199,-0.8894435215409596,-0.7856861341907951,-0.6090902071981383,-0.3775741899993597,-0.11439402877042172,0.15399629690335898,0.4004354117799057,0.5996755530367999,0.7308893915921989,0.7798160800920605,0.9887889568085402,0.10264326117084395
8.374100719424462,1.0057179634505584,0.8284430167014107,0.5815180823889342,0.28761994864459195,-0.026516217367085287,-0.33252645695794847,-0.6029737977197912,-0.8138137311845481,-0.9465609241852152,-0.9899716616960784,-0.9410932647880996,-0.8055804838470864,-0.5972371130626268,-0.33680540140293147,-0.05009190204486312,0.23441898353436993,0.48825909064963724,0.6857351000459169,0.8064903117631984,0.837613976877706,1.04693771782128,0.09979043345141377
8.46043165467626,0.967985066438509,0.7530012465330552,0.4738307538663768,0.15586693616576394,-0.17213317537238804,-0.4806545500014962,-0.7420836066487222,-0.9331954661107922,-1.0372571344296826,-1.0455643468383813,-0.9582733774162047,-0.7844444153511128,-0.541277032225217,-0.25258679681100094,0.05335969606716376,0.34647188712927807,0.5976946665221311,0.7818379224372444,0.8801041286219129,0.8820577418310889,1.1067016406283812,0.0961275438448721
8.546762589928058,0.886957146118227,0.6377627841002304,0.3332040087011532,0.0008460821787844852,-0.3293310541399256,-0.6276460437928023,-0.8673933752521381,-1.0272565318114555,-1.0932501104585843,-1.060020567530632,-0.9313852463279287,-0.7200500192474223,-0.4465136357650652,-0.1372372065074992,0.17777515031748947,0.4677795082177162,0.7042298491429608,0.8635767471035972,0.9296536009677621,0.8954037530518922,1.1626546289713564,0.09018912187675347
8.633093525179856,0.7746989179118635,0.5002420323642741,0.18113297838277093,-0.15379984890006593,-0.47435495756424706,-0.7516906445881931,-0.9609309816711435,-1.0834224044657592,-1.1084462231615513,-1.0342348542303383,-0.8681943764510655,-0.6263000258412925,-0.3317005078044037,-0.012636718685949382,0.3001548795434376,0.5763303045787658,0.7888566710883546,0.916685397831386,0.9469142016849735,0.8762089078898863,1.2073193531553996,0.0792118310531124
8.719424460431656,0.6516021003222122,0.3618304396591535,0.03817872611303647,-0.29010634911368816,-0.59338132079819,-0.8442892121389802,-1.0202365193520972,-1.1054520756885098,-1.092449020808697,-0.9827578161475286,-0.7868560122659746,-0.5232859358673523,-0.21702044778373508,0.102795535582302,0.4055395383750552,0.6620061202011116,0.8472362819212019,0.9430098735995656,0.9397483368044528,0.8376203833106595,1.2338878849469714,0.06444316579783439
8.805755395683454,0.5339409540063399,0.23574177671692598,-0.08662119846904012,-0.40396366717741033,-0.6875468304948845,-0.9116798796699472,-1.0560514040306659,-1.1075899313922986,-1.0616907836419591,-0.92269605268383,-0.7035740211670469,-0.424810252296895,-0.11259052572377609,0.2035792747108891,0.49361490772175554,0.7297137549167101,0.8890671817236145,0.9561605426310404,0.9244229285702035,0.7970409775693323,1.2402078193951098,0.048758277953378205
8.892086330935252,0.42557552489000544,0.1216024246375785,-0.19778919491750926,-0.5035928985633599,-0.7679938218962238,-0.966888522893898,-1.0820778594080085,-1.1029444070801373,-1.0274661391694218,-0.862470105558252,-0.6230907845182949,-0.3314639628869877,-0.014753937403285337,0.2973256829467644,0.5752848959214699,0.792674563811447,0.9286825555675355,0.9702514453846478,0.913494269832813,0.7642432863323373,1.2276082198876432,0.03884268243882981
8.978417266187051,0.31898736033962416,0.009801324679509539,-0.30612611083129593,-0.5999766301094863,-0.8448612755529168,-1.0182580201241727,-1.1040675349249849,-1.0941096419649505,-0.9889263674825371,-0.7978119708356186,-0.538052763425172,-0.2334260831219877,0.08792623203822397,0.39607447376151445,0.662103955315899,0.8608889800093067,0.9735730942354544,0.9895060226426358,0.9074284939421412,0.7357607151856305,1.199943674547435,0.0403592970453031
9.06474820143885,0.2044403346897947,-0.10789546071080455,-0.4175843234127254,-0.6962074281554151,-0.9180555411294586,-1.0624632647688077,-1.1157051337132236,-1.0722887277061897,-0.9355266588142468,-0.7173261247251028,-0.437198455213867,-0.1205576433457254,0.20355862316580217,0.505154900935405,0.7560965421695293,0.9328211672217435,1.0186807812055532,1.0056748934405966,0.8953829376615622,0.6989748223742359,1.1619392413628131,0.04756660842944753
9.151079136690647,0.08056528602741848,-0.22913971057033772,-0.526259009829591,-0.7832978557748848,-0.976252295725582,-1.0867960170501267,-1.103976759718142,-1.0252733015036535,-0.8569134220001042,-0.6134117214391444,-0.3163503058691106,0.007509075073111271,0.3286308284788379,0.6174256825800858,0.8470433133997552,0.9959768772691001,1.050223695541689,1.0047764271888247,0.8642737481291918,0.6427153053195296,1.1194528934976578,0.05370379217045622
9.237410071942447,-0.04127085491645899,-0.33985698854003105,-0.6165688703295457,-0.8454914535802863,-1.0048665958388836,-1.0790881233556393,-1.0601682750149721,-0.9485445743300701,-0.7531469948198315,-0.49070403634353293,-0.18432955497311335,0.13850441151953663,0.4484450382037387,0.716974328675708,0.9191184837859312,1.0358945478085473,1.056249604799118,0.9782844942099352,0.8096142379114052,0.5667968596864621,1.080462651151689,0.059172856414405055
9.323741007194245,-0.14221297721664222,-0.42228485178569736,-0.6733682804869938,-0.8715501729586896,-0.9975145961213244,-1.038333000518183,-0.988708270949029,-0.8515585393260146,-0.6378773838374653,-0.3658648044889432,-0.05938475347885999,0.2541343132391962,0.5461844597301146,0.7898337136857648,0.9623094853243529,1.0472611290032203,1.0364701948202328,0.9308187033885151,0.740389922539656,0.48365775578606346,1.0528694780212973,0.06705007188358128
9.410071942446043,-0.20759844572698316,-0.46697387887828584,-0.693202637020268,-0.8642670232435803,-0.9629438418226958,-0.9784253269322416,-0.9073935745352908,-0.7544461812137779,-0.5318205227297751,-0.2584206000501409,0.041789828033601484,0.3419054233633762,0.6145339354748209,0.8343718795840476,0.9806621074811677,1.0392917994418542,1.0043108845180366,0.8786963919847022,0.6742551653791455,0.41064032170591486,1.039504930326832,0.07601643243515523
9.496402877697843,-0.2373527206728058,-0.480627638898098,-0.6889017019293092,-0.8414131189648756,-0.9222603195234984,-0.9219258429434207,-0.8382568891579927,-0.6768049771407507,-0.45047654073033355,-0.17850268615999274,0.11520388806925624,0.4041783112525389,0.6618410244805587,0.8640257297346725,0.991358699526007,1.031250862410193,0.9792889148506032,0.8398606128362067,0.6259192388185814,0.3578770375118185,1.038581387617716,0.08252035648100318
9.582733812949641,-0.24795506330335795,-0.484167165269349,-0.6839267154912242,-0.8268831308918115,-0.8976725901172277,-0.8874166266619216,-0.7946665014271055,-0.6256953405832175,-0.39409109337126824,-0.11966193266527886,0.17327224552324044,0.45806821700875805,0.7082409614186673,0.9000125289837317,1.0146826423034327,1.0405790267984873,0.9743744173967315,0.8216107126507175,0.5963450225828426,0.31992066981093914,1.0477208390842434,0.08453289659687169
9.66906474820144,-0.2641854717760264,-0.5017177941561126,-0.6995912610666088,-0.8373002181650743,-0.8996830450572793,-0.8784250096090082,-0.7729704336120089,-0.5907455289593008,-0.3466486205653036,-0.061827531588410645,0.23817001427112108,0.5257238348032726,0.7737434394693086,0.9583035222469124,1.06105460779366,1.0711591635298758,0.9865387533465341,0.8142782589848143,0.5701140855175448,0.2770269435165756,1.0650482232602598,0.0833941883604177
9.755395683453237,-0.30550495364006364,-0.5471871497310443,-0.7430433468682205,-0.8724799932632141,-0.9208860481317901,-0.8811062739867804,-0.7542630735608346,-0.5498332141686031,-0.284947362719597,0.017050925043197523,0.32867972104702187,0.6208541518551637,0.8656564230883864,1.0390789407473628,1.1234678627977825,1.1094106758848281,0.9968556773719078,0.7953209099226975,0.5231392364573174,0.20578610782033288,1.088996465512795,0.08360341951365292
9.841726618705037,-0.3754782772525386,-0.6167894035954806,-0.8035616308052531,-0.9158282606896039,-0.9404262569745065,-0.8723550404108454,-0.7154125207301562,-0.4820288271124838,-0.19228633467541997,0.12781165561792385,0.44868805186172067,0.7399538823266891,0.973333379713277,1.1254716228458146,1.1803416761275378,1.130994856857755,0.9804530538374909,0.741621992657798,0.43620180792352004,0.0926763899562727,1.1180914242350324,0.08899791856263785
9.928057553956835,-0.46076617778686985,-0.692136920530899,-0.8594672376830416,-0.9444484474164512,-0.9363880034708718,-0.8333561758718816,-0.642546927858812,-0.3797962768683531,-0.06827473639359954,0.2635529180769012,0.5845341047557472,0.8637722748988652,1.073634991486698,1.1925330796811024,1.2071861803505157,1.11412853258929,0.9202754776060312,0.6424607449334478,0.3059586428541293,-0.05788695672517355,1.1504008682882179,0.09779377486085017
10.014388489208633,-0.540109045632509,-0.751793004480155,-0.8912047751968485,-0.9425702221122756,-0.8983572926332556,-0.7601419472213128,-0.5386474859239219,-0.2529282926743984,0.07125486555464326,0.40374402404437826,0.7127832922408863,0.9680571963743394,1.1436812318218188,1.2208482502331612,1.1898543973609623,1.051278289268113,0.8161638415376008,0.5051541312336887,0.14663143850264082,-0.22597425513847455,1.1819158009180515,0.10499330318254761
10.100719424460433,-0.5973860406428328,-0.7838523533530862,-0.8923069658507066,-0.9099034346482066,-0.8324025031528951,-0.6647386237473771,-0.42074414706295826,-0.12203007923292797,0.20390102973243396,0.5261596821743043,0.8133753628674372,1.036738219068386,1.1728842988452461,1.206333166898431,1.131217605164349,0.9521049776994476,0.6837943809021055,0.3500753377304936,-0.018457679462167025,-0.38733699675254374,1.2055194724219054,0.11006718934827814
10.18705035971223,-0.6303969282562408,-0.7916554906379277,-0.8715152781683907,-0.8599592439794465,-0.7557306207196753,-0.5666218802679142,-0.3089232494511216,-0.0060546486096325555,0.31351924229955486,0.6189193501249184,0.8797961572874837,1.0693133321375312,1.1668794212020783,1.1603466102988356,1.047435814207609,0.8362152647580732,0.5445499782018427,0.1985435569855217,-0.16989904032104064,-0.5261607749732673,1.214751655851176,0.11626161535559175
10.273381294964029,-0.6500359882728354,-0.7894085726023636,-0.8452209229527048,-0.8099729944481815,-0.6849801590355732,-0.4804169313921215,-0.21452895570929295,0.0879409414174959,0.3979922368182648,0.6850828860912126,0.9200782180366804,1.0781535555764572,1.1413620915160094,1.1005988620487575,0.9567401165003437,0.7208120115327632,0.4131370709523372,0.06151207749242326,-0.30142416715723114,-0.641382389004134,1.2064587512287548,0.1252479579774968
10.359712230215829,-0.670969488711642,-0.7911598754030861,-0.8257115689162179,-0.7694605123041509,-0.6261024167380712,-0.4080058616040379,-0.13520305584100062,0.16637503786401675,0.4672792317738665,0.7373331652991304,0.9485798940444877,1.0781009295181865,1.1104231901538482,1.0392569858059997,0.8683643475162618,0.611437789366012,0.29096777281614655,-0.06381709651318973,-0.4197512635402241,-0.7430028314531466,1.1791449792618078,0.13592702171309182
10.446043165467627,-0.7005122534112422,-0.8008610691068967,-0.8132961961734836,-0.7351049696133023,-0.5724661924029553,-0.3400226026050336,-0.059643322589912805,0.24153526655617724,0.5336302215938805,0.7868729747246923,0.9745451304750891,1.0757030587576362,1.0774121646802994,0.9762479040436177,0.7788844836739293,0.5016788104593966,0.16925859835629142,-0.1877708208641814,-0.5357882283045029,-0.8414948811630374,1.1328745073713347,0.14543600387277228
10.532374100719425,-0.7334396617904597,-0.8103114204497023,-0.7975619747954691,-0.6952151022846745,-0.5121238568018969,-0.2652857659866718,0.021629200675272693,0.32042700320050493,0.6010345679912741,0.8344053860878586,0.9954123064635574,1.0654416707110008,1.03441874222741,0.902039182936928,0.6780525546477502,0.3815355779575893,0.0391963483281287,-0.3171450258324019,-0.65366063678802,-0.9378941249949733,1.071355632426677,0.15062429540457148
10.618705035971223,-0.7563121518542868,-0.8063057160861238,-0.7667098185044534,-0.6404207470812718,-0.43892056052938316,-0.18134011388813515,0.10722638955594774,0.39802370278058724,0.6613583801078844,0.8694954058240023,0.9994521381752085,1.0354091412684083,0.9704819928659377,0.8076509100840803,0.5597224908548999,0.24829326201932295,-0.09821141196261919,-0.44724839179215514,-0.7653564590601871,-1.0215217982648248,1.0052646322687453,0.1481037744518949
10.705035971223023,-0.7583292222044002,-0.7819592126722447,-0.7183462901017507,-0.5729777074011453,-0.359492248153249,-0.09853421612000608,0.18408921084430807,0.45979970751018334,0.6999812074052079,0.8788034664986859,0.9758619486056268,0.9783641112032686,0.8826242667253777,0.6946883733780717,0.4299919837285367,0.11205166718983085,-0.2297074075642047,-0.5627887279389714,-0.8548486723643374,-1.0769784978239816,0.947303864995577,0.13943272752237257
10.79136690647482,-0.7411633633886804,-0.744217471774376,-0.6640092344932315,-0.5079164782441872,-0.29094614064026214,-0.03444986221480269,0.23580394483638392,0.4920441378563001,0.7071841925448829,0.8575314225579869,0.9252504936561373,0.9003239112611608,0.7817900967528237,0.5781034493765094,0.3065453222931426,-0.008287924161460444,-0.3367939406193078,-0.647253808332946,-0.9090142670521547,-1.0956334173088889,0.9063712088081811,0.1282688418827894
10.877697841726619,-0.7207233360512117,-0.7119796039933323,-0.6238301525059506,-0.46473128452237566,-0.25032784227333743,-0.0020946600904485635,0.254625724219556,0.4930259070462802,0.6874613897187528,0.8160528696493526,0.8630009883114234,0.8203664589935981,0.6891108485963854,0.4792605267632415,0.20914270239683547,-0.09626050597276287,-0.40769689783005064,-0.6945389291135161,-0.9278953219603711,-1.0836129285574818,0.8821393904847155,0.11531666478421472
10.964028776978418,-0.7190683516960451,-0.7054921056209799,-0.6143651207121836,-0.4547430113433488,-0.2426502994287361,0.000331456244990886,0.24906112560418725,0.47725144803201697,0.6600776079434376,0.77672767510563,0.8126333945089266,0.7611388899007218,0.6244114340368225,0.41346940332008997,0.14729148711808562,-0.14893094870093923,-0.4462406148841498,-0.7148199681156485,-0.9270568799286988,-1.0604444545059273,0.8690459461256494,0.100307361151625
11.050359712230216,-0.7512687075492261,-0.7335855944751495,-0.6373544030478867,-0.47238953161418473,-0.25549358725050614,-0.008953303631075063,0.24154946150882645,0.46942993862907406,0.6498632602712127,0.7623549810707305,0.792951978420489,0.7358505418623275,0.5942106718432931,0.38006195420020006,0.11327963657897056,-0.1802901231533129,-0.47138080071191063,-0.7302765414772593,-0.9298941266131124,-1.0486455305565798,0.8632560146323336,0.08331147182738902
11.136690647482014,-0.815526280346816,-0.7869891944217414,-0.6768302670023678,-0.4963846417020999,-0.2641081323468295,-0.0038989267641031944,0.25716677704157026,0.4914833025815603,0.6736965228844775,0.7833390795822681,0.8070429110640467,0.7400837297240432,0.5870723048382241,0.36169131996933057,0.0854759258004686,-0.21425979879084928,-0.5071513650083819,-0.7628902550458431,-0.9543818938355998,-1.060615473099708,0.864436387044643,0.06567253947762049
11.223021582733814,-0.8929691108642859,-0.8422206434961408,-0.7067531495668312,-0.5004137986957278,-0.24420858987224922,0.03563394742746648,0.310168807319688,0.5505817916984472,0.7311032895442303,0.8316936662419443,0.8402155730481448,0.753850095461079,0.5795840770211192,0.33368891166513237,0.04021716483399233,-0.27134904687403355,-0.5690673597061858,-0.8218176444647634,-1.0025513893655504,-1.0911580595861519,0.874839998689852,0.05101603298099678
11.309352517985612,-0.9574225010589826,-0.873828371633493,-0.7046259042539933,-0.4668979113849733,-0.18465094024441947,0.1134220269384414,0.3967020083664987,0.635670969723523,0.8049091943422478,0.8857563615053647,0.8683511569654461,0.7528177615967396,0.5494490680010216,0.2778383251454618,-0.0349774727908566,-0.3571901407059259,-0.65544284086323,-0.8982698294938132,-1.0593893635309815,-1.1204947184720566,0.8971620570106079,0.04465606863067258
11.39568345323741,-0.9891184006457017,-0.867444638425093,-0.6627179142730926,-0.3953792400986022,-0.09222572461843298,0.21611023735617765,0.49812776540847015,0.7245897311665406,0.8715098789682542,0.9226852542342951,0.8714984552685441,0.72177984382677,0.48761155893318053,0.19206404994900877,-0.13502966961443183,-0.4600496340154423,-0.7490147307610008,-0.9711025835979341,-1.101889355500428,-1.1259588982493751,0.9301499934080943,0.04491519204663977
11.48201438848921,-0.9838761837321892,-0.8256706070812756,-0.590122605705075,-0.3005630205889018,0.01414340067063068,0.3223371647270608,0.5926526508867007,0.7971593788943672,0.9142399792407361,0.9309020436424876,0.8442672610293475,0.6620575934575089,0.40199794601637784,0.09016782048168005,-0.2415514195627416,-0.5586848614922021,-0.8277011800243326,-1.0195080622416322,-1.1125319736694468,-1.0950468299721223,0.9689089446983175,0.0448780306383334
11.568345323741008,-0.9523416319735457,-0.7635249191156511,-0.5048186472506884,-0.20169960537199352,0.11574584399943402,0.41570124902564093,0.6677480274366201,0.845936546252961,0.9314867197576682,0.9148290555703524,0.7967539652898525,0.5885221237834555,0.3108937908571249,-0.007850555654464998,-0.3347148210040148,-0.6353388353917795,-0.8775515938668766,-1.034750671495835,-1.0887433816978391,-1.0317375793811285,1.0045690580122195,0.049257098541767
11.654676258992806,-0.9103759600345152,-0.6969381283860309,-0.42129809781194416,-0.11045519478779645,0.20488045704236696,0.4932503413780777,0.7255629545196256,0.8780534622431155,0.9347808114114995,0.8893902608898955,0.7459352455306274,0.5186441866652969,0.23062641953292373,-0.08837467088709891,-0.404966752092152,-0.685530944261629,-0.8997250734280134,-1.0236942516800651,-1.0426397878315166,-0.9524618357418694,1.0272808594441634,0.059314998590627555
11.741007194244604,-0.8673558754119169,-0.6321330611518816,-0.3419808640426803,-0.025135442537607827,0.2872962693043073,0.5643566774400809,0.7783213091848993,0.9075364355175013,0.9387123053982203,0.8684179377961097,0.7035974035385957,0.4610248116726494,0.16572604339017938,-0.15149234293781344,-0.45716555044069057,-0.7186252720781409,-0.9074234794891204,-1.0023575322655944,-0.9917657185727864,-0.8748372987109556,1.0290248005609797,0.06595363334759065
11.827338129496404,-0.8202675815675946,-0.5628632469310927,-0.2578535559299269,0.06532097757715333,0.37518848825894513,0.6413156322411605,0.8373517746106335,0.9437379419632492,0.9497922446113072,0.854936851174976,0.6689131904587344,0.41093430854707214,0.10783569119717892,-0.2086040193637811,-0.5049059336477428,-0.7493626119641256,-0.9153709564119056,-0.9842665067488732,-0.9473479210287797,-0.8068650515493859,1.0204533001865321,0.07477406360019435
11.913669064748202,-0.7573631314912169,-0.4770190302291122,-0.1574472447209485,0.170782318708269,0.4759873621363017,0.7284745240921793,0.9035199335972585,0.9839224546067904,0.9618543464851024,0.8397966228547286,0.630435183548265,0.35550027606561474,0.04364479252464215,-0.272436337471252,-0.5593554316415437,-0.7865015414668065,-0.9292609311595844,-0.9716396769635813,-0.907999621442388,-0.7437126505173691,1.0079823212088095,0.08470476708109717
12.0,-0.6685745339007674,-0.36771944922294414,-0.03762883095901919,0.29038538670773434,0.5849154960377544,0.817544200564977,0.9657104586671915,1.0150565221620635,0.9609989686504979,0.8093377149236827,0.5758119480487806,0.2846211863378888,-0.033958470988361016,-0.3466311742872369,-0.6205001874045522,-0.826490828251333,-0.9424115685323844,-0.9553204306645369,-0.8629350612358088,-0.6739267674870004,1.0003601342631459,0.09495813517548436
