form_stability_strength,L_raw,L_law,L_data,compression_ratio,prediction_error,ood_stability,latent_constraint_preservation,compression_to_error_ratio
0.02,14000,1168.7257519999998,320,9.404015468390986,0.5052,0.3007856927824093,0.18366000000000005,0.846903410337805
0.02657718120805369,14000,1142.996901511538,320,9.569398257464176,0.4987759920724291,0.30757983948711776,0.1945808134768705,0.8718856505844718
0.033154362416107384,14000,1117.7517842193013,320,9.73742488353231,0.49239524345750196,0.3143533595656347,0.20542808612224672,0.897631846977587
0.03973154362416108,14000,1092.9841067122668,320,9.908108614593845,0.48605775415521824,0.3211061759603291,0.21620181793612903,0.9241642843324026
0.046308724832214765,14000,1068.687618246606,320,10.081460953527312,0.4797635241655782,0.3278382107967309,0.22690200891851708,0.9515057656533125
0.05288590604026845,14000,1044.8561107456826,320,10.257491533192585,0.4735125534885816,0.3345493853691892,0.23752865906941134,0.9796796146375801
0.05946308724832215,14000,1021.4834188000543,320,10.436208009580083,0.4673048421242286,0.3412396201261737,0.24808176838881135,1.0087096775206554
0.06604026845637584,14000,998.5634196674722,320,10.6176159532248,0.4611403900725192,0.3479088346552157,0.25856133687671734,1.0386203242242704
0.07261744966442953,14000,976.0900332728811,320,10.80171873912745,0.4550191973334535,0.3545569476674707,0.2689673645331292,1.0694364487688282
0.07919463087248323,14000,954.0572222084179,320,10.988517435451417,0.4489412639070312,0.36118387698189425,0.279299851358047,1.1011834689121776
0.08577181208053691,14000,932.4589917334145,320,11.178010691291277,0.44290658979325265,0.36778953950901583,0.2895587973514706,1.1338873249777246
0.0923489932885906,14000,911.2893897743944,320,11.370194623836708,0.4369151749921175,0.3743738512343009,0.2997442025134003,1.1675744778359778
0.0989261744966443,14000,890.542506925076,320,11.56506270528384,0.430967019503626,0.3809367272010836,0.30985606684383593,1.202271906005049
0.10550335570469799,14000,870.2124764463705,320,11.762605649875173,0.425062123327778,0.3874780814930592,0.31989439034277745,1.238007101837431
0.11208053691275167,14000,850.2934742663829,320,11.962811301478139,0.4192004864645737,0.3939978272163195,0.3298591730102248,1.2748080667624557
0.11865771812080537,14000,830.7797189804103,320,12.16566452214155,0.4133821089140129,0.400495876480918,0.3397504148461782,1.312703305556307
0.12523489932885906,14000,811.6654718509449,320,12.371147082098112,0.40760699067609574,0.4069721403819453,0.3495681158506373,1.351721819614277
0.13181208053691273,14000,792.9450368076704,320,12.579237551709715,0.40187513175082207,0.413426528980102,0.3593122760236025,1.391893099203155
0.13838926174496644,14000,774.6127604474657,320,12.78991119587986,0.396186532138192,0.419858951281749,0.36898289536507367,1.4332471146751908
0.14496644295302014,14000,756.6630320344017,320,13.003139871484574,0.39054119183820546,0.42626931521841893,0.3785799738750508,1.4758143066290323
0.1515436241610738,14000,739.090283499744,320,13.218891928398456,0.38493911085086263,0.4326575276257679,0.3881035115535336,1.5196255750073386
0.1581208053691275,14000,721.8889894419501,320,13.43713211471655,0.37938028917616323,0.4390234942219503,0.3975535084005225,1.5647122671254772
0.16469798657718118,14000,705.0536671266719,320,13.657821486794349,0.37386472681410754,0.4453671195853931,0.40692996441601725,1.6111061646307028
0.17127516778523488,14000,688.5788764867541,320,13.880917324748141,0.36839242376469533,0.4516883071319526,0.416232879600018,1.6588394693966535
0.17785234899328858,14000,672.4592201222351,320,14.106373054074409,0.36296338002792666,0.4579869590914256,0.4254622539525247,1.7079447883636152
0.18442953020134226,14000,656.6893433003469,320,14.334138174060927,0.3575775956038017,0.46426297648339687,0.43461808747353714,1.7584551173410015
0.19100671140939596,14000,641.263933955514,320,14.564158193672439,0.3522350704923202,0.4705162590923957,0.4437003801630557,1.810403823794687
0.19758389261744966,14000,626.177722689355,320,14.796374575600126,0.3469358046934823,0.4767467054423362,0.4527091320210802,1.8638246286482056
0.20416107382550333,14000,611.4254827706823,320,15.030724689166371,0.341679798207288,0.482954212770216,0.4616443430476105,1.9187515871333871
0.21073825503355703,14000,597.0020301355003,320,15.267141772773718,0.33646705103373725,0.48913867699904434,0.47050601324264674,1.9752190687325824
0.21731543624161073,14000,582.9022233870079,320,15.505554906579544,0.33129756317283005,0.4952999927099704,0.47929414260618897,2.0332617362612635
0.2238926174496644,14000,569.1209637955972,320,15.745888996065224,0.32617133462456654,0.5014380531135818,0.48800873113823695,2.092914524146321
0.2304697986577181,14000,555.653195298853,320,15.988064767150103,0.3210883653889465,0.5075527500203425,0.496649778838791,2.1542126159617854
0.2370469798657718,14000,542.4939045015544,320,16.23199877347628,0.31604865546597,0.5136439738101326,0.5052172857078511,2.217191421289799
0.24362416107382548,14000,529.6381206756735,320,16.477603416459846,0.31105220485563717,0.5197116134008606,0.5137112517454169,2.2818865519805147
0.2502013422818792,14000,517.0809157603753,320,16.72478697866727,0.3060990135579479,0.5257555562161073,0.5221316769514887,2.3483337978898464
0.2567785234899329,14000,504.81740436201886,320,16.97345367103249,0.30118908157290214,0.5317756881517629,0.5304785613260664,2.4165691021787974
0.2633557046979866,14000,492.84274375415623,320,17.223503694380387,0.29632240890049993,0.5377718935416207,0.5387519048691501,2.486628536262114
0.26993288590604025,14000,481.1521338775334,320,17.474833315665965,0.29149899554074143,0.5437440551218794,0.5469517075807396,2.558548274497221
0.276510067114094,14000,469.7408173400886,320,17.727334959275804,0.2867188414936264,0.5496920539945153,0.5550779694608352,2.632364568706702
0.28308724832214766,14000,458.6040794169546,320,17.980897313668944,0.28198194675915506,0.5556157695894711,0.5631306905094364,2.7081137226286667
0.28966442953020133,14000,447.73724805045674,320,18.23540545355942,0.2772883113373272,0.5615150796256199,0.5711098707265438,2.785832066389423
0.29624161073825506,14000,437.1356938501142,320,18.490740977761245,0.2726379352281429,0.5673898600704448,0.5790155101121571,2.8655559310913206
0.30281879194630873,14000,426.79483009263936,320,18.746782162730437,0.26803081843160215,0.573239985098386,0.5868476086662764,2.947321623605834
0.3093959731543624,14000,416.71011272193823,320,19.003404131747164,0.26346696094770505,0.5790653270477948,0.5946061663889014,3.0311654016573466
0.31597315436241613,14000,406.8770403491096,320,19.26047903958554,0.2589463627764515,0.584865756376435,0.6022911832800324,3.1171234492768742
0.3225503355704698,14000,397.2911542524462,320,19.5178762724192,0.2544690239178416,0.5906411416154694,0.6099026593396693,3.2052318526967682
0.3291275167785235,14000,387.9480383774337,320,19.775462662608685,0.2500349443718752,0.596391349321863,0.6174405945678123,3.2955265767473727
0.3357046979865772,14000,378.8433193367516,320,20.033102717912396,0.2456441241385523,0.6021162440291326,0.6249049889644611,3.3880434418043723
0.3422818791946309,14000,369.9726664102725,320,20.290658864557543,0.24129656321787302,0.6078156881963708,0.6322958425296159,3.4828181013212474
0.34885906040268455,14000,361.3317915450624,320,20.547991703501857,0.23699226160983738,0.6134895421554623,0.6396131552632764,3.5798860199646447
0.3554362416107383,14000,352.91644935538056,320,20.804960279112336,0.23273121931444526,0.6191376640564135,0.6468569271654431,3.6792824523516234
0.36201342281879195,14000,344.7224371226801,320,21.061422359384242,0.2285134363316968,0.6247599098107035,0.6540271582361155,3.7810424223664834
0.3685906040268456,14000,336.7455947956067,320,21.31723472672413,0.2243389126615918,0.6303561330325698,0.6611238484752939,3.8852007030114253
0.37516778523489935,14000,328.98180499,320,21.57225347822459,0.22020764830413042,0.6359261849781237,0.6681469978829783,3.9917917967192555
0.381744966442953,14000,321.42699298889306,320,21.82633433426838,0.2161196432593126,0.6414699144821994,0.6750966064591686,4.100849916028246
0.3883221476510067,14000,314.0771267425121,320,22.079332954215147,0.21207489752713843,0.6469871678928216,0.6819726742038646,4.212408964488631
0.39489932885906043,14000,306.92821686827654,320,22.331105257847295,0.20807341110760774,0.6524777890031775,0.6887752011170669,4.326502517637509
0.4014765100671141,14000,299.9763166507996,320,22.581507751183132,0.2041151840007207,0.6579416189809704,0.6955041871987748,4.443163803843986
0.4080536912751678,14000,293.2175220418875,320,22.83039785520625,0.20020021620647718,0.6633784962950233,0.7021596324489887,4.5624256847894795
0.4146308724832215,14000,286.64797166053995,320,23.077634236011153,0.19632850772487723,0.6687882566389951,0.7087415368677087,4.684320635309174
0.4212080536912752,14000,280.26384679295023,320,23.323077134827074,0.19250005855592087,0.6741707328520605,0.7152499004549345,4.80888072228006
0.42778523489932885,14000,274.06137139250484,320,23.566588696355414,0.18871486869960813,0.6795257548363983,0.7216847232106662,4.936137582198729
0.4343624161073826,14000,268.03681207978343,320,23.808033293841667,0.1849729381559389,0.6848531494713211,0.7280460051349038,5.066122397048455
0.44093959731543625,14000,262.18647814255945,320,24.047277849300773,0.1812742669249133,0.690152740523869,0.7343337462276474,5.198865868010315
0.4475167785234899,14000,256.5067215357994,320,24.28419214732545,0.17761885500653124,0.695424348555679,0.7405479464888969,5.334398186527352
0.45409395973154365,14000,250.99393688166322,320,24.518649140930297,0.17400670240079275,0.7006677908259279,0.7466886059186524,5.472749002184215
0.4606711409395973,14000,245.64456146950437,320,24.7505252479207,0.17043780910769782,0.7058828811901352,0.7527557245169136,5.613947386817953
0.467248322147651,14000,240.4550752558696,320,24.97970063632389,0.16691217512724651,0.7110694299945963,0.7587493022836809,5.758021794228499
0.4738255033557047,14000,235.42200086449884,320,25.206059497480098,0.16342980045943875,0.716227243966201,0.7646693392189541,5.905000014810581
0.4804026845637584,14000,230.54190358632576,320,25.429490305463695,0.1599906851042746,0.7213561260973758,0.7705158353227332,6.054909124382404
0.48697986577181207,14000,225.81139137947707,320,25.649886061587264,0.15659482906175398,0.7264558755258692,0.7762887905950182,6.207775426441135
0.4935570469798658,14000,221.227114869273,320,25.867144522834067,0.15324223233187692,0.7315262874090821,0.7819882050358092,6.363624387030758
0.5001342281879194,14000,216.7857673482273,320,26.081168413166637,0.1499328949146435,0.736567152792619,0.787614078645106,6.522480561365692
0.5067114093959731,14000,212.48408477604673,320,26.2918656167689,0.1466668168100536,0.7415782584727162,0.7931664114229089,6.684367511312884
0.5132885906040269,14000,208.3188457796317,320,26.49914935239613,0.14344399801810728,0.7465593868521787,0.7986452033692176,6.849307712797501
0.5198657718120805,14000,204.28687165307602,320,26.702938328129434,0.14026443853880458,0.7515103157894227,0.8040504544840322,7.017322452162639
0.5264429530201342,14000,200.38502635766662,320,26.9031568759583,0.1371281383721454,0.7564308184402013,0.8093821647673528,7.188431710482648
0.533020134228188,14000,196.610216521884,320,27.09973506574458,0.1340350975181298,0.7613206630915469,0.8146403342191794,7.362654034803038
0.5395973154362416,14000,192.95939144140215,320,27.29260879825277,0.13098531597675783,0.7661796129874375,0.8198249628395117,7.540006395258523
0.5461744966442953,14000,189.42954307908803,320,27.481719877063597,0.12797879374802937,0.7710074261456475,0.8249360506283501,7.720504027005151
0.552751677852349,14000,186.01770606500233,320,27.66701605931864,0.1250155308319445,0.775803855165204,0.8299735975856943,7.904160255893345
0.5593288590604026,14000,182.72095769639907,320,27.848451085372922,0.12209552722850325,0.7805686470238231,0.8349376037115445,8.090986306807553
0.5659060402684564,14000,179.53641793772547,320,28.025984687557465,0.11921878293770552,0.7853015428646479,0.8398280690059006,8.280991093605332
0.5724832214765101,14000,176.46124942062224,320,28.19958257837487,0.11638529795955135,0.7900022777715496,0.8446449934687628,8.4741809896059
0.5790604026845637,14000,173.49265744392352,320,28.369216418566158,0.11359507229404084,0.7946705805321996,0.8493883771001306,8.670559577606404
0.5856375838926174,14000,170.62788997365666,320,28.534863765595762,0.11084810594117384,0.7993061733880402,0.8540582199000045,8.870127378444751
0.5922147651006712,14000,167.86423764304251,320,28.696508003202794,0.1081443989009504,0.8039087717702141,0.8586545218683843,9.072881557182464
0.5987919463087248,14000,165.19903375249532,320,28.854138252759864,0.10548395117337059,0.8084780840204253,0.86317728300527,9.278815606051324
0.6053691275167785,14000,162.62965426962253,320,29.007749267264995,0.10286676275843432,0.8130138110956107,0.8676265033106617,9.487919003395168
0.6119463087248322,14000,160.15351782922517,320,29.157341308867263,0.10029283365614161,0.8175156462551982,0.8720021827845592,9.70017684794506
0.6185234899328859,14000,157.76808573329754,320,29.3029200108924,0.09776216386649253,0.8219832747296147,0.8763043214269627,9.91556946789452
0.6251006711409396,14000,155.47086195102722,320,29.4444962253901,0.09527475338948696,0.8264163733685783,0.8805329192378721,10.134072004393056
0.6316778523489933,14000,153.25939311879537,320,29.582085857270634,0.09283060222512499,0.8308146102675638,0.8846879762172876,10.355653969253838
0.6382550335570469,14000,151.13126854017645,320,29.71570968613417,0.09042971037340661,0.8351776443706787,0.8887694923652087,10.58027877687679
0.6448322147651007,14000,149.0841201859381,320,29.845393176922308,0.0880720778343318,0.8395051250480035,0.892777467681636,10.807903250624223
0.6514093959731544,14000,147.11562269404163,320,29.971166280537634,0.08575770460790053,0.8437966916452513,0.896711902166569,11.038477104154513
0.657986577181208,14000,145.22349336964152,320,30.093063225584686,0.08348659069411289,0.848051973003383,0.900572795820008,11.27194239852283
0.6645637583892617,14000,143.4054921850857,320,30.211122302383835,0.0812587360929688,0.8522705869455562,0.904360148641953,11.508232976198133
0.6711409395973155,14000,141.65942177991548,320,30.325385640399965,0.07907414080446826,0.8564521397285068,0.908073960632404,11.747273873524854
0.6777181208053691,14000,139.98312746086552,320,30.43589898021008,0.07693280482861134,0.8605962254551394,0.9117142317913607,11.988980713577387
0.6842953020134228,14000,138.37449720186385,320,30.542711441109105,0.07483472816539796,0.8647024254447394,0.9152809621188235,12.233259081816554
0.6908724832214765,14000,136.83146164403183,320,30.645875285421905,0.07277991081482815,0.8687703075568066,0.9187741516147921,12.48000388746039
0.6974496644295302,14000,135.35199409568435,320,30.745445680552223,0.07076835277690197,0.8727994254640387,0.9221938002792667,12.729098714026911
0.7040268456375839,14000,133.93411053232947,320,30.841480459756973,0.06880005405161929,0.876789317869459,0.9255399081122472,12.980415163092509
0.7106040268456376,14000,132.57586959666875,320,30.934039882587342,0.06687501463898021,0.880739507662064,0.9288124751137337,13.233812195934563
0.7171812080536912,14000,131.27537259859713,320,31.02318639588781,0.06499323453898474,0.8846495010046618,0.9320115012837259,13.489135478387816
0.723758389261745,14000,130.0307635152028,320,31.108984396190188,0.06315471375163281,0.8885187863467623,0.9351369866222242,13.746216734935308
0.7303355704697987,14000,128.84022899076749,320,31.1914999942841,0.06135945227692446,0.8923468333544342,0.9381889311292284,14.004873118771393
0.7369127516778523,14000,127.7019983367662,320,31.27080078268726,0.059607450114859704,0.8961330917479617,0.9411673348047385,14.264906605307395
0.743489932885906,14000,126.61434353186729,320,31.346955606680055,0.0578987072654385,0.8998769900368638,0.9440721976487546,14.526103417330255
0.7500671140939598,14000,125.57557922193254,320,31.420034339509595,0.05623322372866087,0.9035779341403609,0.9469035196612765,14.788233490759033
0.7566442953020134,14000,124.58406272001713,320,31.490107662308827,0.05461099950452683,0.9072353058796465,0.9496613008423044,15.051049990659038
0.7632214765100671,14000,123.63819400636952,320,31.557246849217396,0.05303203459303635,0.910848461326279,0.9523455411918382,15.314288887851516
0.7697986577181208,14000,122.73641572843161,320,31.621523558133077,0.05149632899418945,0.9144167289886093,0.954956240709878,15.577668607080055
0.7763758389261745,14000,121.8772132008387,320,31.683009627465957,0.05000388270798614,0.9179394078153054,0.9574933993964235,15.840889758241259
0.7829530201342282,14000,121.05911440541936,320,31.74177687921277,0.048554695734426376,0.9214157649916339,0.9599570172514752,16.103634962633738
0.7895302013422819,14000,120.28068999119562,320,31.797896928616062,0.04714876807351019,0.9248450335000936,0.9623470942750326,16.36556878650038
0.7961073825503355,14000,119.54055327438289,320,31.85144100062255,0.04578609972523762,0.9282264094120903,0.964663630467096,16.626337794308565
0.8026845637583893,14000,118.83736023838985,320,31.902479753307176,0.04446669068960858,0.9315590488714243,0.9669066258276654,16.885570734201913
0.809261744966443,14000,118.16980953381868,320,31.951083108384392,0.04319054096662312,0.9348420647231367,0.9690760803567406,17.142878867839123
0.8158389261744966,14000,117.53664247846487,320,31.997320088886195,0.041957650556281256,0.9380745227324385,0.9711719940543219,17.397856456381913
0.8224161073825503,14000,116.93664305731728,320,32.04125866404728,0.04076801945858295,0.94125543732755,0.973194366920409,17.650081413678727
0.8289932885906041,14000,116.36863792255814,320,32.082965601401824,0.039621647673528215,0.9443837667867734,0.975143198955002,17.899116136691077
0.8355704697986577,14000,115.83149639356309,320,32.12250632606361,0.038518535201117074,0.9474584077732263,0.9770184901581009,18.14450852190459
0.8421476510067114,14000,115.32413045690109,320,32.15994478713157,0.037458682041349486,0.9504781890993765,0.9788202405297058,18.385793174842668
0.8487248322147651,14000,114.84549476633453,320,32.195343331136364,0.03644208819422548,0.9534418645764584,0.9805484500698167,18.62249281784882
0.8553020134228188,14000,114.39458664281914,320,32.228762582420245,0.03546875365974506,0.9563481047691488,0.9822031187784334,18.85411989902438
0.8618791946308725,14000,113.97044607450403,320,32.26026133032221,0.034538678437908206,0.9591954874309091,0.9837842466555561,19.08017840260932
0.8684563758389262,14000,113.57215571673164,320,32.28989642302285,0.033651862528714924,0.9619824863365236,0.9852918337011847,19.300165858195204
0.8750335570469798,14000,113.19884089203788,320,32.31772266788934,0.03280830593216522,0.9647074581503439,0.9867258799153191,19.51357554299162
0.8816107382550336,14000,112.84966959015193,320,32.34379273814865,0.03200800864825909,0.9673686268640654,0.9880863852979596,19.719898867971878
0.8881879194630873,14000,112.52385246799642,320,32.36815708570869,0.03125097067699653,0.9699640651953902,0.9893733498491059,19.918627935156863
0.8947651006711409,14000,112.22064284968734,320,32.39086385994006,0.030537192018377554,0.9724916721420536,0.9905867735687581,20.10925824962266
0.9013422818791946,14000,111.93933672653398,320,32.411958832227334,0.029866672672402145,0.9749491456089346,0.9917266564569164,20.291291566117323
0.9079194630872484,14000,111.6792727570391,320,32.431485326096684,0.02923941263907031,0.9773339486294893,0.9927929985135805,20.46423884653191
0.914496644295302,14000,111.43983226689876,320,32.44948415272717,0.02865541191838206,0.9796432671225347,0.9937857997387505,20.627623300987132
0.9210738255033557,14000,111.22043924900247,320,32.46599355165511,0.028114670510337374,0.9818739562557682,0.9947050601324264,20.7809834820712
0.9276510067114094,14000,111.02056036343302,320,32.481049136485076,0.027617188414936263,0.9840224711478984,0.9955507796946084,20.92387639889993
0.934228187919463,14000,110.83970493746668,320,32.49468384542693,0.027162965632178734,0.9860847755124716,0.9963229584252962,21.05588061527012
0.9408053691275168,14000,110.67742496557295,320,32.50692789648567,0.026752002162064772,0.9880562183381535,0.9970215963244898,21.176599294338967
0.9473825503355705,14000,110.53331510941486,320,32.51780874713974,0.026384298004594388,0.9899313626659495,0.9976466933921896,21.285663151073173
0.9539597315436241,14000,110.4070126978487,320,32.52735105835318,0.026059853159767582,0.9917037396012166,0.9981982496283951,21.38273327324721
0.9605369127516779,14000,110.29819772692419,320,32.53557666277905,0.025778667627584344,0.9933654796574964,0.9986762650331066,21.467503772087774
0.9671140939597316,14000,110.2065928598844,320,32.542504537023014,0.025540741408044684,0.9949067297179844,0.999080739606324,21.53970422479691
0.9736912751677852,14000,110.13196342716579,320,32.54815077784988,0.025346074501148598,0.9963146630253882,0.9994116733480474,21.599101873153128
0.9802684563758389,14000,110.07411742639815,320,32.55252858222961,0.025194666906896087,0.9975716234167701,0.9996690662582767,21.645503545175107
0.9868456375838927,14000,110.03290552240469,320,32.555648231134256,0.02508651862528715,0.9986510877126829,0.9998529183370118,21.67875727039659
0.9934228187919463,14000,110.008221047202,320,32.55751707701239,0.02502162965632179,0.9995062692037634,0.999963229584253,21.698753563579043
1.0,14000,110.0,320,32.55813953488372,0.025,1.0,1.0,21.705426356589147
