x,theta_stable,theta_drift,dimensionless_ratio,extra_bits_drift,extra_bits_stable
0.0,2.0,2.0,1.0,0.0596895679887548,0.0
0.055865921787709494,2.0,2.059689567988755,1.0,0.1191189424465513,0.0
0.11173184357541899,2.0,2.118858748915593,1.0,0.17777128217933114,0.0
0.16759776536312848,2.0,2.1769942474543145,1.0,0.2351403308594353,0.0
0.22346368715083798,2.0,2.2335968462758014,1.0,0.2907372986067358,0.0
0.27932960893854747,2.0,2.2881881829489155,1.0,0.3440974838424835,0.0
0.33519553072625696,2.0,2.3403172167472968,1.0,0.39478653701685484,0.0
0.39106145251396646,2.0,2.389566289297658,1.0,0.4424062732035483,0.0
0.44692737430167595,2.0,2.4355566891206837,1.0,0.4865999473473266,0.0
0.5027932960893855,2.0,2.4779536375852147,1.0,0.5270569140406773,0.0
0.5586592178770949,2.0,2.516470622507385,1.0,0.5635166029717418,0.0
0.6145251396648044,2.0,2.5508730154473436,1.0,0.5957717514875975,0.0
0.6703910614525139,2.0,2.5809809195390967,1.0,0.623670846899492,0.0
0.7262569832402235,2.0,2.6066712062711326,1.0,0.6471197430510476,0.0
0.7821229050279329,2.0,2.627878711842208,1.0,0.6660824280974194,0.0
0.8379888268156424,2.0,2.644596576363876,1.0,0.6805809332154504,0.0
0.8938547486033519,2.0,2.65687572207827,1.0,0.6906943848894216,0.0
0.9497206703910615,2.0,2.6648234797118184,1.0,0.6965572162991165,0.0
1.005586592178771,2.0,2.6686013848976597,1.0,0.6983565659823461,0.0
1.0614525139664803,2.0,2.6684221790782776,1.0,0.7003842278025916,0.0
1.1173184357541899,2.0,2.6645460612571688,1.0,0.7059571932298021,0.0
1.1731843575418994,2.0,2.6572762482238566,1.0,0.7147532682281177,0.0
1.2290502793296088,2.0,2.6469539112605376,1.0,0.7264151089927562,0.0
1.2849162011173183,2.0,2.6339525666945796,1.0,0.7405560616990814,0.0
1.3407821229050279,2.0,2.618672005847887,1.0,0.7567664166321517,0.0
1.3966480446927374,2.0,2.601531856828439,1.0,0.7746199815025188,0.0
1.452513966480447,2.0,2.582964876107153,1.0,0.7936808739958101,0.0
1.5083798882681563,2.0,2.563410071841856,1.0,0.8135104303549161,0.0
1.5642458100558658,2.0,2.543305763388941,1.0,0.8336741251032818,0.0
1.6201117318435754,2.0,2.523082682345125,1.0,0.8537483969112734,0.0
1.6759776536312847,2.0,2.503157219772958,1.0,0.8733272770863401,0.0
1.7318435754189943,2.0,2.4839249219949915,1.0,0.8920287202092685,0.0
1.7877094972067038,2.0,2.465754333527101,1.0,0.9095005409972248,0.0
1.8435754189944134,2.0,2.448981280419079,1.0,0.9254258674806028,0.0
1.899441340782123,2.0,2.433903680560345,1.0,0.9395280279442026,0.0
1.9553072625698322,2.0,2.4207769594918793,1.0,0.9515747976927007,0.0
2.011173184357542,2.0,2.409810141063349,1.0,0.9613819414257649,0.0
2.067039106145251,2.0,2.401162672025751,1.0,0.968815997702617,0.0
2.1229050279329607,2.0,2.3949420285096448,1.0,0.9737962634778934,0.0
2.17877094972067,2.0,2.391202140475198,1.0,0.9762959488266447,0.0
2.2346368715083798,2.0,2.389942657812142,1.0,0.9763424845629918,0.0
2.2905027932960893,2.0,2.391109069002504,1.0,0.978667990821652,0.0
2.346368715083799,2.0,2.3945936703294626,1.0,0.9832321416789085,0.0
2.4022346368715084,2.0,2.400237370717017,1.0,0.9898514588202367,0.0
2.4581005586592175,2.0,2.407832304612119,1.0,0.9982953799941323,0.0
2.513966480446927,2.0,2.417125213064808,1.0,1.0082899984419418,0.0
2.5698324022346366,2.0,2.427821541507738,1.0,1.0195224878396725,0.0
2.625698324022346,2.0,2.4395901918602694,1.0,1.031646145409903,0.0
2.6815642458100557,2.0,2.452068856648199,1.0,1.0442859764738899,0.0
2.7374301675977653,2.0,2.464869853988243,1.0,1.0570447354848145,0.0
2.793296089385475,2.0,2.4775863746700484,1.0,1.0695093316371427,0.0
2.8491620111731844,2.0,2.4897990462928994,1.0,1.0812575015891448,0.0
2.905027932960894,2.0,2.5010827145740526,1.0,1.0918646477497433,0.0
2.960893854748603,2.0,2.5110133386140965,1.0,1.1009107380287648,0.0
3.0167597765363126,2.0,2.5191748951320956,1.0,1.1079871619699757,0.0
3.072625698324022,2.0,2.5251661864965183,1.0,1.1127034387938697,0.0
3.1284916201117317,2.0,2.5286074487798835,1.0,1.114693675062977,0.0
3.184357541899441,2.0,2.529146659034733,1.0,1.1157646767123324,0.0
3.2402234636871508,2.0,2.526465445481173,1.0,1.1201957511076244,0.0
3.2960893854748603,2.0,2.520284510244149,1.0,1.1282442330521092,0.0
3.3519553072625694,2.0,2.510368481592203,1.0,1.1401214275749616,0.0
3.407821229050279,2.0,2.496530121198444,1.0,1.1559887575512633,0.0
3.4636871508379885,2.0,2.4786338216395998,1.0,1.175954648138391,0.0
3.519553072625698,2.0,2.456598340024189,1.0,1.2000721963906889,0.0
3.5754189944134076,2.0,2.430398725135004,1.0,1.2283376625973388,0.0
3.631284916201117,2.0,2.400067407610889,1.0,1.2606898075172286,0.0
3.6871508379888267,2.0,2.3656944352952243,1.0,1.2970100869460108,0.0
3.7430167597765363,2.0,2.3274268487533245,1.0,1.3371237021365376,0.0
3.798882681564246,2.0,2.2854672049141707,1.0,1.3808014916992428,0.0
3.854748603351955,2.0,2.240071269627914,1.0,1.4277626379283526,0.0
3.9106145251396645,2.0,2.191544912455951,1.0,1.477678148224276,0.0
3.966480446927374,2.0,2.1402402490360672,1.0,1.530175060597374,0.0
4.022346368715084,2.0,2.086551087709755,1.0,1.5848413113197704,0.0
4.078212290502793,2.0,2.0309077475912747,1.0,1.6412311928046779,0.0
4.134078212290502,2.0,1.97377132473994,1.0,1.6988713208875446,0.0
4.189944134078212,2.0,1.9156274914255413,1.0,1.7572670229944944,0.0
4.245810055865921,2.0,1.85697992052604,1.0,1.815909052327109,0.0
4.301675977653631,2.0,1.798343432760312,1.0,1.8742805282644133,0.0
4.35754189944134,2.0,1.7402369686514314,1.0,1.9318639997574143,0.0
4.41340782122905,2.0,1.68317648977431,1.0,1.9881485266203682,0.0
4.4692737430167595,2.0,1.6276679149255235,1.0,2.042636673334398,0.0
4.525139664804469,2.0,1.5742001963462506,1.0,2.0948513112775307,0.0
4.581005586592179,2.0,1.523238639039258,1.0,2.1443421281611217,0.0
4.636871508379888,2.0,1.475218562579069,1.0,2.190691747842816,0.0
4.692737430167598,2.0,1.43053939967587,1.0,2.23352136953445,0.0
4.748603351955307,2.0,1.3895593191958011,1.0,2.2724958426414834,0.0
4.804469273743017,2.0,1.3525904534618027,1.0,2.3073281019498166,0.0
4.860335195530726,2.0,1.3198948005791347,1.0,2.3377828974883457,0.0
4.916201117318435,2.0,1.2916808623847449,1.0,2.363679763996402,0.0
4.972067039106145,2.0,1.2681010675630222,1.0,2.384895186354434,0.0
5.027932960893854,2.0,1.2492500176686812,1.0,2.4013639294216196,0.0
5.083798882681564,2.0,1.2351635814286512,1.0,2.4130795132832628,0.0
5.139664804469273,2.0,1.225818849945395,1.0,2.4200938277544783,0.0
5.195530726256983,2.0,1.2211349524862203,1.0,2.422515892921128,0.0
5.251396648044692,2.0,1.2209747196120957,1.0,2.424522000513065,0.0
5.307262569832402,2.0,1.2251471676700951,1.0,2.430740023875968,0.0
5.363128491620111,2.0,1.2334107663379008,1.0,2.44090515961728,0.0
5.4189944134078205,2.0,1.2454774391527197,1.0,2.4547083944272376,0.0
5.4748603351955305,2.0,1.261017235957816,1.0,2.4718014779125737,0.0
5.53072625698324,2.0,1.2796636061233913,1.0,2.4918024561320307,0.0
5.58659217877095,2.0,1.3010191923967298,1.0,2.514301681792814,0.0
5.642458100558659,2.0,1.3246620574449577,1.0,2.538868209939437,0.0
5.698324022346369,2.0,1.350152248689976,1.0,2.5650564822151516,0.0
5.754189944134078,2.0,1.3770386019963876,1.0,2.592413198487944,0.0
5.810055865921788,2.0,1.4048656812355609,1.0,2.6204842718724803,0.0
5.865921787709497,2.0,1.4331807487654604,1.0,2.6488217619879357,0.0
5.921787709497206,2.0,1.4615406614664714,1.0,2.6769906816871507,0.0
5.977653631284916,2.0,1.4895185881638904,1.0,2.7045755744689544,0.0
6.033519553072625,2.0,1.5167104470300783,1.0,2.731186763312806,0.0
6.089385474860335,2.0,1.542740965851594,1.0,2.7564661766997993,0.0
6.145251396648044,2.0,1.5672692738040648,1.0,2.7800926640305783,0.0
6.201117318435754,2.0,1.5899939405131518,1.0,2.801786720421478,0.0
6.256983240223463,2.0,1.6106573865858644,1.0,2.8213145498378136,0.0
6.312849162011172,2.0,1.6290495993458236,1.0,2.8384914055721575,0.0
6.368715083798882,2.0,1.6450110980545518,1.0,2.853184158043901,0.0
6.4245810055865915,2.0,1.6584351042893104,1.0,2.865313051618822,0.0
6.4804469273743015,2.0,1.6692688852043946,1.0,2.8748526244467376,0.0
6.536312849162011,2.0,1.6775142499451412,1.0,2.881831778005971,0.0
6.592178770949721,2.0,1.683227192322861,1.0,2.8863329959337207,0.0
6.64804469273743,2.0,1.686516685800641,1.0,2.888490724616839,0.0
6.703910614525139,2.0,1.6875426496890977,1.0,2.8884925085102835,0.0
6.759776536312849,2.0,1.6865131180137518,1.0,2.8904235060537977,0.0
6.815642458100558,2.0,1.6836806546020693,1.0,2.89401103037771,0.0
6.871508379888268,2.0,1.6793380693659274,1.0,2.8989446070028464,0.0
6.927374301675977,2.0,1.6738135013517963,1.0,2.904881169817653,0.0
6.983240223463687,2.0,1.6674649437363145,1.0,2.911450773286482,0.0
7.039106145251396,2.0,1.6606742944141382,1.0,2.9182627336395823,0.0
7.094972067039106,2.0,1.653841023030114,1.0,2.9249121052765696,0.0
7.150837988826815,2.0,1.647375551140163,1.0,2.930986393513301,0.0
7.206703910614524,2.0,1.6416924465566511,1.0,2.9360724011941404,0.0
7.262569832402234,2.0,1.6372035357784842,1.0,2.939763104632136,0.0
7.318435754189943,2.0,1.6343110396806597,1.0,2.9416644538597603,0.0
7.374301675977653,2.0,1.6334008373232358,1.0,2.941926914439596,0.0
7.4301675977653625,2.0,1.6348359608403313,1.0,2.9447017062352026,0.0
7.4860335195530725,2.0,1.6389504209144488,1.0,2.9503054545060974,0.0
7.541899441340782,2.0,1.6460434573821208,1.0,2.959017395613107,0.0
7.597765363128492,2.0,1.656374303128468,1.0,2.9710744377755374,0.0
7.653631284916201,2.0,1.6701575417069814,1.0,2.9866668513028993,0.0
7.70949720670391,2.0,1.687559130183192,1.0,3.005934654790228,0.0
7.76536312849162,2.0,1.7086931486816392,1.0,3.028964753281544,0.0
7.821229050279329,2.0,1.7336193271658236,1.0,3.0557888730736424,0.0
7.877094972067039,2.0,1.7623413882658363,1.0,3.0863823258230876,0.0
7.932960893854748,2.0,1.7948062326647136,1.0,3.120663622114189,0.0
7.988826815642458,2.0,1.8309039808480394,1.0,3.1584949418335264,0.0
8.044692737430168,2.0,1.8704688721033882,1.0,3.1996834557705016,0.0
8.100558659217876,2.0,1.9132810087219896,1.0,3.24398348001851,0.0
8.156424581005586,2.0,1.959068920599405,1.0,3.291099432181349,0.0
8.212290502793296,2.0,2.007512913047668,1.0,3.3406895462841537,0.0
8.268156424581004,2.0,2.0582491488050145,1.0,3.3923702918300527,0.0
8.324022346368714,2.0,2.110874404139466,1.0,3.445721431805775,0.0
8.379888268156424,2.0,2.1649514287564586,1.0,3.5002916447821537,0.0
8.435754189944134,2.0,2.2200148300922233,1.0,3.555604627724578,0.0
8.491620111731843,2.0,2.2755773946413074,1.0,3.611165588852665,0.0
8.547486033519553,2.0,2.3311367523483972,1.0,3.666468033977613,0.0
8.603351955307263,2.0,2.386182284891203,1.0,3.7210007452890626,0.0
8.65921787709497,2.0,2.4402021749712963,1.0,3.774254848628126,0.0
8.71508379888268,2.0,2.4926904915693293,1.0,3.8257308639138703,0.0
8.77094972067039,2.0,2.543154205542785,1.0,3.8749456336077532,0.0
8.8268156424581,2.0,2.591120030957095,1.0,3.9214390259010266,0.0
8.882681564245809,2.0,2.636140990129332,1.0,3.9647803126669086,0.0
8.938547486033519,2.0,2.6778026044888597,1.0,4.0045741270818,0.0
8.994413407821229,2.0,2.715728618959115,1.0,4.040465912114735,0.0
9.050279329608937,2.0,2.749586174554729,1.0,4.072146778716711,0.0
9.106145251396647,2.0,2.7790903521630654,1.0,4.099357701396482,0.0
9.162011173184357,2.0,2.8040080199142716,1.0,4.1218929888133875,0.0
9.217877094972067,2.0,2.824160926996878,1.0,4.139602977900818,0.0
9.273743016759775,2.0,2.839427998089133,1.0,4.152395911692,0.0
9.329608938547485,2.0,2.849746794579242,1.0,4.160238973277101,0.0
9.385474860335195,2.0,2.855114121259335,1.0,4.1631584609923875,0.0
9.441340782122904,2.0,2.855585770009815,1.0,4.165077819147459,0.0
9.497206703910614,2.0,2.851275404949192,1.0,4.171694400945255,0.0
9.553072625698324,2.0,2.8423526064142237,1.0,4.182812051538916,0.0
9.608938547486034,2.0,2.8290401037618693,1.0,4.19818323516715,0.0
9.664804469273742,2.0,2.8116102391577567,1.0,4.217512929022001,0.0
9.720670391061452,2.0,2.790380716052167,1.0,4.240463200215913,0.0
9.776536312849162,2.0,2.765709696769931,1.0,4.266658396545262,0.0
9.83240223463687,2.0,2.737990323393469,1.0,4.29569087255446,0.0
9.88826815642458,2.0,2.707644744751535,1.0,4.327127164396263,0.0
9.94413407821229,2.0,2.6751177397098633,1.0,4.360514520280732,0.0
10.0,2.0,2.6408700329825976,1.0,4.394762227007997,0.0
