lag,K_tau6,tail_tau6,K_tau18,tail_tau18,K_tau40,tail_tau40
0.0,1.0,3.9318304908292716,0.8,9.1463646571544,0.65,14.338164758565187
0.16032064128256512,0.9718274688548123,3.773768168676582,0.7924131349388018,9.018716309664315,0.6472369389734363,14.23417782958936
0.32064128256513025,0.9409346440122947,3.6204405443986567,0.7839209880978544,8.8923568609239,0.6441608397627372,14.13065896957043
0.48096192384769537,0.9075961587468172,3.4722617225341987,0.7745506801170186,8.767429272289442,0.6407757942714432,14.027658036982519
0.6412825651302605,0.8720828902496289,3.329602079328071,0.764330004492479,8.64407210318247,0.6370860216862637,13.925224224080097
0.8016032064128256,0.8346609882342331,3.1927889427762586,0.7532873792464233,8.522419407091174,0.633095865276422,13.82340603674842
0.9619238476953907,0.7955909744550438,3.062107422721006,0.7414517986309732,8.402600635317436,0.6288097891543101,13.722251274870205
1.122244488977956,0.7551269133281681,2.9378013796121314,0.728852784929102,8.284740548458913,0.6242323749994432,13.621807013214593
1.282565130260521,0.7135156535270374,2.8200745205455813,0.7155203404140392,8.168959135605755,0.6193683187477004,13.522119582854101
1.442885771543086,0.6709961401265082,2.709091611234676,0.7014848995273676,8.055371541221673,0.6142224272478438,13.423234553114977
1.6032064128256511,0.6277987965873317,2.60497979266042,0.6867772813346691,7.944087999669607,0.6087996148873086,13.32519671406607
1.7635270541082164,0.5841449756088958,2.5078299912819655,0.6714286423161708,7.835213777332865,0.6031049001892554,13.228050059550913
1.9238476953907815,0.5402464776320614,2.4176984118638525,0.6554704295483965,7.728849122273582,0.5971434023828779,13.131837770767575
2.0841683366733466,0.4963051355458937,2.334608102190269,0.6389343343313113,7.625089221361382,0.590920337948952,13.036602200400292
2.244488977955912,0.4525124639421614,2.2585505791852145,0.6218522463139221,7.524024164796633,0.5844410171426173,12.94238485730678
2.4048096192384767,0.40904937106960304,2.1894875062383794,0.6042562081696884,7.42573891794424,0.5777108404953676,12.84922639176466
2.565130260521042,0.36608593146603646,2.127352411846745,0.5861783708714827,7.3303133003858285,0.5707352952982311,12.757166581280202
2.7254509018036073,0.323781217090225,2.0720524400185876,0.5676509496141691,7.237821972090385,0.5635199520681106,12.66624431696226
2.885771543086172,0.2822831846367521,2.0234701232468866,0.5487061804311731,7.1483344265957705,0.5560704609992472,12.576497590463873
3.0460921843687374,0.2417286165957003,1.981465169240277,0.5293762775496866,7.061914991086281,0.5483925484017627,12.487963481493853
3.2064128256513023,0.20224311351429142,1.9458762529989952,0.509693391527394,6.978622833244431,0.5404920131292298,12.400678145900185
3.3667334669338675,0.16394113482940492,1.9165228062379773,0.48968956821182413,6.898511974748301,0.5323747229972051,12.314676804326925
3.527054108216433,0.12692608556758148,1.8932067965869164,0.46939670856162885,6.8216313112794875,0.5240466111946535,12.229993731445813
3.6873747494989977,0.0912904461522103,1.875714489435029,0.4488465293672617,6.748024638900419,0.5155136726901761,12.146662245763665
3.847695390781563,0.05711594251554826,1.8638181857342069,0.4280705249066942,6.677730686654009,0.5067819606349467,12.064714700006139
4.008016032064128,0.024473753685426394,1.8572779295257118,0.4070999295699459,6.610783155233036,0.49785758276424236,11.984182472078347
4.168336673346693,-0.006575245997659438,1.8547890317555247,0.38596568148434146,6.547210761561351,0.48874669779944513,11.905095956602299
4.328657314629258,-0.03598021287853947,1.8513777725269716,0.3646983871705321,6.487037289124085,0.4794555118523725,11.827484557031013
4.488977955911824,-0.06370003103476024,1.84338737221328,0.3433282872574332,6.430281643879358,0.46999027483377903,11.751376678338735
4.649298597194389,-0.08970298318490832,1.8310905374060924,0.32188522328234737,6.376957915579577,0.4603572768678578,11.6767997202865
4.809619238476953,-0.11396639823569733,1.814764334486605,0.3003986056006553,6.32707544432643,0.4505628447145465,11.603780071261859
4.969939879759519,-0.1364762782017298,1.7946887692411198,0.2788973824275677,6.280638892179878,0.4406133382014312,11.532343102691438
5.130260521042084,-0.15722690717843268,1.77114542772768,0.2574100100325541,6.2376483196379855,0.43051514666701834,11.46251316402463
5.290581162324649,-0.1762204449864938,1.7444161810611527,0.2359644241051858,6.198099266801293,0.4202746854171222,11.394313578286422
5.4509018036072145,-0.19346650803590046,1.7147819563699787,0.2145880123092633,6.161982839032599,0.40989839219610275,11.327766638197186
5.611222444889779,-0.20898173988014174,1.6825215757755065,0.193307588040245,6.129285796920414,0.3993927236746586,11.262893602856845
5.771543086172344,-0.2227893738469843,1.6479106648554964,0.17214936539914497,6.099990650352127,0.3887641519558628,11.19971469499067
5.9318637274549095,-0.23491879004218297,1.6112206316780082,0.15113893539424814,6.074075756500953,0.37801916110110406,11.138249098753638
6.092184368737475,-0.24540506892722597,1.572717717131362,0.1303012433801719,6.051515421529055,0.3671642436775747,11.078514958090018
6.25250501002004,-0.25428854357243963,1.5326621169309882,0.10966056774201774,6.032280005807838,0.3562058973289184,11.020529375644607
6.4128256513026045,-0.2616143525831284,1.4913071753553917,0.08924049983058623,6.016336032455325,0.3451506213706302,10.964308412221797
6.57314629258517,-0.26743199558957875,1.448898650451768,0.06906392515287837,6.003646298989716,0.3340049134117731,10.909867086788338
6.733466933867735,-0.2717948930823164,1.4056740501574274,0.04915300582039334,5.99416999189767,0.32277526600455053,10.857219377015486
6.8937875751503,-0.2747599522625864,1.3618620385065334,0.029529164256029344,5.987862803915593,0.31146816332324645,10.806378220355946
7.054108216432866,-0.27638714046521723,1.3176819108329616,0.010213068158737624,5.9846770538222245,0.3000900778740182,10.757355515650753
7.214428857715431,-0.27673906759737726,1.2733431366395676,-0.008775383276561025,5.98315493346669,0.28864746723699997,10.710162125261093
7.374749498997995,-0.27588057892278,1.2290449685818396,-0.027417071887884833,5.980253734655912,0.2771467708421442,10.664807877719678
7.535070140280561,-0.2738783594071401,1.1849761158099021,-0.04569367182958634,5.974393153997197,0.2655944067802022,10.621301570896243
7.695390781563126,-0.2708005507276172,1.1413144797269554,-0.06358765961742364,5.965633127428298,0.25399676865021387,10.57965097567136
7.855711422845691,-0.2667163819370443,1.0982269500544375,-0.08108232294400128,5.954036335239005,0.2423602224448473,10.539862840112637
8.016032064128256,-0.2616958146633609,1.0558692589441847,-0.09816176827472536,5.939668071413857,0.2306911034748985,10.501942894147128
8.176352705410821,-0.2558092036162446,1.0143858907454186,-0.11481092723584513,5.922596111853891,0.21899571333423076,10.46589585472355
8.336673346693386,-0.24912697306681955,0.9739100449191211,-0.1310155618075268,5.902890581670054,0.2072803169064033,10.431725431457767
8.496993987975952,-0.24171930986286783,0.9345636494938956,-0.14676226833624953,5.8806238217386895,0.19555113941420446,10.399434332754712
8.657314629258517,-0.23365587344146874,0.8964574223753116,-0.16203848038210614,5.855870254707158,0.18381436351327507,10.369024272399804
8.817635270541082,-0.2250055232037379,0.8596909777544531,-0.17683247041784414,5.828706250635018,0.17207612643097603,10.34049597661269
8.977955911823647,-0.21583606352256793,0.8243529748104608,-0.19113335039769327,5.799209992453411,0.1603425171516175,10.313849191555969
9.138276553106213,-0.20621400656422026,0.790521305865628,-0.20493107121518783,5.767461341422319,0.1486195736491393,10.28908269129138
9.298597194388778,-0.19620435301846953,0.7582633211295405,-0.21821642107030964,5.7335417027621585,0.13691328016829607,10.266194286175754
9.458917835671341,-0.18587039074993075,0.7276360871601301,-0.23098102276735216,5.697533891632887,0.12522956455536544,10.245180831688888
9.619238476953907,-0.17527351130534058,0.6986866761737355,-0.24321732996592477,5.65952199963022,0.1135742956393682,10.226038237685302
9.779559118236472,-0.1644730441380462,0.6714524833526222,-0.25491862240849994,5.619591261964935,0.10195328066475332,10.208761478061724
9.939879759519037,-0.15352610834184846,0.6459615693261778,-0.2660790001488318,5.5778279254873935,0.0903722627764625,10.193344600831967
10.100200400801603,-0.1424874816217439,0.622233025040519,-0.27669337680645334,5.534319117715427,0.0788369185582632,10.179780738600726
10.260521042084168,-0.13140948616903142,0.6002773562797353,-0.28675747187329714,5.489152717019655,0.06735285562519457,10.168062119427706
10.420841683366733,-0.12034189105274058,0.5800968851597537,-0.2962678020992633,5.442417224116043,0.05592561027094444,10.158180078073304
10.581162324649299,-0.10933183068837905,0.5616861659821089,-0.30522167198429273,5.394201635011148,0.04456064517093505,10.150125067617042
10.741482965931864,-0.09842373889858985,0.5450324129090052,-0.3136171634051941,5.344595315541049,0.033263347141861195,10.143886671439663
10.901803607214429,-0.0876592980383997,0.5301159370022324,-0.3214531244061004,5.293687877640345,0.02203902495839274,10.139453615559884
11.062124248496994,-0.07707740262029028,0.5169105902560448,-0.3287291571820274,5.241569057472959,0.010892907227711981,10.136813781316508
11.222444889779558,-0.0667141368412495,0.5053842143473042,-0.3354456052855371,5.188328595551712,-0.00016985967747178786,10.135926986374209
11.382765531062123,-0.05660276538518708,0.4954990919243434,-0.341603540087001,5.1340561189687435,-0.011144213626831262,10.135020046630377
11.543086172344688,-0.04677373684951952,0.4872123983584351,-0.3472047465193996,5.078841025854001,-0.022025178680681427,10.13236117750753
11.703406813627254,-0.03725469912423424,0.4804766519877935,-0.35225170813898443,5.0227723721739705,-0.032807866978062,10.127965742985786
11.863727454909819,-0.028070526035209896,0.47524016099304844,-0.3567475915334754,4.965938760977782,-0.04348748056414424,10.121849883463366
12.024048096192384,-0.019243354550859803,0.4714474651544857,-0.3606962301097603,4.908428234192753,-0.05405931315649923,10.114030501201189
12.18436873747495,-0.010792631842134913,0.4690397708544461,-0.3641021072933138,4.8503281670662535,-0.064518751849802,10.104525245489262
12.344689378757515,-0.0027351714804264003,0.4679553778025373,-0.3669703391717579,4.791725165345606,-0.07486127875858183,10.0933524975447
12.50501002004008,0.004914781944228808,0.46734215508312615,-0.3693066566151381,4.7327049652825295,-0.08508247259765964,10.080531355151416
12.665330661322646,0.012145480501163755,0.46597459897527904,-0.3711173869056037,4.673352336543391,-0.09517801019995564,10.066081617051406
12.825651302605209,0.01894759360574209,0.4634821681851463,-0.37240943490924877,4.613750988101319,-0.10514366797137763,10.050023767097795
12.985971943887774,0.02531412242013386,0.4599341348363787,-0.373190263822886,4.553983477180908,-0.11497532328254274,10.032378958179644
13.14629258517034,0.031240308664037694,0.4554007135069862,-0.37346787552851135,4.494131121321075,-0.12466895579711278,10.013168995928769
13.306613226452905,0.03672353851905859,0.4499527097247741,-0.3732507905881501,4.434273913616334,-0.13422064873656395,9.992416322218656
13.46693386773547,0.04176324229600113,0.4436611842085368,-0.37254802791166874,4.374490441191499,-0.14362659008124382,9.970143998465725
13.627254509018035,0.04636079051776758,0.4365971334819822,-0.3713690841299943,4.314857806959702,-0.15288307370760026,9.94637568874317
13.7875751503006,0.05051938705202277,0.4288311873842034,-0.3697239127059908,4.25545155470832,-0.16198650046150476,9.92113564271759
13.947895791583166,0.05424395990749996,0.4204333239004741,-0.36762290281502374,4.196345597552327,-0.17093337916762522,9.894448678418662
14.108216432865731,0.05754105028593874,0.41147260164047905,-0.36507685802697365,4.137612149789441,-0.17972032757483372,9.866340164852133
14.268537074148297,0.06041870045835576,0.40201691019805064,-0.3620969748211644,4.079321662186384,-0.18834407323767385,9.836836004466363
14.428857715430862,0.06288634100982095,0.3921327385372749,-0.358694820965332,4.021542760720532,-0.19680145433393853,9.805962615482665
14.589178356713425,0.06495467797131162,0.3818849614646391,-0.35488231378939183,3.9643421887963073,-0.2050894204184473,9.773746914099709
14.74949899799599,0.06663558033072196,0.3713366441658789,-0.35067169838435225,3.9077847529507164,-0.21320503311314132,9.740216296582146
14.909819639278556,0.06794196838786218,0.3605488647094794,-0.3460755257562908,3.8519332720576784,-0.22114546673364735,9.705398621243727
15.070140280561121,0.06888770339046087,0.3495805543464875,-0.34110663096483584,3.7968485300359447,-0.2289080088524936,9.669322190335018
15.230460921843687,0.06948747885992093,0.33848835536850097,-0.3357781112750968,3.7425892320607996,-0.23649006079919146,9.632015731845906
15.390781563126252,0.0697567139870334,0.3273264962224525,-0.3301033043514617,3.689211964275104,-0.24388913809742885,9.593508381232947
15.551102204408817,0.06971144944915057,0.31614668352215725,-0.32409576652111766,3.6367711569907284,-0.25110287083964933,9.55382966308168
15.711422845691382,0.06936824597159773,0.30499801054253806,-0.3177692511345744,3.5853190513670254,-0.258129003999326,9.513009472713827
15.871743486973948,0.06874408592748536,0.2939268817329924,-0.31113768704985334,3.5349056695486345,-0.26496539768126215,9.471078057749452
16.03206412825651,0.06785627824168755,0.2829769527414756,-0.3042151572663806,3.48557878824072,-0.2716100273102872,9.428065999633896
16.19238476953908,0.06672236683668901,0.27218908540052345,-0.29701587773395827,3.4373839156956025,-0.27806098375873983,9.384004195139383
16.352705410821642,0.06536004283037765,0.2616013170905382,-0.2895541763615179,3.3903642720807348,-0.28431647341316135,9.338923837851056
16.51302605210421,0.06378706066876363,0.251248843864154,-0.28184447224965514,3.3445607731940674,-0.29037481818065314,9.292856399647142
16.673346693386772,0.06202115835013611,0.2411640166882904,-0.2739012551702339,3.3000120174890673,-0.2962344554353704,9.245833612182931
16.83366733466934,0.06007998187139686,0.23137635013746602,-0.26573906531560626,3.256754276367957,-0.30189393790566477,9.197887448388059
16.993987975951903,0.057981014002322376,0.2219125428529996,-0.25737247333925073,3.214821487698229,-0.30735193350240286,9.14905010398661
17.154308617234467,0.05574150746935601,0.21279650906769484,-0.2488160607088552,3.174245252503993,-0.31260722508902244,9.099353979049422
17.314629258517034,0.05337842260729367,0.20404942048439617,-0.2400844003920987,3.1350548347804694,-0.3176587101939084,9.048831659587865
17.474949899799597,0.0509083695149415,0.1956897577892271,-0.23119203789458617,3.0972771643767274,-0.32250540066569916,8.997515899198318
17.635270541082164,0.04834755472954491,0.18773337107624213,-0.2221534726685863,3.0609368428886965,-0.3271464222721583,8.945439600766424
17.795591182364728,0.0457117324145542,0.18019354845948074,-0.21298313991041046,3.0260561525016034,-0.33158101424326647,8.89263579824014
17.955911823647295,0.04301616003613074,0.17308109215080852,-0.20369539276344029,2.992655067718128,-0.3358085287592199,8.83913763848042
18.11623246492986,0.04027555848574384,0.16640440128733167,-0.1943044849429847,2.96075126990599,-0.339828430384037,8.784978363198396
18.276553106212425,0.03750407658927303,0.1601695608003563,-0.1848245537983035,2.9303601645960664,-0.3436402954455018,8.730191290987612
18.43687374749499,0.03471525992723831,0.1543804356286921,-0.17526960382629642,2.9014949014598264,-0.3472438113621943,8.67480979945994
18.597194388777556,0.031922023876129246,0.14903876959234996,-0.1656534906504987,2.8741663968925484,-0.3506387759183778,8.618867307493561
18.75751503006012,0.029136630767308897,0.14414428825820663,-0.1559899054781869,2.848383359126722,-0.35382509648753446,8.562397257601305
18.917835671342683,0.026370671047615007,0.13969480514678997,-0.14629236004753057,2.8241523157980066,-0.35680278920536257,8.505433098427524
19.07815631262525,0.023635048314576475,0.1356863306488187,-0.13657417207588257,2.8014776438843065,-0.35957197809306685,8.448008267381558
19.238476953907814,0.02093996808908244,0.13211318304131098,-0.12684845121944618,2.7803616019367854,-0.3621328941317898,8.390156173415638
19.39879759519038,0.018294930179380442,0.12896810101578285,-0.11712808555369864,2.7608043645200997,-0.3644858742890587,8.331910179955049
19.559118236472944,0.015708724482414917,0.12624235715511792,-0.10742572858311283,2.7428040587776703,-0.3666313604981301,8.273303587988142
19.71943887775551,0.013189430061720457,0.12392587182091866,-0.09775378678786391,2.7263568030365093,-0.36856989859114,8.21436961932367
19.879759519038075,0.010744417335340617,0.12200732693939073,-0.0881244077143782,2.711456747364987,-0.3703021371869781,8.155141400022819
20.04008016032064,0.008380353202507936,0.12047427920088581,-0.07854946861573232,2.69809611599584,-0.37182882653482624,8.095651944013055
20.200400801603205,0.006103208934077286,0.11931327221598921,-0.0690405656471032,2.686265251525873,-0.3731508173143114,8.03593413689088
20.360721442885772,0.003918270648903145,0.11850994719931744,-0.05960900362063034,2.6759526608030093,-0.3742690593932415,7.976020719920333
20.521042084168336,0.0018301521964677215,0.11804915178085082,-0.05026578632325475,2.667145062410714,-0.37518460054390673,7.915944274233989
20.6813627254509,-0.00015718973495082393,0.11788984581440447,-0.0410216074002898,2.6598274356593277,-0.3758985851189411,7.85573720524298
20.841683366733466,-0.0020404384654613885,0.11771368323320908,-0.031886841806695446,2.6539830709934367,-0.37641225268775197,7.795431727262483
21.00200400801603,-0.003816898306381207,0.11724415723947422,-0.022871537827239632,2.6495936217241836,-0.3767269366345396,7.735059848358893
21.162324649298597,-0.005484473857632714,0.11649855626440293,-0.013985409665970169,2.6466391569952687,-0.37684406271893905,7.674653355424746
21.32264529058116,-0.007041647796599536,0.11549445833620799,-0.005237830604666505,2.6450982158914105,-0.3767651476003268,7.61424379948733
21.482965931863728,-0.008487457332622732,0.11424964028977733,0.0033621732708062693,2.6444088368232355,-0.37649179732684834,7.553862481256695
21.64328657314629,-0.009821469497997722,0.11278199084443702,0.011805928778036455,2.6431929568994805,-0.3760257057902281,7.493540436918652
21.803607214428858,-0.011043755442458338,0.11110942772295755,0.020085120782010354,2.6406365601411603,-0.37536865314743767,7.433308424178158
21.96392785571142,-0.012154863893733062,0.10924981895853342,0.02819179677866203,2.636766666949925,-0.3745225042103017,7.373196908558299
22.12424849699399,-0.013155793941893095,0.1072209085107878,0.036118370921919836,2.631611543286551,-0.3734892068041328,7.313236049959948
22.284569138276552,-0.014047967299916517,0.10504024628699549,0.043857627498783226,2.625200641609541,-0.37227079009649133,7.253455689486952
22.444889779559116,-0.014833200187217172,0.10272512264073227,0.051402723857626086,2.61756454130041,-0.3708693628971757,7.193885336541569
22.605210420841683,-0.0155136749768751,0.10029250739711763,0.058747192795536717,2.6087348886628816,-0.36928711193054986,7.134554156194655
22.765531062124246,-0.01609191174099934,0.097758993431757,0.06588494441111234,2.5987443365821883,-0.3675263000813275,7.075490956834987
22.925851703406813,-0.016570739822097336,0.09514074480946465,0.07281026742972176,2.5876264839296166,-0.3655892646149289,7.01672417810182
23.086172344689377,-0.016953269551559208,0.09245344946889102,0.0795178300088044,2.5754158147962682,-0.3634784153735382,6.958281879104748
23.246492985971944,-0.017242864229428733,0.08971227642031478,0.08600268003133905,2.5621476376387413,-0.3611962329489868,6.900191726934606
23.406813627254508,-0.01744311247256664,0.08693183740612681,0.09226024489612446,2.547858024418103,-0.3587452668335952,6.842480985469068
23.567134268537075,-0.01755780103115139,0.08412615295693095,0.09828633081403876,2.532583749812078,-0.3561281335501059,6.785176504476386
23.727454909819638,-0.017590888166243535,0.08130862276074702,0.10407712161991871,2.516362230578895,-0.3533475147618433,6.728304709020519
23.887775551102205,-0.017546477673898928,0.07849200024851112,0.10962917711017098,2.4992314651496286,-0.35040615536423514,6.671891589170732
24.04809619238477,-0.017428793634081327,0.07568837128594759,0.1149394309166663,2.4812299735242314,-0.34730686155883556,6.615962690018582
24.208416833667332,-0.017242155955431285,0.07290913684991454,0.12000518792789741,2.462396737544707,-0.34405249891098266,6.560543102004972
24.3687374749499,-0.01699095677982256,0.07016499955650739,0.12482412126877064,2.4427711416171185,-0.3406459903922303,6.505657451559824
24.529058116232463,-0.016679637803606175,0.06746595389851714,0.12939426885078711,2.4223929139522244,-0.33709031440868725,6.451329892056744
24.68937875751503,-0.01631266856553298,0.06482128004127147,0.13371402950472422,2.401302068392664,-0.3333885028163973,6.397584095084792
24.849699398797593,-0.01589452574458002,0.06223954101841676,0.13778215870825847,2.3795388468926255,-0.32954363892489275,6.344443242039398
25.01002004008016,-0.0154296735043059,0.059728583162794606,0.14159776392128556,2.357143662713904,-0.32555885549004576,6.291930016034192
25.170340681362724,-0.014922544913947112,0.05729553960221323,0.14516029954197995,2.334157044400216,-0.3214373326973477,6.2400665941354045
25.33066132264529,-0.014377524470256033,0.05494683664556364,0.1484695614969093,2.310619580589483,-0.3171822961367308,6.188874639920247
25.490981963927855,-0.01379893173809154,0.052688202881367475,0.15152568147875378,2.2865718657216947,-0.312797014770054,6.138375296360586
25.651302605210418,-0.013191006122015852,0.05052468080841299,0.15432912084541411,2.2620544466977135,-0.3082847988923585,6.088589179032938
25.811623246492985,-0.012557892775642558,0.0484606408166167,0.15688066419448563,2.2371077705422104,-0.3036489980880033,6.039536369655755
25.97194388777555,-0.011903629650227862,0.04649979733558503,0.15918141262725705,2.21177213312163,-0.2988929991827761,5.9912364099546895
26.132264529058116,-0.011232135679012286,0.04464522696851165,0.1612327767165504,2.1860876289658138,-0.2940202241930733,5.943708295856425
26.29258517034068,-0.010547200089109664,0.04289938842998484,0.16303646919285292,2.1600941022396087,-0.2890341282732343,5.896970472011431
26.452905811623246,-0.009852472828309285,0.04126414410794724,0.1645944973633074,2.1338310989084537,-0.2839381976621084,5.851040826645872
26.61322645290581,-0.009151456090012907,0.03974078307241041,0.16590915527821873,2.1073378201395943,-0.27873594762992115,5.805936686742703
26.773547094188377,-0.008447496915669593,0.03833004535652402,0.16698301565980872,2.080653076978229,-0.2734309204265035,5.761674813551807
26.93386773547094,-0.007743780850505307,0.037032147339195375,0.16781892160800232,2.0538152463355193,-0.26802668323193396,5.718271398428886
27.094188376753507,-0.007043326625065062,0.03584680806259653,0.16841997809805906,2.0268622283230084,-0.2625268261106337,5.675742059002628
27.25450901803607,-0.006348981832097529,0.03477327632254343,0.16878954328487505,1.9998314049656594,-0.2569349599699515,5.634101835669515
27.414829659318634,-0.005663419565609537,0.033810358374831456,0.1689312196287748,1.972759600323283,-0.25125471452425224,5.593365188415472
27.5751503006012,-0.004989135986499557,0.0329564461061253,0.16884884485758087,1.9456830420478233,-0.24548973626552592,5.553545993963385
27.735470941883765,-0.0043284487770399015,0.03220954552387766,0.16854648277970666,1.918637324401548,-0.2396436864415117,5.514657543245386
27.895791583166332,-0.003683496444611824,0.03156730542594966,0.16802841396295015,1.8916573727588495,-0.23372023904232472,5.476712539198585
28.056112224448896,-0.003056238433499971,0.03102704611708299,0.1672991262935845,1.8647774096120335,-0.2277230787965621,5.439723094882844
28.216432865731463,-0.002448456002215215,0.03058578804608377,0.16636330543024075,1.8380309220991013,-0.2216558991778453,5.403700731918962
28.376753507014026,-0.0018617538227307419,0.0302402802444849,0.16522582516695936,1.8114506310692657,-0.21552240042275436,5.368656379245568
28.537074148296593,-0.001297562257175523,0.02998702845451245,0.16389173771965307,1.7850684616995973,-0.20932628756108212,5.334600372192755
28.697394789579157,-0.0007571402669254619,0.029822322841358065,0.16236626395007242,1.758915515673968,-0.2030712684593355,5.3015424518704775
28.857715430861724,-0.00024157890865168387,0.0297422651920132,0.16065478354119841,1.7330220449331846,-0.19676105187838744,5.269491764869457
29.018036072144287,0.00024819462827694076,0.02970300478825139,0.15876282513780465,1.7074174270030043,-0.1903993455461748,5.238456863272297
29.17835671342685,0.0007114124885998723,0.029626082374072885,0.15669605646573403,1.6821301419045245,-0.18398985424631642,5.2084457049722985
29.338677354709418,0.0011474611675067665,0.029477074465767746,0.1544602744432251,1.6571877506492971,-0.17753627792351914,5.179465654297362
29.49899799599198,0.0015558761214238407,0.029260374081885532,0.15206139529739635,1.6326168753193877,-0.1710423098066122,5.151523482936229
29.65931863727455,0.0019363360175642407,0.02898043723707687,0.14950544469875898,1.6084431807305173,-0.16451163455004716,5.124625371164152
29.819639278557112,0.0022886566658108093,0.028641760468870455,0.14679854792638045,1.5846913576743942,-0.15794792639467373,5.098776909364976
29.97995991983968,0.002612784675601585,0.02824885935933839,0.14394692007605234,1.5613851077343188,-0.1513548473485911,5.073983099846478
30.140280561122243,0.0029087908794522156,0.027806248092400215,0.14095685632354873,1.538547129666215,-0.144736045388859,5.050248358945681
30.30060120240481,0.003176863563588182,0.02731842008093404,0.13783472225476903,1.5161991073352876,-0.13809515268482747,5.027576519420736
30.460921843687373,0.003417301544884589,0.026789829691477314,0.13458694427426804,1.4943616991966875,-0.13143578384383886,5.005970833125852
30.62124248496994,0.003630507131933732,0.026224875088125137,0.13122000010336687,1.4730545293066966,-0.12476153418002571,4.985433973965623
30.781563126252504,0.003816979006591227,0.025627882211289477,0.12774040937872636,1.4522961798492142,-0.11807597800692222,4.965968041124986
30.941883767535067,0.00397730506080324,0.0250030899012779,0.12415472436193718,1.432104185160584,-0.11138266695457837,4.947574562570958
31.102204408817634,0.004112155221898079,0.024354636171201635,0.12046952077035168,1.4124950272341479,-0.10468512831185373,4.930254498822146
31.262525050100198,0.0042222742978490525,0.023686545628536542,0.11669138873904263,1.3934841326842968,-0.09798686339455169,4.914008246981953
31.422845691382765,0.004308474872289539,0.023002718039747874,0.1128269239234252,1.375085871148227,-0.09129134594002569,4.898835645031285
31.58316633266533,0.004371630277297166,0.02230691802775696,0.10888271875172938,1.3573135551021225,-0.08460202052888528,4.884735976376463
31.743486973947896,0.004412667670171391,0.02160276588767931,0.1048653538361473,1.3401794410670222,-0.07792230103439485,4.8717079746479435
31.90380761523046,0.00443256123861575,0.020893729502205402,0.10078138955112066,1.3236947321782633,-0.07125556910015445,4.859749828745374
32.06412825651302,0.004432325556912876,0.020183117334227164,0.09663735778685874,1.3078695820910506,-0.06460517264661868,4.848859188124391
32.22444889779559,0.004413009113854523,0.019474072470838984,0.09243975388581151,1.2927131001934415,-0.057974424406999264,4.839033168320493
32.38476953907816,0.004375688031368396,0.01876956768965878,0.08819502876944116,1.278233358096828,-0.05136660049307703,4.830268356705257
32.54509018036072,0.004321459990976634,0.018072401515522928,0.08390958126225823,1.2644373973728444,-0.04478493899142259,4.822560818470027
32.705410821643284,0.004251438383433749,0.017385195233005055,0.07958975061970455,1.2513312385045507,-0.03823263859051062,4.815906102832196
32.86573146292585,0.0041667466951317966,0.01671039081788957,0.07524180926608796,1.2389198910187156,-0.031712857239197784,4.810299249459073
33.02605210420842,0.004068513143133635,0.01605024974868993,0.07087195574837928,1.2272073647650508,-0.025228710836998985,4.805734795104268
33.18637274549098,0.003957865569006803,0.01540685265753641,0.06648630791130375,1.216196682307361,-0.018783271956593354,4.802206780451474
33.346693386773545,0.0038359265999864255,0.014782099778258385,0.06209089629876989,1.2058898923907218,-0.012379568598960125,4.799708757160449
33.50701402805611,0.003703809084400278,0.01417771214824742,0.05769165778629582,1.196288084448031,-0.006020582981532317,4.798233795109908
33.66733466933868,0.0035626118067466884,0.01359523351969856,0.05329442944870055,1.1873914041085523,0.0002907496402726242,4.79772787666327
33.82765531062124,0.0034134154863310786,0.013036032935083123,0.048904942666954186,1.1791990696704238,0.006551542117799072,4.797179396362022
33.987975951903806,0.0032572790619419373,0.012501307921193496,0.04452881747768954,1.1717093894985084,0.012758956519852187,4.795631460599485
34.14829659318637,0.003095236263686068,0.011992088255812489,0.04017155716850405,1.1649197803084328,0.018910205209047393,4.793092850440855
34.30861723446893,0.002928292471807328,0.011509240260983374,0.03583854312179817,1.1588267862971864,0.025002551883528297,4.789572789752072
34.4689378757515,0.0027574218610862873,0.011053471576983881,0.03153502990952539,1.1534260990802465,0.031033312583789503,4.78508093688896
34.62925851703407,0.0025835648282609884,0.010625336371424975,0.02726614064085813,1.1487125783948449,0.036999856664359204,4.779627376227786
34.789579158316634,0.002407625698822775,0.010225240938392204,0.023036862564403158,1.1446802735286918,0.04289960773012344,4.773222609542858
34.949899799599194,0.002230470708527849,0.009853449643213809,0.01885204292624196,1.1413224454332493,0.04873004453708701,4.765877547236869
35.11022044088176,0.0020529262540238463,0.009510091169261766,0.014716385084709875,1.1386315894804675,0.05448870185738807,4.757603499429697
35.27054108216433,0.0018757774061233447,0.009195165024159783,0.010634444882478286,1.136599458821775,0.06017317130840488,4.748412166911397
35.430861723446895,0.0016997666784609837,0.008908548263872459,0.006610627276152786,1.1352170883080572,0.06578110214581319,4.7383156319651665
35.591182364729455,0.0015255930435490632,0.008650002394372665,0.002649183223262603,1.1344748189293465,0.07131020202046923,4.7273263490660655
35.75150300601202,0.0013539111875960626,0.008419180411916138,-0.001245793173821702,1.134162596372466,0.0767582376990176,4.715457135461297
35.91182364729459,0.0011853309948736022,0.008215633944383497,-0.005070367267831244,1.133656290926241,0.08212303574813833,4.702721161637878
36.07214428857715,0.0010204172519078314,0.008038820457667557,-0.00882076621151696,1.132542773212466,0.08740248318236987,4.689131941683529
36.23246492985972,0.0008596895613303831,0.00788811049267852,-0.01249338104896927,1.1308342243338698,0.09259452807546613,4.674703323546629
36.392785571142284,0.0007036224548500014,0.007762794900199127,-0.016084768555073316,1.1285433906982754,0.09769718013525663,4.659449479201078
36.55310621242485,0.0005526456944963285,0.007662092042536093,-0.01959165282513538,1.1256835573211041,0.10270851124200944,4.6433848947219385
36.71342685370741,0.0004071447510410528,0.007585154932673381,-0.023010926617006468,1.1222685208928764,0.10762665595030507,4.626524360277665
36.87374749498998,0.0002674614483157061,0.007531078283426346,-0.026339652448312403,1.1183125626511674,0.11244981195445614,4.608882960044819
37.034068136272545,0.00013389476201778775,0.007498905440914642,-0.02957506345167409,1.1138304210960581,0.11717624051752012,4.590476062051073
37.19438877755511,6.701761524945744e-06,0.007487635178506407,-0.032714563991071734,1.1088372645876217,0.12180426686397498,4.571319307952356
37.35470941883767,-0.0001139013167814385,0.007477967597079041,-0.03575573004275983,1.1033486638634669,0.12633228053614526,4.551428602749942
37.51503006012024,-0.000227737876150343,0.007450581689830001,-0.03869630934439081,1.0973805645137955,0.13075873571448304,4.530820104453298
37.675350701402806,-0.0003346696574400587,0.007405498921606321,-0.041534221316244756,1.0909492594508188,0.13508215150182445,4.509510213694476
37.835671342685366,-0.0004345953397049182,0.007343834392777066,-0.04426755675869126,1.0840713614087398,0.13930111217176572,4.4875155632998
37.99599198396793,-0.0005274490544860537,0.007266716605667568,-0.04689457733023225,1.076763775509828,0.14341426738131513,4.464853007824603
38.1563126252505,-0.0006131988246966696,0.0071752819059334805,-0.04941371481068221,1.0690436719313978,0.1474203323479932,4.441539613056722
38.31663326653307,-0.0006918449387506043,0.0070706691794046395,-0.051823570154248266,1.060928458707756,0.15131808799157856,4.417592645494432
38.47695390781563,-0.0007634182703076513,0.006954014813949072,-0.054122912337458834,1.052435754700405,0.15510638104070448,4.39302956180447
38.637274549098194,-0.0008279785537035709,0.006826447934268812,-0.05631067700707718,1.0435833627689792,0.15878412410453305,4.3678679982657735
38.79759519038076,-0.0008856126247997572,0.006689085915951911,-0.05838596493329998,1.03438924317456,0.16235029570974757,4.3421257602045085
38.95791583166333,-0.0009364326366298753,0.006543030183572779,-0.06034804027371162,1.0248714872461422,0.16580394030312234,4.315820811425921
39.11823647294589,-0.0009805742588414085,0.006389362296160258,-0.06219632865360974,1.0150482913401448,0.16914416821994244,4.288971263648522
39.278557114228455,-0.0010181948695315688,0.00622914032194198,-0.06393041506846305,1.0049379311219426,0.17237015561856367,4.261595365946036
39.43887775551102,-0.0010494717476623545,0.006063395502928438,-0.06555004161439108,0.994558736197465,0.17548114438141343,4.23371149420255
39.59919839679358,-0.0010746002738111328,0.005893129208621951,-0.06705510505268014,0.9839290651219488,0.17847644198275708,4.205338140586186
39.75951903807615,-0.001093792146573529,0.0057193101769277875,-0.06844565421446042,0.9730672808119574,0.1813554213235593,4.1764939030466
39.91983967935872,-0.0011072736214873047,0.0055428720392074774,-0.0697218872517668,0.9619917263858068,0.18411752053379002,4.147197474841602
40.08016032064128,-0.0011152837788914402,0.00536471112534946,-0.07088414874130465,0.9507207014565022,0.18676224274253755,4.117467634098008
40.24048096192384,-0.0011180728266761944,0.005185684543740837,-0.07193292664731667,0.9392724389003005,0.18928915581630543,4.087323233411929
40.40080160320641,-0.001115900443419726,0.005006608530105892,-0.07286884915002367,0.9276650821229585,0.19169789206588023,4.056783189493517
40.56112224448898,-0.0011090341669468908,0.004828257058333016,-0.07369268134616966,0.9159166628447064,0.1939881479221755,4.025866472861208
40.721442885771545,-0.0010977478328881294,0.004651360705640828,-0.07440532182825955,0.9040450794239103,0.19615968358146657,3.994592097590375
40.881763527054105,-0.0010823200673627594,0.004476605763736954,-0.07500779914911483,0.8920680757383497,0.1982123226204435,3.962979111121285
41.04208416833667,-0.0010630328374632131,0.004304633586997395,-0.07550126817841006,0.8800032206419547,0.20014595158152373,3.9310465841311464
41.20240480961924,-0.0010401700627764483,0.004136040168140506,-0.07588700635787536,0.8678678880137954,0.2019605195288754,3.898813600475002
41.3627254509018,-0.0010140162907474495,0.003971375931385089,-0.07616640986186501,0.8556792374150191,0.20365603757561526,3.866299247200094
41.523046092184366,-0.0009848554382687219,0.0038111457326663566,-0.0763409896699988,0.8434541953683764,0.20523257838265768,3.8335226046383086
41.68336673346693,-0.0009529696014704179,0.003655809056134158,-0.07641236755857862,0.8312094372739013,0.20669027562969786,3.8005027365812047
41.8436873747495,-0.000918637935289111,0.0035057803958728723,-0.07638227201747204,0.8189613699732157,0.2080293234588278,3.7672586805420445
42.00400801603206,-0.0008821356040105982,0.0033614298115602747,-0.07625253409913328,0.806726114973889,0.2092499758912906,3.73380943810917
42.16432865731463,-0.000843732803614146,0.0032230836466204137,-0.07602508320640426,0.7945194923441864,0.21035254621789,3.700173965395007
42.324649298597194,-0.0008036938563932434,0.003091025397321222,-0.07570194282570002,0.7823570052875046,0.21133740636358042,3.666371163584868
42.48496993987976,-0.0007622763779918673,0.0029654967212182064,-0.07528522621213934,0.7702538254047117,0.21220498622677322,3.6324198695896497
42.64529058116232,-0.0007197305166760726,0.002846698573349036,-0.07477713203312755,0.7582247786515844,0.2129557729939031,3.5983388468064303
42.80561122244489,-0.0006762982643589465,0.002734792458636809,-0.07417993997683826,0.7462843319974787,0.21359031042980672,3.564146775990902
42.965931863727455,-0.0006322128386129831,0.0026299017890599,-0.07349600633197358,0.7344465807903595,0.21410919814447432,3.529862246245468
43.126252505010015,-0.0005876981346379022,0.002532113334290293,-0.07272775954510659,0.7227252368322773,0.21451309083674203,3.495503746126735
43.28657314629258,-0.0005429682459044167,0.002441478754687701,-0.07187769576182826,0.7111336171683946,0.2148026975155021,3.4610896548760532
43.44689378757515,-0.0004982270519651402,0.0023580162057602804,-0.07094837435783319,0.6996846335916681,0.21497878069901108,3.426638233776693
43.607214428857716,-0.0004536678717129626,0.002281712003461434,-0.0699424134659815,0.6883907828643081,0.21504215559288845,3.3921676176410696
43.767535070140276,-0.0004094731801748863,0.002212522339983452,-0.06886248550527518,0.6772641376561916,0.21499368924739876,3.357695806431428
43.92785571142284,-0.00036581438675502525,0.00215037504002915,-0.06771131271757799,0.6663163381994498,0.21483429969462128,3.323240657017238
44.08817635270541,-0.0003228516726843963,0.0020951713478897164,-0.0664916627177962,0.6555585846575359,0.21456495506611198,3.2888198750724893
44.24849699398798,-0.0002807338852967271,0.002046787736027502,-0.06520634406311814,0.6450016302061599,0.21418667269167285,3.2544510071159527
44.40881763527054,-0.00023959848662864845,0.002005077726253926,-0.06385820184678673,0.6346557748226006,0.21370051817984434,3.2201514326973957
44.569138276553105,-0.00019957155373877085,0.001969873715002028,-0.0624501133217507,0.6245308597790304,0.21310760448074367,3.1859383567326187
44.72945891783567,-0.00016076782805296853,0.0019409887946179206,-0.06098498355940709,0.6146362628346489,0.21240909093187463,3.1518288019901237
44.88977955911823,-0.0001232908109721002,0.0019182185630327454,-0.0594657411485073,0.604980894120588,0.21160618228753977,3.1178396017320553
45.0501002004008,-8.723290292294891e-05,0.0019013429146243245,-0.05789533393916004,0.5955731927107548,0.210700127732487,3.0839873925120127
45.210420841683366,-5.2675582992724754e-05,0.0018901278055328875,-0.05627672483671597,0.5864211238710051,0.20969221988042872,3.0502886071322197
45.37074148296593,-1.9689626261454642e-05,0.001884326987155799,-0.05461288765016924,0.5775321769782686,0.2085837937580715,3.0167594677623994
45.53106212424849,1.1664644065632636e-05,0.001881813618792906,-0.052906802999558716,0.5689133641005353,0.20737622577529868,2.9834159792226513
45.69138276553106,4.1337072622734656e-05,0.0018775649841886281,-0.05116145428669382,0.5605712192278897,0.20607093268214904,2.9502739224324745
45.85170340681363,6.928735882879628e-05,0.0018686972942927138,-0.04937982373337276,0.5525117981441167,0.20466937051323836,2.917348848028035
46.012024048096194,9.548471767215254e-05,0.0018554891118076676,-0.047564888491094935,0.5447406789277265,0.20317303352026828,2.884656070149597
46.172344689378754,0.00011990751715704523,0.0018382232012001173,-0.045719616826109775,0.537262963070636,0.20158345309327272,2.852210660401018
46.33266533066132,0.00014254289518826553,0.00181718509199408,-0.04384696438347293,0.5300832772021324,0.1999021966712483,2.8200274419830196
46.49298597194389,0.00016338635861419147,0.0017926617049157263,-0.04194987053361674,0.5232057754051711,0.19813086664281943,2.7881209840019316
46.65330661322645,0.0001824413670838895,0.0017649400435371238,-0.04003125480476729,0.5166341421115134,0.1962710992375847,2.7565055959554066
46.813627254509015,0.00019971890430112,0.0017343059536465415,-0.03809401340437257,0.5103715955616824,0.1943245634087944,2.7251953223965786
46.97394789579158,0.0002152370391779464,0.001701042952165253,-0.03614101583253214,0.5044208918152371,0.19229295970800706,2.6942039377779965
47.13426853707415,0.0002290204793039879,0.0016654311270364402,-0.03417510159024476,0.49878432929637717,0.19017801915237037,2.6635449414765637
47.29458917835671,0.00024110011905469222,0.001627746109131938,-0.032199076985117696,0.4934637538594746,0.1879815020851728,2.633231553000609
47.454909819639276,0.0002515125845641942,0.0015882581168578788,-0.03021571203700521,0.48846056435870316,0.1857051970303093,2.603276707380129
47.61523046092184,0.0002602997776860252,0.0015472310737917282,-0.028227737485871825,0.4837757187055666,0.183350919541303,2.573693050741122
47.77555110220441,0.00026750842095883963,0.0015049217993512575,-0.026237841903997392,0.4794097403977614,0.18092051104552184,2.544492936064823
47.93587174348697,0.00027318960548496736,0.0014615792721814147,-0.02424866891447129,0.4753627255024935,0.1784158376842275,2.5156884191325792
48.09619238476954,0.00027739834351783163,0.0014174439656481237,-0.02226281451774442,0.47163435007706533,0.17583878914908901,2.4872912546569625
48.256513026052104,0.00028019312744048945,0.0013727472545492598,-0.02028282452784063,0.468223878009283,0.17319127751579438,2.459312892599657
48.416833667334664,0.0002816354967025148,0.001327710891892507,-0.018311192119650894,0.4651301692599851,0.17047523607538445,2.431764474676517
48.57715430861723,0.0002817896141665631,0.0012825465543478915,-0.016350355488566594,0.46235168848978736,0.16769261816393313,2.4046568310501186
48.7374749498998,0.0002807218531999459,0.0012374554547593933,-0.014402695623539189,0.4598865140519431,0.16484539599119452,2.378000477210028
48.897795591182366,0.0002785003967307384,0.0011926280198952094,-0.012470534194481825,0.45773234733306367,0.16193555946882987,2.3518056110408874
49.058116232464926,0.00027519484937295623,0.001148243631429985,-0.010556131554767102,0.4558865224233043,0.1589651150388251,2.3260821100783513
49.21843687374749,0.00027087586361156037,0.0011044704279843318,-0.00866168485940595,0.4543460160975188,0.15593608450270335,2.3008395289527774
49.37875751503006,0.0002656147809259281,0.0010614651658971577,-0.006789326299336491,0.45310745808880193,0.15285050385213406,2.2760870970205254
49.53907815631263,0.00025948328862035664,0.0010193731362742086,-0.004941121452085407,0.4521671416357822,0.14971042210153057,2.251833716182556
49.69939879759519,0.0002525530930225038,0.0009783281357417161,-0.003119067748912169,0.45152103428500084,0.1465179001232269,2.228087958889991
49.859719438877754,0.0002448956096057857,0.0009384524882364418,-0.0013250930583886917,0.45116478892970613,0.1432750094858134,2.20485806633616
50.02004008016032,0.0002365816704898984,0.0008998571150824788,0.0004389456137818195,0.45102338302412137,0.13998383129621197,2.182151946834594
50.18036072144288,0.00022768124967514723,0.0008626416505401917,0.002171263309056988,0.45081414783992585,0.13664645504605558,2.159977174382309
50.34068136272545,0.00021826320627136434,0.0008268945999633168,0.003870148184948661,0.45032986635744043,0.13326497746293772,2.1383409874076404
50.501002004008015,0.0002083950458911095,0.0007926935376657232,0.005533962469153766,0.44957602983206146,0.12984150136708786,2.117250287701826
50.66132264529058,0.0001981427002897749,0.0007601053415790787,0.007161143299698644,0.44855838608305526,0.12637813453402022,2.0967116395334005
50.82164328657314,0.00018757032525230897,0.0007291864617761071,0.008750203452006295,0.447282927425604,0.12287698856369769,2.0767312689444055
50.98196392785571,0.00017674011664769242,0.0006999832199404353,0.010299731953929997,0.4457558784952684,0.11934017775674359,2.057315063227336
51.142284569138276,0.00016571214449814637,0.0006725321368826523,0.011808394589924665,0.4439836839827349,0.11576981799822951,2.0384685705816468
51.302605210420836,0.00015454420484040414,0.0006468602852322683,0.013274934295651934,0.44197299629651643,0.11216802564955258,2.020196999948558
51.4629258517034,0.00014329168909132535,0.0006229856644762175,0.014698171444436471,0.4397306631710584,0.10853691644891389,2.002505221022829
51.62324649298597,0.00013200747056971407,0.0006009175955655127,0.01607700402710606,0.4372637152374678,0.10487860442089916,1.9853977644400782
51.78356713426854,0.00012074180777039254,0.0005806571323719168,0.017410407726863544,0.43457935357382294,0.10119520079565125,1.9688788221381501
51.9438877755511,0.00010954226393545786,0.0005621974873453962,0.01869743589094456,0.4316849372517542,0.09748881293811909,1.952952247890955
52.104208416833664,9.845364242111307e-05,0.0005455244687997792,0.01993721940092099,0.4285879708956928,0.09376154328785706,1.937621558013121
52.26452905811623,8.751793731654271e-05,0.0005306169273378426,0.021128966443609728,0.4252960922708807,0.09001548830983896,1.9228899322337463
52.4248496993988,7.67742987338633e-05,0.0005174472090171687,0.022271962184641916,0.42181705991591056,0.08625273745674147,1.9087602147374274
52.58517034068136,6.62590121552266e-05,0.0005059816129539153,0.02336556834683949,0.41815874083523086,0.08247537214314371,1.895234915370703
52.745490981963925,5.6005491194544955e-05,0.0004961808511623504,0.024409222695632816,0.41432909826669595,0.07868546473207781,1.8823162110119678
52.90581162324649,4.604428310696553e-05,0.00048800050853297066,0.025402438433834912,0.41033617953888285,0.07488507753435843,1.8700059471028343
53.06613226452905,3.6403086358981114e-05,0.0004813915009605503,0.026344803508167286,0.40618810403251004,0.07107626182110433,1.85830563933887
53.22645290581162,2.71067795559049e-05,0.0004763005297449281,0.027235979830004198,0.4018930512599111,0.06726105684986071,1.8472164755175502
53.38677354709419,1.8177461011089372e-05,0.00047267053050108085,0.02807570241287227,0.3974592490761133,0.06344148890471722,1.836739317541231
53.547094188376754,9.634498232656224e-06,0.00047044111493043983,0.028863778429306153,0.3928949620346561,0.059619570350805125,1.826874703572852
53.707414829659314,1.4945865984996784e-06,0.00046954900392193037,0.029600086189720973,0.3882084799008665,0.05579729870355095,1.8176228503420426
53.86773547094188,-6.22818351133385e-06,0.0004689299441936872,0.030284574046017882,0.38340810633487543,0.05197665571304841,1.8089836555992287
54.02805611222445,-1.3522251854170316e-05,0.0004673467429619835,0.030917259222688984,0.3785021477562214,0.04815960646390401,1.8009567007153047
54.188376753507015,-2.037850646076235e-05,0.0004646292473054758,0.031498226578234985,0.3734989024014379,0.04434809849089746,1.7935412534243385
54.348697394789575,-2.6790195484958735e-05,0.0004608481890332738,0.032027627299750644,0.36840664958556746,0.040544060910788486,1.7867362707067689
54.50901803607214,-3.2752833473839365e-05,0.00045607520073998335,0.032505677533569324,0.3632336391780868,0.03674940357059081,1.7805404018104658
54.66933867735471,-3.826410275241785e-05,0.00045038246036112497,0.032932656954891795,0.3579880813032602,0.03296601621262422,1.7749519914070016
54.82965931863727,-4.3323750601940315e-05,0.00044384235187580585,0.03330890727935253,0.35267813627446326,0.029195767656640465,1.769969082880407
54.989979959919836,-4.793348289359159e-05,0.00043652714277796754,0.03363483071950073,0.34731190477154916,0.025440504999311653,1.7655894217456618
55.1503006012024,-5.20968548202549e-05,0.00042850867883296984,0.03391088838919257,0.3418974182698502,0.021702052831357305,1.761810459194105
55.31062124248497,-5.5819159348023114e-05,0.0004198580965349113,0.03413759865890717,0.33644262972892025,0.017982212472574022,1.758629355762928
55.47094188376753,-5.9107313986637765e-05,0.0004106455535822334,0.034315535465010094,0.3309554045486465,0.01428276122502028,1.7560429851258463
55.6312625250501,-6.196974645408913e-05,0.00040093997759500067,0.03444532657599405,0.3254435117998686,0.010605451644598559,1.7540479380020293
55.791583166332664,-6.441627978544252e-05,0.00039080883320706213,0.03452765181873079,0.3199146157361631,0.0069520108312664305,1.7526405261803166
55.95190380761523,-6.645801740972689e-05,0.00038031790758019467,0.034563241267766324,0.3143762675929569,0.003324139738092626,1.7518167866557186
56.11222444889779,-6.810722869159606e-05,0.0003695311143055399,0.03455287340068646,0.30883589767965425,-0.0002764875006321988,1.7515281592217529
56.27254509018036,-6.9377235406633e-05,0.0003585103155802308,0.034497373222571216,0.30330080776997415,-0.003848224222036818,1.7511975210075108
56.432865731462925,-7.028229959073204e-05,0.00034731516247422944,0.03439761036254334,0.29777816379521543,-0.007389451867874309,1.7502967052888807
56.593186372745485,-7.083751317517075e-05,0.0003360029530340773,0.034254497145400145,0.29227498884467906,-0.010898580598123337,1.7488307307425082
56.75350701402805,-7.10586897898642e-05,0.00032462850790661947,0.034068986641297455,0.28679815647700785,-0.01437404988482122,1.7468048685795465
56.91382765531062,-7.096225908804769e-05,0.0003132440631067867,0.03384207069643112,0.2813543843457269,-0.01781432908597881,1.744224637800324
57.07414829659319,-7.056516391639989e-05,0.0003018991794992156,0.0335747779476342,0.27595022814179376,-0.021217917999441446,1.741095800358607
57.23446893787575,-6.988476062549112e-05,0.0002906406685138941,0.033268171823777636,0.27059207585550843,-0.024583347396568016,1.7374243562386864
57.394789579158314,-6.893872278657508e-05,0.0002795125335710429,0.032923348536828566,0.2652861423596682,-0.027909179535611648,1.7332165384485319
57.55511022044088,-6.774494855222171e-05,0.00026855592665009717,0.0325414350653835,0.2600384643154026,-0.031194008654701847,1.7284788079322742
57.71543086172345,-6.632147187023797e-05,0.00025780911940180367,0.03212358713345391,0.25485489540166806,-0.03443646144433063,1.7232178484052976
57.87575150300601,-6.468637773282199e-05,0.00024730748817109783,0.03167098718723861,0.24974110186894738,-0.037635197499267976,1.7174405611152297
58.036072144288575,-6.28577216160452e-05,0.0002370835122713889,0.031184842372572047,0.24470255841725913,-0.0407889097498305,1.7111540595321357
58.19639278557114,-6.085345323864216e-05,0.0002271667848281273,0.03066638251568924,0.23974454439815998,-0.043896324872449606,1.7043656639712312
58.3567134268537,-5.869134474375911e-05,0.00021758403549086095,0.030116858109896547,0.23487214033999693,-0.04695620367948831,1.697082896151437
58.51703406813627,-5.638892338287637e-05,0.00020835916429834498,0.02953753831068498,0.23009022479526087,-0.04996734148827507,1.6893134736930993
58.677354709418836,-5.3963408757597606e-05,0.00019951328597045116,0.028929708941765903,0.22540347150849122,-0.05292856846932415,1.6810653045582211
58.8376753507014,-5.143165465246751e-05,0.00019106478389349196,0.02829467051445163,0.22081634690278235,-0.05583874997373246,1.6723464814365334
58.99799599198396,-4.8810095470480624e-05,0.00018302937306199335,0.02763373626274274,0.21633310788256652,-0.058696786839746794,1.6631652760807434
59.15831663326653,-4.611469726250447e-05,0.0001754201712397099,0.026948230196421546,0.2119577999499681,-0.061501615678512866,1.65353013359431
59.3186372745491,-4.336091332251535e-05,0.00016824777760564007,0.026239485174387636,0.2076942556316667,-0.06425220913901976,1.6434496666750689
59.478957915831664,-4.056364430233085e-05,0.00016152035815675454,0.02550884100040439,0.20354609321284567,-0.06694757615227089,1.6329326498180512
59.639278557114224,-3.773720278247233e-05,0.00015524373714795284,0.02475764254335823,0.19951671577446803,-0.06958676215472331,1.6219880134808176
59.79959919839679,-3.4895282219887736e-05,0.0001494214938611905,0.02398723788406334,0.19560931052978486,-0.07216884929104025,1.610624838214624
59.95991983967936,-3.205093017853798e-05,0.0001440550640096132,0.02319897649057349,0.19182684845566567,-0.07469295659622131,1.5988523487647432
60.12024048096192,-2.921652573529205e-05,0.00013914384509868512,0.022394207423890526,0.1881720842140254,-0.07715824015717747,1.5866799081432288
60.280561122244485,-2.6403760941185762e-05,0.0001346853050845385,0.021574277575885974,0.18464755635833185,-0.07956389325383538,1.574117011677416
60.44088176352705,-2.36236262068746e-05,0.00013067509368990438,0.020740529941178726,0.1812555878198897,-0.08190914647985675,1.5611732810374404
60.60120240480962,-2.0886399471027928e-05,0.00012710715575981192,0.019894301924634254,0.17799828666832151,-0.0841932678430753,1.5478584582460229
60.76152304609218,-1.8201639001472176e-05,0.00012397384606261763,0.01903692368607756,0.17487754714040882,-0.08641556284576299,1.5341823996737718
60.921843687374746,-1.5578179671050904e-05,0.00012126604496662375,0.018169716523732664,0.17189505093120558,-0.08857537454484113,1.520155070023222
61.08216432865731,-1.3024132543433563e-05,0.00011897327444842857,0.017293991297825752,0.16905226874110066,-0.09067208359216845,1.5057865363048244
61.24248496993988,-1.054688759841181e-05,0.0001170838139160161,0.016411046895709547,0.1663504620722802,-0.09270510825504218,1.4910869618080538
61.40280561122244,-8.153119421575957e-06,0.00011558481535729969,0.015522168739789337,0.16379068526783147,-0.09467390441706239,1.4760666000708116
61.56312625250501,-5.848795679600781e-06,0.00011446241735319733,0.014628627339451502,0.16137378778652955,-0.0965779655595124,1.4607357888502441
61.723446893787575,-3.6391881996799624e-06,0.00011370185752319486,0.01373167688811689,0.15910041670616332,-0.09841682272342211,1.445104944098105
61.883767535070135,-1.528886469866181e-06,0.00011328758300058596,0.012832553906462225,0.1569710194480809,-0.10019004445248991,1.4291845539437238
62.0440881763527,4.781866238158133e-07,0.00011312669537784592,0.011932475932773594,0.15498584671547677,-0.10189723671704172,1.4129851726876488
62.20440881763527,2.3787570076661952e-06,0.00011289768186029225,0.011032640261318085,0.15314495563779407,-0.1035380428192215,1.3965174148089903
62.364729458917836,4.17017976146415e-06,0.00011237271698901928,0.010134222729539484,0.1514482131134768,-0.10511214327960916,1.3797919489894444
62.525050100200396,5.850417772427392e-06,0.00011156946267768531,0.009238376554807288,0.14989529934318854,-0.10661925570547635,1.3628194921569734
62.68537074148296,7.418018881725521e-06,0.00011050586054107985,0.008346231221369354,0.14848571154549903,-0.10805913464089115,1.3456108035520538
62.84569138276553,8.872091700435567e-06,0.00010920004005353185,0.007458891418081718,0.14721876784694582,-0.10943157139889657,1.3281766788194054
63.0060120240481,1.02122802683584e-05,0.0001076702306772758,0.006577436027412095,0.14609361133828896,-0.110736393875993,1.310527944128031
63.16633266533066,1.1438737725068838e-05,0.00010593467813271256,0.005702917166137827,0.14510921428870582,-0.1119734663491601,1.2926754503224083
63.326653306613224,1.2552099158018525e-05,0.00010401156495571154,0.004836359278083354,0.14426438250960993,-0.1131426892556644,1.2746300671075923
63.48697394789579,1.355345378747729e-05,0.00010191893546108259,0.003978758279168937,0.14355775985972996,-0.11424399895590306,1.2564026772709935
63.64729458917835,1.4444316642639545e-05,9.967462520616349e-05,0.003131080754967673,0.1429878328830457,-0.11527736747954304,1.2380041709435035
63.80761523046092,1.5226599877385246e-05,9.729619502419753e-05,0.0022942632108959213,0.14255293557115284,-0.1162428022552189,1.2194454399026406
63.967935871743485,1.59025838680087e-05,9.480086967386533e-05,0.0014692113750924029,0.1422512542416147,-0.11714034582406152,1.2007373719203336
64.12825651302605,1.647488822876291e-05,9.220548112903402e-05,0.0006567995539686131,0.14208083252385428,-0.11797007553733603,1.1818908451578973
64.28857715430861,1.6946442874352036e-05,8.952641651154983e-05,-0.0001421299596535869,0.14201679007787255,-0.11873210323846956,1.1629167226107382
64.44889779559118,1.7320459251581273e-05,8.677957064975152e-05,-0.0009267674259691396,0.1419311069207084,-0.11942657492976139,1.1438258466052689
64.60921843687375,1.760040185528835e-05,8.398030322635514e-05,-0.0016963361454008505,0.14172083809735206,-0.12005367042406738,1.1246290333504527
64.76953907815631,1.7789960136461295e-05,8.114340046148539e-05,-0.0024500928938764478,0.1413884590160473,-0.12061360298176206,1.1053370675463778
64.92985971943888,1.7893020903146564e-05,7.828304125991359e-05,-0.0031873283065185407,0.14093656152503364,-0.1211066189332803,1.0859606970521858
65.09018036072143,1.791364130739109e-05,7.541276773602302e-05,-0.003907367210154187,0.14036784845756495,-0.12153299728755251,1.0665106276156475
65.250501002004,1.7856022504086556e-05,7.254546001566405e-05,-0.004609568905112648,0.13968512812768383,-0.1218930493266467,1.0469975176666135
65.41082164328657,1.7724484060220484e-05,6.96933152008899e-05,-0.005293327396835757,0.13889130878484227,-0.12218711818693734,1.0274319731765462
65.57114228456913,1.7523439185722388e-05,6.686783037155577e-05,-0.005958071577884808,0.13798939303536567,-0.12241557842712723,1.00782454258624
65.7314629258517,1.7257370849848244e-05,6.407978948694085e-05,-0.006603265360979718,0.13698247223866306,-0.12257883558344858,0.9881857118038289
65.89178356713427,1.693080883990507e-05,6.133925404086841e-05,-0.0072284077637615254,0.13587372088597838,-0.12267732571237804,0.9685258992751051
66.05210420841684,1.6548307812102675e-05,5.865555731525654e-05,-0.007833032946018628,0.13466639096936273,-0.12271151492120068,0.9488554511281247
66.2124248496994,1.6114426377454595e-05,5.603730206960061e-05,-0.008416710200167772,0.13336380634842593,-0.12268189888676383,0.929184636394019
66.37274549098196,1.563370725895774e-05,5.34923614975437e-05,-0.008979043895827292,0.13196935712229418,-0.12258900236276374,0.909523642305882
66.53306613226452,1.5110658549781143e-05,5.102788327640228e-05,-0.009519673379366288,0.13048649401406223,-0.12243337867591199,0.8898825696775311
66.69338677354709,1.4549736095903792e-05,4.865029653125717e-05,-0.010038272829355297,0.12891872277488614,-0.12221560921133129,0.8702714283639242
66.85370741482966,1.395532702057778e-05,4.636532153193998e-05,-0.01053455106888831,0.12726959861470624,-0.1219363028875328,0.8507001328048968
67.01402805611222,1.3331734402170585e-05,4.4177981938934075e-05,-0.011008251335782168,0.12554272066643604,-0.1215960956213303,0.8311784976538854
67.17434869739479,1.2683163111370627e-05,4.209261941279848e-05,-0.011459151011699337,0.1237417264902852,-0.12119564978304849,0.8117162334932136
67.33466933867736,1.2013706808434674e-05,4.011291040119082e-05,-0.011887061311274167,0.12187028662471616,-0.12073565364238491,0.7923229426374672
67.49498997995991,1.1327336096122846e-05,3.8241884917859694e-05,-0.012291826932356647,0.11993209919035713,-0.1202168208052869,0.7730081150264329
67.65531062124248,1.0627887819215889e-05,3.6481947129054965e-05,-0.012673325668519,0.11793088455301236,-0.11963988964220715,0.7537811242089982
67.81563126252505,9.919055497043971e-06,3.48348975646253e-05,-0.01303146798499887,0.11587038005172832,-0.1190056227081027,0.734651223419394
67.97595190380761,9.204380871281078e-06,3.330195677357718e-05,-0.013366196559281996,0.11375433479767774,-0.11831480615454322,0.7156275417470374
68.13627254509018,8.487246547379299e-06,3.1883790247031244e-05,-0.013677485787550065,0.11158650454943465,-0.11756824913429605,0.6967190804012383
68.29659318637275,7.770869704430926e-06,3.058053443526287e-05,-0.013965341258244342,0.10937064667001224,-0.11676678319875695,0.6779347090719354
68.45691382765531,7.0582968449563695e-06,2.9391823689820988e-05,-0.014229799194015874,0.10711051517083303,-0.11591126168859461,0.6592831623875783
68.61723446893787,6.35239955311869e-06,2.8316817966528486e-05,-0.014470925863352318,0.10480985584759729,-0.11500255911797967,0.6407730364712211
68.77755511022043,5.655871227161246e-06,2.735423113043389e-05,-0.01468881696318847,0.1024724015128044,-0.1140415705527671,0.6224127855958103
68.937875751503,4.971224749448384e-06,2.650235970946317e-05,-0.014883596973822338,0.10010186732947686,-0.11302921098300339,0.6042107189396361
69.09819639278557,4.300791055354979e-06,2.575911194955908e-05,-0.015055418487471946,0.09770194625041516,-0.11196641469012812,0.5861749974427916
69.25851703406813,3.6467185603958182e-06,2.5122037030460815e-05,-0.015204461511818689,0.09527630456710527,-0.11085413460923926,0.5683136307654874
69.4188376753507,3.010973403402604e-06,2.4588354307911832e-05,-0.015330932749892313,0.0928285775721785,-0.10969334168679333,0.5506344743489715
69.57915831663327,2.3953404622354627e-06,2.415498245495487e-05,-0.015435064857659619,0.09036236533910817,-0.10848502423410784,0.5331452265797608
69.73947895791584,1.8014250974533e-06,2.3818568382033918e-05,-0.015517115680684252,0.08788122862260764,-0.10723018727703523,0.5158534260578252
69.89979959919839,1.2306555785503852e-06,2.357551582283525e-05,-0.01557736747122813,0.08538868488297557,-0.1059298519021758,0.4987664489693128
70.06012024048096,6.842861467890963e-07,2.342201348012266e-05,-0.015616126087166627,0.08288820443741284,-0.10458505459999344,0.48189150656432905
70.22044088176352,1.6340066830840984e-07,2.335406263322106e-05,-0.015633720174089184,0.08038320674111976,-0.10319684660520341,0.46523564274026497
70.38076152304609,-3.310831689451872e-07,2.331442465027488e-05,-0.015630500331954893,0.07787705680075546,-0.10176629323479058,0.4488057317310468
70.54108216432866,-7.984091608419817e-07,2.322388418295727e-05,-0.01560683826766867,0.07537306172262931,-0.10029447322402292,0.4326084759026848
70.70140280561122,-1.2379774413563563e-06,2.3060646779975432e-05,-0.01556312593493793,0.07287446739777102,-0.09878247806081943,0.4166504036554026
70.86172344689379,-1.6493389311693887e-06,2.282919857376094e-05,-0.01549977466276245,0.07038445532581104,-0.09723141131882901,0.40093786743258497
71.02204408817634,-2.0321894256115233e-06,2.2534086080231432e-05,-0.015417214273901069,0.0679061395793853,-0.09564238798957801,0.3854770418367218
71.18236472945891,-2.3863633661799323e-06,2.2179893471670993e-05,-0.015315892194648222,0.06544256391056369,-0.09401653381403678,0.370273921852464
71.34268537074148,-2.7118273389269004e-06,2.1771220870059217e-05,-0.015196272557241408,0.06299669900059254,-0.0923549846139599,0.3553343211768729
71.50300601202404,-3.008673341939209e-06,2.131266370125231e-05,-0.015058835296206687,0.06057143985402352,-0.09065888562334336,0.34066387065684844
71.66332665330661,-3.2771118629257303e-06,2.0808793143748102e-05,-0.014904075239934514,0.05816960333810035,-0.08892939082034804,0.32626801683370665
71.82364729458918,-3.517464806614213e-06,2.0264137699295994e-05,-0.014732501198761398,0.05579392586806458,-0.08716766226002935,0.31215202059479846
71.98396793587175,-3.7301583102394995e-06,1.968316590636182e-05,-0.014544635050815071,0.05344706123883998,-0.0853748694082122,0.29832095593201335
72.1442885771543,-3.915715483894847e-06,1.9070270211441278e-05,-0.014341010826861619,0.05113157860335506,-0.08355218847684868,0.28477970880695946
72.30460921843687,-4.074749110928783e-06,1.842975200744739e-05,-0.014122173795372204,0.048849960597564746,-0.08170080176118741,0.27153297612254756
72.46492985971943,-4.207954341910751e-06,1.7765807842891113e-05,-0.013888679549005687,0.04660460161204344,-0.07982189697908847,0.2585852648006816
72.625250501002,-4.316101413972357e-06,1.708251680033534e-05,-0.013641093093680019,0.044397806209824114,-0.07791666661280247,0.24594089096566013
72.78557114228457,-4.400028425566394e-06,1.6383829037646857e-05,-0.01337998794138137,0.0422317876899795,-0.0759863072535404,0.23360397923288698
72.94589178356713,-4.460634194883999e-06,1.567355548089732e-05,-0.013105945207834833,0.04010866679625472,-0.07403201894914853,0.22157846210241078
73.1062124248497,-4.498871228339932e-06,1.4955358653384364e-05,-0.012819552716134242,0.038030470569884435,-0.07205500455520077,0.2098680794567714
73.26653306613227,-4.515738823688112e-06,1.423274462115766e-05,-0.012521404107401445,0.03599913134555289,-0.07005646908982019,0.1984763781625812
73.42685370741482,-4.5122763304709845e-06,1.3509056031645965e-05,-0.012212097959517252,0.03401648588928701,-0.06803761909253003,0.1874067117752193
73.58717434869739,-4.489556588647344e-06,1.2787466218490178e-05,-0.011892236914937267,0.03208427467690587,-0.06599966198743731,0.17666224034596328
73.74749498997996,-4.448679564390886e-06,1.207097434249512e-05,-0.0115624268185764,0.030204141311493928,-0.06394380545104221,0.1662459303308546
73.90781563126252,-4.3907662002142245e-06,1.1362401535713139e-05,-0.011223275866714252,0.02837763207820407,-0.061871256784964204,0.15616055460051328
74.06813627254509,-4.3169524947571375e-06,1.0664388013070135e-05,-0.010875393767843756,0.026606195634552108,-0.059783222293871056,0.14640869255010552
74.22845691382766,-4.228383825790119e-06,9.979391113627459e-06,-0.010519390916352093,0.024891182834215746,-0.057680906668889136,0.1369927303086016
74.38877755511022,-4.126209528231806e-06,9.309684231541526e-06,-0.010155877579891568,0.023233846682212223,-0.055565512376773867,0.12791486104642408
74.54909819639278,-4.011577737266088e-06,8.657356595028722e-06,-0.009785463101263967,0.02163534241919387,-0.05343823905510705,0.11917708538054252
74.70941883767534,-3.885630504977896e-06,8.024313850159455e-06,-0.009408755115609204,0.020096727732470544,-0.05130028291378793,0.11078121187602177
74.86973947895791,-3.7494991973106652e-06,7.412279405086217e-06,-0.00902635878365482,0.018618963091246964,-0.04915283614307942,0.10272885764300625
75.03006012024048,-3.604300176586414e-06,6.822796489342957e-06,-0.008638876041747661,0.017202912203439127,-0.04699708632845807,0.09502144902805323
75.19038076152304,-3.451130773327028e-06,6.25723088213546e-06,-0.008246904869355967,0.015849342591326598,-0.04483421587252331,0.08766022239871596
75.35070140280561,-3.291065549674197e-06,5.716774263057198e-06,-0.007851038574693141,0.014558926283186375,-0.042665401424202824,0.0806462250202208
75.51102204408818,-3.125152855330108e-06,5.2024481384075485e-06,-0.007451865099080965,0.013332240617953966,-0.04049181331549651,0.07398031602305044
75.67134268537073,-2.9544116756326643e-06,4.715108296246241e-06,-0.00704996634063297,0.012169769159860755,-0.03831461500598574,0.06766316746020666
75.8316633266533,-2.7798287701407515e-06,4.255449743478827e-06,-0.006645917497804362,0.011071902719905845,-0.036134962535336566,0.06169526545288616
75.99198396793587,-2.602356098938428e-06,3.824012078622777e-06,-0.006240286433318636,0.010038940480938058,-0.03395400398401738,0.05607691142327856
76.15230460921843,-2.4229085327722714e-06,3.421185254437545e-06,-0.005833633058944696,0.009071091223041186,-0.03177287894243966,0.05080822341314166
76.312625250501,-2.2423618421161394e-06,3.0472156853082093e-06,-0.005426508741564233,0.008168474645846071,-0.02959271798873597,0.04588913748679485
76.47294589178357,-2.061550959311052e-06,2.702212655133681e-06,-0.005019455730931287,0.007331122784323373,-0.027414642175370586,0.041319409217126936
76.63326653306613,-1.8812685070562266e-06,2.386154982478985e-06,-0.004613006609492496,0.006558981514549914,-0.025239762524783434,0.03709861525318669
76.7935871743487,-1.7022635857299069e-06,2.0988979008929188e-06,-0.004207683764599334,0.005851912145885229,-0.02306917953425114,0.033226154967893294
76.95390781563125,-1.5252408112948813e-06,1.8401801135562818e-06,-0.0038039988834094214,0.005209693095944697,-0.02090398269015321,0.029701252184374173
77.11422845691382,-1.35085959489336e-06,1.6096309827997066e-06,-0.0034024524707389906,0.0046320216447103485,-0.01874524999181383,0.026522956979406837
77.27454909819639,-1.1797336546576787e-06,1.4067778165030277e-06,-0.003003533390093232,0.004118515764082509,-0.016594047485095943,0.023690147562420046
77.43486973947896,-1.0124307497557225e-06,1.2310532149468412e-06,-0.0026077184280675694,0.0036687160191397543,-0.014451428805906025,0.021201532228471966
77.59519038076152,-8.494726262523578e-07,1.0818024433229451e-06,-0.002215471882277994,0.003282087537348522,-0.012318434733767978,0.01905565138360829
77.75551102204409,-6.913351639975991e-07,9.582907968099211e-07,-0.0018272451729462616,0.0029580220419397605,-0.01019609275561967,0.017250879640971988
77.91583166332666,-5.384487134479977e-07,8.597109268744013e-07,-0.0014434764782309305,0.002695839945653008,-0.008085416639971624,0.01578542798601475
78.07615230460921,-3.9119861108659493e-07,7.851900992564035e-07,-0.0010645903933635627,0.0024947925010362303,-0.005987406021570933,0.014657346009137677
78.23647294589178,-2.499258619273917e-07,7.337973559286284e-07,-0.0006909976136170384,0.0023540640034826732,-0.003903045996695473,0.013864524204066211
78.39679358717434,-1.149279774697776e-07,7.04550555175348e-07,-0.0003230946411005926,0.002272774043184666,-0.0018333067292097126,0.01340469633024615
78.55711422845691,1.3540042596042006e-08,6.942525174947209e-07,3.873648465416593e-05,0.002243769544126168,0.00022085693250484967,0.013240033912473439
78.71743486973948,1.3526459664190717e-07,6.823242899004965e-07,0.00039412843238357484,0.00220907095358206,0.002258505827632228,0.013041287398634792
78.87775551102204,2.5007224698151643e-07,6.514355649607427e-07,0.0007427288011543232,0.0021179401132182993,0.004278716843909488,0.01251726153318054
79.03807615230461,3.5782837695739754e-07,6.027060560277631e-07,0.0010842003189247427,0.0019714928891638637,0.006280583267425667,0.011670824650508373
79.19839679358716,4.584357506810633e-07,5.372740618282923e-07,0.0014182210177590977,0.0017708979924357154,0.008263215121136085,0.010504989108339184
79.35871743486973,5.518329866963906e-07,4.5629059590625083e-07,0.001744484385877163,0.0015173745131863128,0.010225739492009491,0.009022908578227296
79.5190380761523,6.37992956620045e-07,3.6091376678268774e-07,0.002062699496749026,0.0012121894324146707,0.012167300846728587,0.007227875284540854
79.67935871743487,7.169211195615251e-07,2.523034199945846e-07,0.0023725911154707097,0.000856655114801862,0.014087061335871095,0.005123317193751276
79.83967935871743,7.886538028391126e-07,1.316160514654739e-07,0.0026738997826826327,0.0004521267862925711,0.015984201086508384,0.0027127951558851564
80.0,8.532564391926546e-07,0.0,0.0029663818763171236,0.0,0.017857918483158527,0.0
