time,write,mix_isolate,monitor,retrieve,verify,total
0.0,1.8,0.5,1.6,0.8,0.5,5.2
0.3088803088803089,1.8123552123552125,0.5036843235433247,1.5934175101610824,0.8055598455598456,0.5004532448486793,5.215470136468144
0.6177606177606177,1.8247104247104247,0.5087628475433877,1.5869072356096303,0.8111196911196912,0.5013271785994245,5.2328273775825584
0.9266409266409266,1.837065637065637,0.5145465274120363,1.5804683840849842,0.8166795366795367,0.502488117132448,5.251248202374643
1.2355212355212355,1.8494208494208495,0.5208416812925615,1.5741001720182304,0.8222393822393823,0.5038862064067652,5.270488291377789
1.5444015444015444,1.861776061776062,0.5275467436006767,1.5678018244368452,0.8277992277992279,0.5054920740417677,5.29041593165458
1.8532818532818531,1.8741312741312741,0.5345976677939513,1.561572574870388,0.8333590733590734,0.5072856334069088,5.310946223561595
2.1621621621621623,1.8864864864864865,0.5419498402489837,1.5554116652572225,0.838918918918919,0.5092519832720099,5.332018894183621
2.471042471042471,1.898841698841699,0.5495701513634665,1.5493183458522692,0.8444787644787646,0.5113794784232744,5.3535884389594735
2.7799227799227797,1.9111969111969112,0.5574329201170461,1.5432918751357634,0.85003861003861,0.5136586811363034,5.375618997624635
3.088803088803089,1.9235521235521236,0.5655175669701608,1.537331519723017,0.8555984555984556,0.5160817340912528,5.39808139993501
3.3976833976833976,1.935907335907336,0.5738071809306133,1.5314365542751722,0.8611583011583012,0.5186419585866547,5.420951330858078
3.7065637065637063,1.9482625482625484,0.5822875854061349,1.5256062614109291,0.8667181467181467,0.5213335833139175,5.444208125111676
4.015444015444015,1.9606177606177606,0.5909467013324707,1.5198399316192477,0.8722779922779923,0.5241515536015559,5.467833939449027
4.324324324324325,1.972972972972973,0.599774096994638,1.5141368631730021,0.8778378378378379,0.5270913927353559,5.491813163713807
4.633204633204633,1.9853281853281854,0.6087606601829478,1.5084963620435863,0.8833976833976834,0.5301490983423554,5.516131989294759
4.942084942084942,1.9976833976833976,0.6178983533863924,1.5029177418164554,0.888957528957529,0.5333210631736757,5.54077808501745
5.250965250965251,2.01003861003861,0.6271800270497543,1.4974003236075917,0.8945173745173746,0.5366040133430899,5.565740348556421
5.559845559845559,2.0223938223938225,0.6365992744771484,1.4919434359808896,0.9000772200772201,0.5399949593542884,5.591008712283369
5.8687258687258685,2.034749034749035,0.6461503172713151,1.4865464148664453,0.9056370656370657,0.5434911566923755,5.616573989216237
6.177606177606178,2.0471042471042473,0.6558279135971649,1.4812086034797451,0.9111969111969113,0.5470900736980085,5.642427749076077
6.486486486486486,2.0594594594594593,0.6656272837975882,1.4759293522417365,0.9167567567567568,0.5507893650756159,5.668562217331157
6.795366795366795,2.0718146718146717,0.6755440494019571,1.4707080186997799,0.9223166023166023,0.5545868498222638,5.694970192055274
7.104247104247104,2.084169884169884,0.6855741826117597,1.465543967449466,0.9278764478764479,0.5584804926691774,5.721644974776735
7.4131274131274125,2.0965250965250966,0.6957139640827394,1.46043657005729,0.9334362934362934,0.5624683883463417,5.7485803124477615
7.722007722007722,2.108880308880309,0.7059599473494265,1.4553852049841765,0.938996138996139,0.566548748139457,5.775770348349507
8.03088803088803,2.1212355212355214,0.7163089286212032,1.45038925750984,0.9445559845559846,0.5707198883258038,5.803209580248352
8.339768339768339,2.133590733590734,0.7267579209620625,1.4454481196579796,0.9501158301158301,0.5749802201633726,5.830892824489978
8.64864864864865,2.145945945945946,0.7373041320779903,1.4405611901222901,0.9556756756756757,0.5793282411741596,5.858815184996061
8.957528957528957,2.158301158301158,0.747944945096281,1.4357278741932877,0.9612355212355213,0.5837625275135682,5.886972026339817
9.266409266409266,2.1706563706563706,0.7586779018439094,1.4309475836859369,0.9667953667953668,0.5882817272574007,5.915358950238984
9.575289575289576,2.183011583011583,0.769500688227096,1.4262197368680722,0.9723552123552124,0.5928845544688776,5.943971774930841
9.884169884169884,2.1953667953667955,0.780411121388406,1.4215437583896051,0.977915057915058,0.5975697839325581,5.9728065169924225
10.193050193050192,2.207722007722008,0.7914071383761889,1.4169190792125073,0.9834749034749035,0.602336246461504,6.00185937524711
10.501930501930502,2.2200772200772203,0.8024867861076125,1.4123451365415618,0.9890347490347491,0.6071828246996417,6.031126716460785
10.81081081081081,2.2324324324324323,0.8136482124437139,1.4078213737558751,0.9945945945945946,0.6121084493539135,6.06060506258053
11.119691119691119,2.2447876447876447,0.8248896582248688,1.4033472403411393,1.0001544401544402,0.6171120958010808,6.090291079309173
11.428571428571429,2.257142857142857,0.8362094501393988,1.3989221918226376,1.0057142857142858,0.622192781022468,6.120181565841648
11.737451737451737,2.2694980694980695,0.8476059943179061,1.3945456896989854,1.0112741312741313,0.6273495608268734,6.150273445615966
12.046332046332045,2.281853281853282,0.8590777705622494,1.390217201376598,1.016833976833977,0.6325815273276261,6.180563757953732
12.355212355212355,2.2942084942084944,0.8706233271315553,1.3859362001048776,1.0223938223938225,0.6378878066445592,6.211049650483309
12.664092664092664,2.306563706563707,0.8822412760188603,1.3817021649121095,1.027953667953668,0.6432675568056858,6.24172837225403
12.972972972972972,2.3189189189189188,0.8939302886613334,1.3775145805420648,1.0335135135135136,0.6487199658267392,6.27259726746257
13.281853281853282,2.331274131274131,0.9056890920348626,1.3733729373912955,1.0390733590733592,0.6542442499495951,6.303653769723244
13.59073359073359,2.3436293436293436,0.9175164650903931,1.3692767314471206,1.0446332046332047,0.6598396520230169,6.334895396823079
13.899613899613898,2.355984555984556,0.9294112354950033,1.3652254642262882,1.0501930501930503,0.6655054400112286,6.366319745910127
14.208494208494209,2.3683397683397684,0.941372276645438,1.3612186427143156,1.0557528957528959,0.6712409056175912,6.397924489070009
14.517374517374517,2.380694980694981,0.9533985049258743,1.3572557793054911,1.0613127413127414,0.6770453630121726,6.429707369251261
14.826254826254825,2.3930501930501933,0.9654888771851615,1.3533363917435361,1.0668725868725868,0.6829181476533108,6.461666196504789
15.135135135135135,2.4054054054054053,0.9776423884117439,1.3494600030629167,1.0724324324324326,0.6888586151944036,6.493798844506902
15.444015444015443,2.4177606177606177,0.9898580695870477,1.3456261415308004,1.077992277992278,0.6948661404681341,6.526103247338878
15.752895752895753,2.43011583011583,1.0021349857003297,1.3418343405896491,1.0835521235521237,0.7009401165412006,6.558577396499134
16.06177606177606,2.4424710424710425,1.0144722339099013,1.3380841388004416,1.089111969111969,0.7070799538333628,6.5912193381267175
16.37065637065637,2.454826254826255,1.0268689418373231,1.3343750797865197,1.0946718146718146,0.7132850792952683,6.624027170417181
16.679536679536678,2.467181467181467,1.039324265982619,1.3307067121780496,1.1002316602316602,0.7195549356400951,6.656999041213891
16.988416988416986,2.4795366795366798,1.0518373902498337,1.3270785895570931,1.1057915057915058,0.7258889806245524,6.690133145759665
17.2972972972973,2.4918918918918918,1.064407524573383,1.3234902704032812,1.1113513513513513,0.7322866863752236,6.723427724595131
17.606177606177607,2.504247104247104,1.077033903636619,1.319941318040084,1.116911196911197,0.7387475387566289,6.756881061591633
17.915057915057915,2.5166023166023166,1.0897157856749127,1.3164313005816695,1.1224710424710425,0.745271036777734,6.790491482107676
18.223938223938223,2.528957528957529,1.10245245135631,1.3129597908803454,1.128030888030888,0.7518566920339405,6.824257351259012
18.53281853281853,2.5413127413127414,1.1152432027335049,1.3095263664745793,1.1335907335907336,0.7585040281818668,6.858177072293427
18.84169884169884,2.5536679536679534,1.1280873622614638,1.306130609537586,1.1391505791505792,0.7652125804444769,6.892249085062058
19.15057915057915,2.5660231660231663,1.1409842718755856,1.302772106826481,1.1447104247104247,0.771981895144332,6.92647186457999
19.45945945945946,2.5783783783783782,1.1539332921257395,1.2994504496319927,1.1502702702702703,0.7788115292629364,6.960843919669317
19.768339768339768,2.5907335907335907,1.1669338013619681,1.2961652337287228,1.1558301158301159,0.7857010500243273,6.995363791678725
20.077220077220076,2.603088803088803,1.179985194968002,1.2929160593259563,1.1613899613899614,0.7926500345012126,7.0300300532739355
20.386100386100384,2.6154440154440155,1.1930868846390927,1.289702531019008,1.166949806949807,0.799658069242108,7.0648413072940315
20.694980694980696,2.627799227799228,1.2062382977009636,1.2865242577411058,1.1725096525096526,0.8067247499180513,7.099796185669001
21.003861003861005,2.6401544401544403,1.219438876466958,1.2833808527157986,1.1780694980694981,0.8138496809875857,7.134893348394281
21.312741312741313,2.6525096525096528,1.232688077630712,1.2802719334098893,1.1836293436293437,0.8210324753788145,7.170131482558412
21.62162162162162,2.6648648648648647,1.2459853716918992,1.277197121486882,1.1891891891891893,0.8282727541874189,7.205509301420253
21.93050193050193,2.677220077220077,1.2593302424128006,1.274156042760941,1.1947490347490348,0.835570146389621,7.241025543532475
22.239382239382238,2.6895752895752896,1.2727221863036329,1.2711483271513546,1.2003088803088802,0.8429242885691524,7.276678971908309
22.54826254826255,2.701930501930502,1.2861607121347334,1.268173608637499,1.205868725868726,0.8503348246573563,7.312468373228816
22.857142857142858,2.7142857142857144,1.2996453404738513,1.2652315252142954,1.2114285714285715,0.857801405685623,7.348392557088055
23.166023166023166,2.726640926640927,1.3131756032469315,1.2623217188481557,1.2169884169884169,0.8653236895494109,7.384450355273842
23.474903474903474,2.7389961389961393,1.3267510433208987,1.2594438354334134,1.2225482625482624,0.8729013407831656,7.42064062108188
23.783783783783782,2.7513513513513512,1.340371214107064,1.2565975247492296,1.228108108108108,0.8805340303454944,7.456962228661247
24.09266409266409,2.7637065637065636,1.3540356791838835,1.2537824404169742,1.2336679536679536,0.888221435414003,7.493414072389378
24.401544401544403,2.776061776061776,1.3677440119378823,1.2509982398580735,1.2392277992277991,0.8959632391892393,7.529995066274771
24.71042471042471,2.7884169884169885,1.3814957952216533,1.2482445842523202,1.2447876447876447,0.9037591307072308,7.566704143385838
25.01930501930502,2.800772200772201,1.3952906210279175,1.2455211384966414,1.2503474903474903,0.9116088046601367,7.603540255304386
25.328185328185327,2.813127413127413,1.4091280901786951,1.2428275711643186,1.2559073359073358,0.9195119612245639,7.640502371602326
25.637065637065636,2.8254826254826257,1.4230078120287188,1.240163554464655,1.2614671814671814,0.9274683058971329,7.677589479340313
25.945945945945944,2.8378378378378377,1.436929404182267,1.237528764203085,1.267027027027027,0.9354775493369021,7.714800582587118
26.254826254826256,2.8501930501930506,1.4508924922226591,1.2349228797417227,1.2725868725868725,0.9435394072142864,7.752134701958591
26.563706563706564,2.8625482625482626,1.4648967094537046,1.2323455839603406,1.278146718146718,0.951653600066128,7.789590874175153
26.872586872586872,2.874903474903475,1.4789416966524436,1.22979656321778,1.2837065637065637,0.9598198531566011,7.827168151636863
27.18146718146718,2.8872586872586874,1.4930271018325612,1.2272755073137813,1.2892664092664092,0.9680378963436507,7.864865602015088
27.49034749034749,2.8996138996138994,1.5071525800179013,1.224782109451235,1.2948262548262548,0.976307463950684,7.902682307859974
27.799227799227797,2.9119691119691122,1.521317793025534,1.2223160661988461,1.3003861003861004,0.9846282946432532,7.940617366222845
28.10810810810811,2.924324324324324,1.5355224092578794,1.2198770774542094,1.305945945945946,0.9930001313104782,7.9786698882928375
28.416988416988417,2.936679536679537,1.5497661035034083,1.2174648464072875,1.3115057915057915,1.0014227209509805,8.016838999047005
28.725868725868725,2.949034749034749,1.5640485567454787,1.2150790795042912,1.317065637065637,1.0098958145631083,8.055123836913264
29.034749034749034,2.9613899613899615,1.578369455978892,1.2127194864119564,1.3226254826254826,1.0184191670392448,8.093523553445538
29.343629343629342,2.973745173745174,1.592728494033779,1.2103857799822124,1.3281853281853282,1.0269925370640096,8.132037313010503
29.65250965250965,2.986100386100386,1.607125369406444,1.2080776762172363,1.3337451737451738,1.0356156870161644,8.170664292485405
29.961389961389962,2.9984555984555987,1.6215597860968312,1.2057948942348935,1.3393050193050193,1.0442883828740601,8.209403680966401
30.27027027027027,3.0108108108108107,1.6360314534522782,1.2035371562345563,1.344864864864865,1.0530103941244513,8.248254679486962
30.57915057915058,3.023166023166023,1.6505400860172597,1.2013041874632961,1.3504247104247105,1.0617814936745331,8.287216500745823
30.888030888030887,3.0355212355212355,1.6650854033888305,1.1990957161824483,1.355984555984556,1.0706014577670522,8.326288368844123
31.196911196911195,3.047876447876448,1.679667130077493,1.1969114736345432,1.3615444015444016,1.079470065898354,8.36546951903124
31.505791505791507,3.0602316602316604,1.6942849953732435,1.1947511940106004,1.3671042471042472,1.0883871007392374,8.40475919745899
31.814671814671815,3.0725868725868724,1.7089387332165429,1.1926146144177805,1.3726640926640927,1.0973523480584935,8.444156660943781
32.12355212355212,3.084942084942085,1.7236280820739975,1.1905014748473937,1.3782239382239383,1.106365596649014,8.48366117673643
32.432432432432435,3.097297297297297,1.7383527848185236,1.1884115181432573,1.3837837837837839,1.1154266382563562,8.523272022299219
32.74131274131274,3.1096525096525096,1.7531125886137988,1.1863444899704023,1.3893436293436294,1.1245352675096616,8.562988485090003
33.05019305019305,3.122007722007722,1.7679072448028093,1.1843001387841214,1.394903474903475,1.13369128185483,8.602809862352958
33.359073359073356,3.134362934362934,1.7827365088003007,1.182278215799359,1.4004633204633206,1.1428944814898512,8.642735460915764
33.66795366795367,3.146718146718147,1.7976001399889783,1.1802784749604334,1.4060231660231661,1.1521446693022135,8.682764596992937
33.97683397683397,3.159073359073359,1.8124979016192713,1.1783006729110956,1.4115830115830115,1.1614416508082916,8.722896595995028
34.285714285714285,3.1714285714285717,1.8274295607125284,1.1763445689649132,1.4171428571428573,1.170785234094645,8.763130792343516
34.5945945945946,3.1837837837837837,1.842394887967481,1.17440992507598,1.4227027027027028,1.1801752297611452,8.803466529291093
34.9034749034749,3.196138996138996,1.857393657669844,1.1724965058099484,1.4282625482625482,1.1896114508658564,8.843903158747194
35.21235521235521,3.2084942084942085,1.872425647604924,1.170604078315377,1.433822393822394,1.1990937128716084,8.884440041108512
35.52123552123552,3.2208494208494205,1.8874906389730959,1.1687324122953955,1.4393822393822393,1.208621833594183,8.925076545094335
35.83011583011583,3.2332046332046334,1.9025884163080513,1.166881279979678,1.444942084942085,1.2181956331520676,8.965812047586516
36.13899613899614,3.245559845559846,1.9177187673976825,1.165050456096725,1.4505019305019307,1.2278149339176982,9.006645933473882
36.447876447876446,3.257915057915058,1.9328814832075094,1.1632397178464493,1.456061776061776,1.2374795604701498,9.047577595500943
36.75675675675676,3.27027027027027,1.948076357806544,1.1614488448730624,1.4616216216216218,1.247189339549211,9.08860643412071
37.06563706563706,3.2826254826254826,1.963303188295491,1.1596776192382592,1.4671814671814671,1.2569441000107922,9.12973185735149
37.374517374517374,3.294980694980695,1.9785617747371957,1.1579258253946954,1.4727413127413127,1.2667436727836212,9.17095328063752
37.68339768339768,3.307335907335907,1.9938519200892486,1.1561932501597565,1.4783011583011583,1.2765878908271744,9.212270126713245
37.99227799227799,3.31969111969112,2.0091734301386683,1.1544796826896162,1.4838610038610038,1.2864765890908014,9.25368182547121
38.3011583011583,3.3320463320463323,2.0245261134385695,1.152784914453577,1.4894208494208494,1.2964096044739988,9.295187813833326
38.61003861003861,3.3444015444015447,2.0399097812467586,1.1511087392086925,1.494980694980695,1.3063867757877907,9.336787535625481
38.91891891891892,3.3567567567567567,2.0553242474661646,1.149450952974671,1.5005405405405405,1.3164079437171807,9.378480441455315
39.227799227799224,3.369111969111969,2.0707693285870503,1.1478113540090507,1.5061003861003859,1.3264729507846282,9.420265988593084
39.536679536679536,3.3814671814671815,2.0862448436309284,1.1461897427826484,1.5116602316602317,1.3365816413145266,9.462143640855516
39.84555984555985,3.393822393822394,2.101750614096124,1.1445859219552805,1.5172200772200772,1.3467338613986346,9.50411286849251
40.15444015444015,3.4061776061776063,2.117286463904921,1.1429996963517453,1.5227799227799226,1.3569294588624383,9.546173148076633
40.463320463320464,3.4185328185328183,2.1328522193522366,1.1414308729380724,1.5283397683397684,1.3671682832324064,9.588323962395302
40.77220077220077,3.4308880308880307,2.1484477090557585,1.1398792607980321,1.5338996138996137,1.3774501857041084,9.630564800345542
41.08108108108108,3.443243243243243,2.164072763907514,1.1383446711099017,1.5394594594594593,1.3877750191111704,9.67289515683129
41.38996138996139,3.455598455598456,2.179727217026792,1.136826917123486,1.545019305019305,1.3981426378950363,9.715314532663076
41.6988416988417,3.467953667953668,2.1954109037143903,1.135325814137393,1.5505791505791504,1.408552898075508,9.75782243446011
42.00772200772201,3.4803088803088804,2.2111236614081404,1.1338411794765553,1.5561389961389962,1.4190056572220442,9.800418374554615
42.316602316602314,3.492664092664093,2.2268653296396455,1.13237283247,1.5616988416988415,1.429500774425783,9.843101870898362
42.625482625482626,3.505019305019305,2.2426357499922176,1.1309205944288625,1.567258687258687,1.440038110272277,9.885872446971348
42.93436293436293,3.5173745173745172,2.2584347660599526,1.1294842886246408,1.5728185328185327,1.4506175268149044,9.928729631692546
43.24324324324324,3.5297297297297296,2.274262223407912,1.1280637402676887,1.5783783783783782,1.4612388875489488,9.971672959332658
43.552123552123554,3.5420849420849425,2.2901179695333678,1.1266587764859457,1.5839382239382238,1.4719020573863104,10.01470196942879
43.86100386100386,3.5544401544401545,2.3060018538280866,1.1252692263038981,1.5894980694980694,1.4826069026308475,10.057816206701057
44.16988416988417,3.566795366795367,2.321913727541607,1.1238949206217739,1.595057915057915,1.4933532909543086,10.101015220970972
44.478764478764475,3.5791505791505793,2.3378534437454768,1.1225356921949634,1.6006177606177605,1.504141091372852,10.14429856708163
44.78764478764479,3.5915057915057913,2.3538208572984303,1.1211913756136667,1.606177606177606,1.5149701742241286,10.187665804819623
45.0965250965251,3.603861003861004,2.369815824812462,1.1198618072827642,1.6117374517374516,1.5258404111449086,10.231116498838592
45.4054054054054,3.616216216216216,2.3858382046197706,1.118546825401909,1.6172972972972972,1.536751675049239,10.274650218584432
45.714285714285715,3.628571428571429,2.4018878567405544,1.1172462699458356,1.6228571428571428,1.5477038401071168,10.318266538222078
46.02316602316602,3.640926640926641,2.417964642851616,1.1159599826448865,1.6284169884169883,1.5586967817236568,10.361965036563788
46.33204633204633,3.6532818532818534,2.4340684262557617,1.1146878069657515,1.633976833976834,1.5697303765187456,10.405745296998944
46.64092664092664,3.665637065637066,2.450199071851964,1.1134295880924185,1.6395366795366795,1.5808045023071622,10.44960690742529
46.94980694980695,3.677992277992278,2.466356446106271,1.1121851729073335,1.645096525096525,1.5919190380791555,10.493549460181562
47.25868725868726,3.6903474903474907,2.4825404170234258,1.1109544099727673,1.6506563706563706,1.6030738639814621,10.537572551981517
47.567567567567565,3.7027027027027026,2.498750854119191,1.109737149512386,1.6562162162162162,1.614268861298754,10.58167578384925
47.87644787644788,3.715057915057915,2.5149876283933414,1.1085332433930242,1.6617760617760617,1.625503912435501,10.625858761055843
48.18532818532818,3.7274131274131275,2.531250612303311,1.1073425451066585,1.6673359073359073,1.6367789008982403,10.670121093057245
48.49420849420849,3.73976833976834,2.547539679738481,1.1061649097525783,1.6728957528957529,1.6480937112782363,10.714462393433388
48.803088803088805,3.7521235521235523,2.563854705995071,1.1050001940197516,1.6784555984555984,1.659448229234523,10.758882279828496
49.11196911196911,3.7644787644787643,2.5801955677516375,1.103848256169386,1.684015444015444,1.670842341477317,10.803380373892548
49.42084942084942,3.776833976833977,2.5965621430451433,1.1027089560176788,1.6895752895752896,1.6822759357517936,10.847956301223881
49.729729729729726,3.789189189189189,2.612954311247593,1.1015821549187585,1.6951351351351351,1.6937489008222089,10.892609691312884
50.03861003861004,3.801544401544402,2.6293719530432083,1.1004677157478115,1.7006949806949807,1.7052611264563668,10.937340177486771
50.34749034749035,3.813899613899614,2.645814950406139,1.0993655028843963,1.7062548262548263,1.716812503410414,10.982147396855389
50.656370656370655,3.826254826254826,2.6622831865786796,1.098275382195937,1.7118146718146718,1.72840292341396,11.027030990258073
50.965250965250966,3.838610038610039,2.678776546049989,1.097197221021403,1.7173745173745174,1.7400322791555103,11.071990602211459
51.27413127413127,3.8509652509652508,2.6952949145352934,1.0961308881551621,1.722934362934363,1.7517004642682026,11.117025880858272
51.58301158301158,3.8633204633204636,2.7118381789555603,1.0950762538310164,1.7284942084942085,1.7634073733158429,11.162136477917093
51.89189189189189,3.8756756756756756,2.7284062274176244,1.094033189706408,1.734054054054054,1.7751529017792274,11.20732204863299
52.2007722007722,3.8880308880308885,2.7449989491947657,1.0930015688468022,1.7396138996138997,1.7869369460427496,11.252582251729105
52.50965250965251,3.9003861003861005,2.7616162347077116,1.0919812657102397,1.7451737451737452,1.7987594033812775,11.297916749359073
52.818532818532816,3.9127413127413124,2.7782579755060612,1.0909721561320591,1.7507335907335908,1.8106201719472985,11.343325207060323
53.12741312741313,3.9250965250965253,2.7949240642501176,1.089974117309786,1.7562934362934364,1.8225191507583283,11.388807293708194
53.43629343629343,3.9374517374517373,2.811614394693117,1.0889870277881908,1.7618532818532817,1.8344562396845645,11.434362681470892
53.745173745173744,3.94980694980695,2.8283288616638425,1.0880107674445054,1.7674131274131275,1.846431339436795,11.479991045765221
54.054054054054056,3.962162162162162,2.8450673610496104,1.0870452174738072,1.772972972972973,1.8584443515545421,11.525692065213095
54.36293436293436,3.974517374517375,2.8618297897796268,1.0860902603745612,1.7785328185328184,1.8704951783944403,11.571465421598822
54.67181467181467,3.986872586872587,2.878616045808696,1.085145779934319,1.7840926640926642,1.8825837231188465,11.617310799827113
54.98069498069498,3.999227799227799,2.895426028101271,1.0842116612155783,1.7896525096525095,1.8947098896846664,11.663227887881824
55.28957528957529,4.011583011583012,2.9122596366158486,1.083287790541795,1.7952123552123553,1.9068735828324042,11.709216376785415
55.598455598455594,4.023938223938224,2.929116772289683,1.0823740554835497,1.8007722007722007,1.9190747080754182,11.755275960559077
55.907335907335906,4.036293436293437,2.9459973370238233,1.0814703448448648,1.8063320463320462,1.9313131716893868,11.80140633618356
56.21621621621622,4.048648648648649,2.9629012336684597,1.0805765486496741,1.8118918918918918,1.9435888807019723,11.847607203560646
56.52509652509652,4.061003861003861,2.979828366008572,1.0796925581284382,1.8174517374517374,1.9559017428826844,11.89387826547529
56.833976833976834,4.073359073359073,2.9967786387498725,1.0788182657049086,1.823011583011583,1.968251666732931,11.940219227558368
57.14285714285714,4.085714285714285,3.013751957505033,1.0779535649830356,1.8285714285714285,1.9806385614762596,11.986629798250043
57.45173745173745,4.098069498069498,3.0307482287801997,1.077098350734022,1.834131274131274,1.99306233704878,12.033109688763775
57.76061776061776,4.11042471042471,3.0477673599617656,1.0762525188835153,1.8396911196911196,2.0055229040897613,12.07965861305087
58.06949806949807,4.122779922779923,3.064809259303424,1.0754159664989442,1.8452509652509652,2.018020173932409,12.126276287765666
58.37837837837838,4.135135135135135,3.08187383591347,1.0745885917769917,1.8508108108108108,2.030554058594806,12.172962432231214
58.687258687258684,4.147490347490347,3.0989609997423564,1.0737702940312064,1.8563706563706563,2.043124470771022,12.219716768405586
58.996138996138995,4.15984555984556,3.1160706615704994,1.0729609736797492,1.861930501930502,2.0557313238223864,12.266539020848697
59.3050193050193,4.172200772200772,3.133202732996318,1.072160532233275,1.8674903474903473,2.068374531768911,12.313428916689624
59.61389961389961,4.184555984555985,3.1503571264245114,1.0713688722829475,1.873050193050193,2.081054009280879,12.360386185594518
59.922779922779924,4.196911196911197,3.167533755054563,1.0705858974885851,1.8786100386100386,2.0937696716705747,12.40741055973496
60.23166023166023,4.20926640926641,3.184732532869465,1.0698115125669359,1.8841698841698842,2.106521434884165,12.45450177375686
60.54054054054054,4.221621621621622,3.201953374624663,1.0690456232800836,1.8897297297297297,2.1193092154937236,12.50165956474982
60.849420849420845,4.2339768339768336,3.2191961958372124,1.068288136423979,1.895289575289575,2.132132930689396,12.548883672216997
61.15830115830116,4.246332046332046,3.236460912775136,1.0675389598170963,1.9008494208494209,2.1449924982717032,12.596173838045402
61.46718146718147,4.258687258687259,3.2537474424469908,1.0667980022892178,1.9064092664092664,2.157887836643977,12.64352980647671
61.77606177606177,4.271042471042471,3.2710557025916245,1.0660651736703366,1.9119691119691118,2.170818864804926,12.690951324078469
62.084942084942085,4.283397683397683,3.2883856116681325,1.0653403847796843,1.9175289575289576,2.183785502341339,12.738438139715797
62.39382239382239,4.295752895752896,3.3057370888459907,1.064623547414879,1.923088803088803,2.1967876694208988,12.785990004523466
62.7027027027027,4.308108108108108,3.323110053995384,1.0639145743411902,1.9286486486486485,2.209825286785131,12.833606671878462
63.011583011583014,4.320463320463321,3.340504427677706,1.0632133792809242,1.9342084942084943,2.2228982757424705,12.881287897372914
63.32046332046332,4.332818532818533,3.357920131136234,1.0625198769029236,1.9397683397683396,2.2360065581614386,12.929033438787467
63.62934362934363,4.345173745173745,3.3753570862869786,1.0618339828121839,1.9453281853281852,2.2491500564639457,12.97684305606504
63.938223938223935,4.357528957528958,3.392815215709695,1.061155613539582,1.9508880308880308,2.262328693618696,13.02471651128496
64.24710424710425,4.36988416988417,3.4102944426390627,1.0604846865317203,1.9564478764478763,2.275542393134712,13.072653568637541
64.55598455598455,4.382239382239383,3.4277946909560164,1.0598211201408785,1.9620077220077219,2.288791079054956,13.120653994398957
64.86486486486487,4.394594594594595,3.4453158851792436,1.0591648336150783,1.9675675675675677,2.302074675950068,13.168717556906552
65.17374517374517,4.406949806949807,3.4628579504568218,1.0585157470882576,1.973127413127413,2.315393108912197,13.216844026534497
65.48262548262548,4.419305019305019,3.4804208125580147,1.057873781570549,1.9786872586872586,2.3287463035489404,13.265033175669782
65.79150579150578,4.431660231660231,3.49800439786521,1.0572388589386692,1.9842471042471042,2.342134185977379,13.313284778688594
66.1003861003861,4.444015444015444,3.515608633365995,1.0566109019264107,1.9898069498069497,2.355556682818208,13.361598611933008
66.40926640926641,4.456370656370656,3.5332334466453763,1.0559898341152398,1.9953667953667953,2.3690137211899627,13.40997445368803
66.71814671814671,4.468725868725868,3.550878765878137,1.055375579924996,2.000926640926641,2.3825052287033417,13.458412084158983
67.02702702702703,4.481081081081081,3.5685445198213186,1.0547680646046953,2.0064864864864864,2.3960311334556152,13.506911285449196
67.33590733590734,4.493436293436294,3.58623063780684,1.0541672142234326,2.012046332046332,2.4095913640251228,13.555471841538022
67.64478764478764,4.505791505791506,3.6039370497342427,1.0535729556613855,2.0176061776061776,2.4231858494658622,13.604093538259175
67.95366795366795,4.518146718146718,3.6216636860635574,1.052985216600916,2.0231660231660227,2.4368145193021618,13.652776163279375
68.26254826254826,4.530501930501931,3.6394104778082945,1.0524039255177686,2.0287258687258687,2.450477303523435,13.701519506077297
68.57142857142857,4.542857142857143,3.65717735652855,1.0518290116723683,2.0342857142857143,2.464174132579015,13.750323357922788
68.88030888030887,4.555212355212355,3.674964254324237,1.0512604051012109,2.03984555984556,2.4779049373730806,13.799187511856443
69.1891891891892,4.5675675675675675,3.6927711038284174,1.0506980366083483,2.0454054054054054,2.4916696492596437,13.848111762669383
69.4980694980695,4.57992277992278,3.7105978382007594,1.0501418377569691,2.050965250965251,2.5054682000376287,13.89709590688339
69.8069498069498,4.592277992277992,3.728444391121093,1.0495917408610693,2.056525096525096,2.5193005219460205,13.94613974273127
70.11583011583012,4.604633204633205,3.746310696783081,1.0490476789772154,2.062084942084942,2.533166547659088,13.995243070137532
70.42471042471043,4.616988416988417,3.764196689887985,1.0485095858963989,2.0676447876447877,2.5470662102816797,14.044405690699268
70.73359073359073,4.629343629343629,3.782102305638546,1.0479773961359768,2.073204633204633,2.560999443344593,14.093627407667377
71.04247104247104,4.641698841698841,3.8000274797329547,1.0474510449317056,2.0787644787644783,2.5749661808000095,14.142908025927989
71.35135135135135,4.654054054054054,3.8179721483589266,1.0469304682298572,2.0843243243243244,2.5889663570170023,14.192247351984163
71.66023166023166,4.666409266409267,3.8359362481878665,1.046415602679426,2.08988416988417,2.6029999067771077,14.241645193937837
71.96911196911196,4.678764478764479,3.8539197163691408,1.0459063856244186,2.0954440154440155,2.617066765269966,14.291101361472018
72.27799227799228,4.691119691119692,3.871922490524424,1.0454027550962282,2.101003861003861,2.631166868089025,14.34061566583323
72.58687258687259,4.703474903474904,3.889944508742149,1.0449046498060952,2.1065637065637066,2.6453001512273033,14.390187919814158
72.89575289575289,4.715830115830116,3.9079857095720443,1.0444120091376472,2.1121235521235517,2.6594665510732263,14.439817937736585
73.2046332046332,4.728185328185328,3.9260460320197517,1.0439247731395231,2.1176833976833978,2.6736660044065106,14.48950553543451
73.51351351351352,4.7405405405405405,3.9441254155415373,1.043442882518077,2.1232432432432433,2.6878984483941175,14.539250530237515
73.82239382239382,4.7528957528957525,3.9622238000390753,1.0429662786301628,2.128803088803089,2.7021638205862604,14.58905274095434
74.13127413127413,4.765250965250965,3.980341125854329,1.0424949034759976,2.134362934362934,2.7164620589124713,14.638911987856696
74.44015444015444,4.777606177606178,3.998477333764498,1.0420286996921033,2.13992277992278,2.7307931016777283,14.688828092663288
74.74903474903475,4.78996138996139,4.016632364977047,1.0415676105443263,2.145482625482625,2.7451568875586263,14.738800878524014
75.05791505791505,4.802316602316602,4.034806161124821,1.0411115799209327,2.151042471042471,2.7595533555996177,14.788830170004445
75.36679536679536,4.814671814671814,4.052998664261222,1.0406605523257804,2.1566023166023163,2.7739824452092976,14.838915793070429
75.67567567567568,4.827027027027027,4.07120981685547,1.040214472871565,2.1621621621621623,2.7884440961567414,14.889057575072965
75.98455598455598,4.839382239382239,4.089439561787932,1.039773287273141,2.1677220077220074,2.8029382485678953,14.939255344733215
76.29343629343629,4.851737451737452,4.107687842345525,1.0393369418409146,2.1732818532818534,2.8174648429220217,14.989508932127766
76.6023166023166,4.864092664092665,4.125954602217185,1.0389053834743114,2.1788416988416985,2.8320238200481893,15.03981816867405
76.91119691119691,4.876447876447877,4.1442397854894075,1.0384785596553132,2.1844015444015445,2.8466151211218107,15.090182887115954
77.22007722007721,4.888803088803089,4.162543336641858,1.0380564184420678,2.1899613899613897,2.861238687661234,15.14060292150964
77.52895752895753,4.9011583011583015,4.180865200543039,1.037638908462567,2.1955212355212357,2.875894461524378,15.19107810720952
77.83783783783784,4.9135135135135135,4.199205322446032,1.0372259789083955,2.201081081081081,2.8905823849054113,15.241608280854432
78.14671814671814,4.9258687258687255,4.217563647984297,1.0368175795285484,2.206640926640927,2.9053024003314833,15.292193280353981
78.45559845559845,4.938223938223938,4.235940123167534,1.0364136606233147,2.212200772200772,2.920054450659494,15.342832944875052
78.76447876447877,4.950579150579151,4.254334694377615,1.0360141730382302,2.217760617760618,2.9348384790729107,15.393527114828526
79.07335907335907,4.962934362934363,4.272747308364558,1.0356190681580948,2.223320463320463,2.949654429078624,15.444275631856101
79.38223938223938,4.975289575289575,4.291177912242574,1.0352282979010576,2.2288803088803086,2.964502244503855,15.49507833881737
79.6911196911197,4.987644787644788,4.309626453486176,1.034841814712764,2.234440154440154,2.979381869493093,15.545935079776974
80.0,5.0,4.328092879926325,1.0344595715605704,2.24,2.9942932485050813,15.596845699991977
