Module,Claim Type,Failure Condition,Consequence
FDS Core,formal,"mathematical counterexample to stated theorem under stated hypotheses",revise formal core
Capacity Deficit,formal / information,"finite bounded system maintains complete lossless task model of incompressible environment",revise theorem
Landauer Bridge,physical bridge,"logically irreversible erasure below thermodynamic floor under stated conditions",demote physical bridge
AI Agency,operational,"update ablation does not affect future boundary-maintenance loss",revise agency criterion
Prune / Externalize / Collapse,finite-system dynamics,"persistent capacity deficit produces none of the predicted responses",revise trichotomy
Observer as Register,physical / operational bridge,"physical measurement requires no finite record stabilization",demote observer bridge
Time as Irreversible Update,physical / operational bridge,"finite record updates are invertible under bounded memory without loss",revise time bridge
Two-Kink Signature,high-risk physical bridge,"both predicted kinks absent under validated experimental conditions",kill/demote module
Dark Energy Bridge,high-risk physical bridge,"observations force exact Λ behavior under stated test",demote X1
