leakage_strength,I_over_H,mismatch_entropy_over_H,schematic_error_proxy,epsilon
0.0,0.0,1.0,1.0,0.08
0.0033333333333333335,0.013902455737138109,0.9860975442628619,0.9860975442628619,0.08
0.006666666666666667,0.02761163319875315,0.9723883668012469,0.9723883668012469,0.08
0.01,0.04113021942751549,0.9588697805724845,0.9588697805724845,0.08
0.013333333333333334,0.05446086410960371,0.9455391358903963,0.9455391358903963,0.08
0.016666666666666666,0.06760618009405173,0.9323938199059483,0.9323938199059483,0.08
0.02,0.08056874390487534,0.9194312560951247,0.9194312560951247,0.08
0.023333333333333334,0.09335109624607907,0.9066489037539209,0.9066489037539209,0.08
0.02666666666666667,0.10595574249964279,0.8940442575003572,0.8940442575003572,0.08
0.030000000000000002,0.11838515321658394,0.8816148467834161,0.8816148467834161,0.08
0.03333333333333333,0.13064176460119414,0.8693582353988059,0.8693582353988059,0.08
0.03666666666666667,0.1427279789885425,0.8572720210114575,0.8572720210114575,0.08
0.04,0.15464616531534126,0.8453538346846587,0.8453538346846587,0.08
0.043333333333333335,0.1663986595842647,0.8336013404157353,0.8336013404157353,0.08
0.04666666666666667,0.17798776532181348,0.8220122346781865,0.8220122346781865,0.08
0.05,0.18941575402981292,0.8105842459701871,0.8105842459701871,0.08
0.05333333333333334,0.20068486563063492,0.7993151343693651,0.7993151343693651,0.08
0.05666666666666667,0.2117973089062296,0.7882026910937704,0.7882026910937704,0.08
0.060000000000000005,0.22275526193105388,0.7772447380689461,0.7772447380689461,0.08
0.06333333333333334,0.23356087249898083,0.7664391275010192,0.7664391275010192,0.08
0.06666666666666667,0.24421625854427453,0.7557837414557255,0.7557837414557255,0.08
0.07,0.25472350855671144,0.7452764914432886,0.7452764914432886,0.08
0.07333333333333333,0.26508468199093127,0.7349153180090687,0.7349153180090687,0.08
0.07666666666666667,0.2753018096700972,0.7246981903299028,0.7246981903299028,0.08
0.08,0.28537689418394274,0.7146231058160573,0.7146231058160573,0.08
0.08333333333333334,0.29531191028128656,0.7046880897187134,0.7046880897187134,0.08
0.08666666666666667,0.3051088052570894,0.6948911947429106,0.6948911947429106,0.08
0.09000000000000001,0.3147694993341298,0.6852305006658702,0.6852305006658702,0.08
0.09333333333333334,0.324295886039374,0.675704113960626,0.675704113960626,0.08
0.09666666666666668,0.33368983257511375,0.6663101674248862,0.6663101674248862,0.08
0.1,0.34295318018494325,0.6570468198150567,0.6570468198150567,0.08
0.10333333333333335,0.3520877445146494,0.6479122554853506,0.6479122554853506,0.08
0.10666666666666667,0.36109531596808386,0.6389046840319161,0.6389046840319161,0.08
0.11,0.36997766005808774,0.6300223399419123,0.6300223399419123,0.08
0.11333333333333334,0.37873651775253836,0.6212634822474616,0.6212634822474616,0.08
0.11666666666666667,0.387373605815584,0.612626394184416,0.612626394184416,0.08
0.12000000000000001,0.3958906171441353,0.6041093828558647,0.6041093828558647,0.08
0.12333333333333334,0.4042892210996788,0.5957107789003212,0.5957107789003212,0.08
0.12666666666666668,0.4125710638354766,0.5874289361645234,0.5874289361645234,0.08
0.13,0.42073776861921797,0.579262231380782,0.579262231380782,0.08
0.13333333333333333,0.42879093615118513,0.5712090638488149,0.5712090638488149,0.08
0.1366666666666667,0.4367321448779954,0.5632678551220046,0.5632678551220046,0.08
0.14,0.44456295130198176,0.5554370486980182,0.5554370486980182,0.08
0.14333333333333334,0.4522848902862726,0.5477151097137274,0.5477151097137274,0.08
0.14666666666666667,0.45989947535562936,0.5401005246443706,0.5401005246443706,0.08
0.15000000000000002,0.4674081989931028,0.5325918010068972,0.5325918010068972,0.08
0.15333333333333335,0.474812532932564,0.525187467067436,0.525187467067436,0.08
0.15666666666666668,0.4821139284471686,0.5178860715528314,0.5178860715528314,0.08
0.16,0.4893138166338121,0.5106861833661879,0.5106861833661879,0.08
0.16333333333333333,0.4964136086936286,0.5035863913063714,0.5035863913063714,0.08
0.16666666666666669,0.5034146962085906,0.49658530379140947,0.49658530379140947,0.08
0.17,0.5103184514142638,0.48968154858573615,0.48968154858573615,0.08
0.17333333333333334,0.5171262274687702,0.4828737725312297,0.4828737725312297,0.08
0.17666666666666667,0.5238393587180106,0.4761606412819894,0.4761606412819894,0.08
0.18000000000000002,0.5304591609572008,0.4695408390427992,0.4695408390427992,0.08
0.18333333333333335,0.536986931688772,0.463013068311228,0.463013068311228,0.08
0.18666666666666668,0.5434239503766853,0.4565760496233147,0.4565760496233147,0.08
0.19,0.5497714786972108,0.45022852130278923,0.45022852130278923,0.08
0.19333333333333336,0.55603076078622,0.44396923921378,0.44396923921378,0.08
0.19666666666666668,0.5622030234830404,0.4377969765169596,0.4377969765169596,0.08
0.2,0.5682894765709203,0.4317105234290797,0.4317105234290797,0.08
0.20333333333333334,0.5742913130141498,0.4257086869858501,0.4257086869858501,0.08
0.2066666666666667,0.5802097091918859,0.4197902908081142,0.4197902908081142,0.08
0.21000000000000002,0.5860458251287259,0.41395417487127406,0.41395417487127406,0.08
0.21333333333333335,0.5918008047220773,0.40819919527792264,0.40819919527792264,0.08
0.21666666666666667,0.597475775966364,0.40252422403363597,0.40252422403363597,0.08
0.22,0.6030718511741175,0.39692814882588245,0.39692814882588245,0.08
0.22333333333333336,0.6085901271939935,0.3914098728060064,0.3914098728060064,0.08
0.22666666666666668,0.6140316856257579,0.3859683143742421,0.3859683143742421,0.08
0.23,0.6193975930322836,0.3806024069677164,0.3806024069677164,0.08
0.23333333333333334,0.6246889011486005,0.3753110988513995,0.3753110988513995,0.08
0.2366666666666667,0.6299066470880388,0.37009335291196127,0.37009335291196127,0.08
0.24000000000000002,0.6350518535455063,0.36494814645449364,0.36494814645449364,0.08
0.24333333333333335,0.6401255289979404,0.35987447100205955,0.35987447100205955,0.08
0.24666666666666667,0.6451286679019725,0.3548713320980274,0.3548713320980274,0.08
0.25,0.6500622508888447,0.3499377491111553,0.3499377491111553,0.08
0.25333333333333335,0.6549272449566163,0.34507275504338375,0.34507275504338375,0.08
0.2566666666666667,0.6597246036596993,0.34027539634030074,0.34027539634030074,0.08
0.26,0.6644552672957573,0.3355447327042427,0.3355447327042427,0.08
0.26333333333333336,0.6691201630900079,0.33087983690999206,0.33087983690999206,0.08
0.26666666666666666,0.6737202053769605,0.32627979462303947,0.32627979462303947,0.08
0.27,0.6782562957796299,0.32174370422037013,0.32174370422037013,0.08
0.2733333333333334,0.6827293233862564,0.3172706766137436,0.3172706766137436,0.08
0.27666666666666667,0.6871401649245709,0.31285983507542914,0.31285983507542914,0.08
0.28,0.6914896849336354,0.30851031506636467,0.30851031506636467,0.08
0.2833333333333333,0.6957787359332959,0.3042212640667041,0.3042212640667041,0.08
0.2866666666666667,0.7000081585912796,0.2999918414087204,0.2999918414087204,0.08
0.29000000000000004,0.7041787818879668,0.29582121811203316,0.29582121811203316,0.08
0.29333333333333333,0.7082914232788756,0.2917085767211244,0.2917085767211244,0.08
0.2966666666666667,0.7123468888548847,0.2876531111451153,0.2876531111451153,0.08
0.30000000000000004,0.7163459735002298,0.2836540264997703,0.2836540264997703,0.08
0.30333333333333334,0.7202894610483037,0.27971053895169634,0.27971053895169634,0.08
0.3066666666666667,0.7241781244352907,0.2758218755647093,0.2758218755647093,0.08
0.31,0.7280127258516635,0.2719872741483365,0.2719872741483365,0.08
0.31333333333333335,0.7317940168915755,0.2682059831084244,0.2682059831084244,0.08
0.3166666666666667,0.7355227387001761,0.2644772612998239,0.2644772612998239,0.08
0.32,0.7391996221188764,0.26080037788112365,0.26080037788112365,0.08
0.32333333333333336,0.7428253878285975,0.2571746121714024,0.2571746121714024,0.08
0.32666666666666666,0.7464007464910262,0.25359925350897383,0.25359925350897383,0.08
0.33,0.7499263988879059,0.2500736011120941,0.2500736011120941,0.08
0.33333333333333337,0.7534030360583935,0.24659696394160643,0.24659696394160643,0.08
0.33666666666666667,0.7568313394345043,0.24316866056549563,0.24316866056549563,0.08
0.34,0.7602119809746753,0.23978801902532465,0.23978801902532465,0.08
0.3433333333333334,0.7635456232954709,0.23645437670452904,0.23645437670452904,0.08
0.3466666666666667,0.7668329198014583,0.23316708019854177,0.23316708019854177,0.08
0.35000000000000003,0.7700745148132762,0.2299254851867238,0.2299254851867238,0.08
0.35333333333333333,0.7732710436939245,0.22672895630607542,0.22672895630607542,0.08
0.3566666666666667,0.7764231329732973,0.22357686702670262,0.22357686702670262,0.08
0.36000000000000004,0.7795314004709841,0.22046859952901587,0.22046859952901587,0.08
0.36333333333333334,0.782596455417365,0.21740354458263497,0.21740354458263497,0.08
0.3666666666666667,0.7856188985730221,0.2143811014269779,0.2143811014269779,0.08
0.37000000000000005,0.7885993223464896,0.21140067765351042,0.21140067765351042,0.08
0.37333333333333335,0.7915383109103684,0.20846168908963153,0.20846168908963153,0.08
0.3766666666666667,0.7944364403158262,0.20556355968417384,0.20556355968417384,0.08
0.38,0.797294278605504,0.2027057213944961,0.2027057213944961,0.08
0.38333333333333336,0.8001123859248556,0.1998876140751445,0.1998876140751445,0.08
0.3866666666666667,0.8028913146319374,0.19710868536806259,0.19710868536806259,0.08
0.39,0.8056316094056724,0.19436839059432767,0.19436839059432767,0.08
0.39333333333333337,0.8083338073526087,0.19166619264739126,0.19166619264739126,0.08
0.39666666666666667,0.8109984381121949,0.18900156188780512,0.18900156188780512,0.08
0.4,0.81362602396059,0.18637397603940994,0.18637397603940994,0.08
0.4033333333333334,0.8162170799130324,0.1837829200869676,0.1837829200869676,0.08
0.4066666666666667,0.8187721138247834,0.18122788617521654,0.18122788617521654,0.08
0.41000000000000003,0.8212916264906696,0.1787083735093305,0.1787083735093305,0.08
0.4133333333333334,0.823776111743239,0.17622388825676108,0.17622388825676108,0.08
0.4166666666666667,0.8262260565495549,0.17377394345044508,0.17377394345044508,0.08
0.42000000000000004,0.8286419411066427,0.17135805889335734,0.17135805889335734,0.08
0.42333333333333334,0.8310242389356094,0.16897576106439058,0.16897576106439058,0.08
0.4266666666666667,0.8333734169744564,0.16662658302554362,0.16662658302554362,0.08
0.43000000000000005,0.8356899356695996,0.16431006433040043,0.16431006433040043,0.08
0.43333333333333335,0.8379742490661193,0.16202575093388075,0.16202575093388075,0.08
0.4366666666666667,0.840226804896754,0.1597731951032459,0.1597731951032459,0.08
0.44,0.8424480446696581,0.15755195533034191,0.15755195533034191,0.08
0.44333333333333336,0.8446384037549377,0.15536159624506227,0.15536159624506227,0.08
0.4466666666666667,0.8467983114699859,0.15320168853001415,0.15320168853001415,0.08
0.45,0.8489281911636292,0.15107180883637084,0.15107180883637084,0.08
0.45333333333333337,0.8510284602991062,0.1489715397008938,0.1489715397008938,0.08
0.4566666666666667,0.8530995305358913,0.14690046946410876,0.14690046946410876,0.08
0.46,0.8551418078103807,0.14485819218961923,0.14485819218961923,0.08
0.4633333333333334,0.8571556924154589,0.1428443075845412,0.1428443075845412,0.08
0.4666666666666667,0.859141579078955,0.14085842092104497,0.14085842092104497,0.08
0.47000000000000003,0.861099857041013,0.13890014295898698,0.13890014295898698,0.08
0.4733333333333334,0.8630309101303825,0.1369690898696175,0.1369690898696175,0.08
0.4766666666666667,0.864935116839651,0.13506488316034906,0.13506488316034906,0.08
0.48000000000000004,0.8668128503994295,0.13318714960057054,0.13318714960057054,0.08
0.48333333333333334,0.868664478851507,0.13133552114849303,0.13133552114849303,0.08
0.4866666666666667,0.8704903651209879,0.12950963487901218,0.12950963487901218,0.08
0.49000000000000005,0.8722908670874262,0.12770913291257377,0.12770913291257377,0.08
0.49333333333333335,0.8740663376549715,0.12593366234502845,0.12593366234502845,0.08
0.4966666666666667,0.8758171248215391,0.12418287517846097,0.12418287517846097,0.08
0.5,0.8775435717470181,0.1224564282529819,0.1224564282529819,0.08
0.5033333333333334,0.8792460168205333,0.12075398317946676,0.12075398317946676,0.08
0.5066666666666667,0.8809247937267689,0.11907520627323114,0.11907520627323114,0.08
0.51,0.8825802315113731,0.11741976848862692,0.11741976848862692,0.08
0.5133333333333334,0.8842126546454513,0.11578734535454875,0.11578734535454875,0.08
0.5166666666666667,0.8858223830891636,0.11417761691083644,0.11417761691083644,0.08
0.52,0.8874097323544383,0.11259026764556165,0.11259026764556165,0.08
0.5233333333333333,0.8889750135668133,0.11102498643318673,0.11102498643318673,0.08
0.5266666666666667,0.8905185335264171,0.10948146647358296,0.10948146647358296,0.08
0.53,0.892040594768103,0.10795940523189698,0.10795940523189698,0.08
0.5333333333333333,0.8935414956207473,0.1064585043792528,0.1064585043792528,0.08
0.5366666666666667,0.8950215302657217,0.1049784697342783,0.1049784697342783,0.08
0.54,0.896480988794555,0.10351901120544502,0.10351901120544502,0.08
0.5433333333333333,0.897920157265791,0.10207984273420903,0.10207984273420903,0.08
0.5466666666666667,0.8993393177610574,0.10066068223894266,0.10066068223894266,0.08
0.55,0.9007387484403544,0.0992612515596456,0.0992612515596456,0.08
0.5533333333333333,0.9021187235965753,0.09788127640342473,0.09788127640342473,0.08
0.5566666666666668,0.9034795137092685,0.09652048629073151,0.09652048629073151,0.08
0.56,0.9048213854976525,0.09517861450234759,0.09517861450234759,0.08
0.5633333333333334,0.9061446019728934,0.09385539802710659,0.09385539802710659,0.08
0.5666666666666667,0.9074494224896568,0.09255057751034329,0.09255057751034329,0.08
0.5700000000000001,0.908736102796941,0.09126389720305911,0.09126389720305911,0.08
0.5733333333333334,0.9100048950882051,0.08999510491179488,0.08999510491179488,0.08
0.5766666666666667,0.9112560480508004,0.08874395194919957,0.08874395194919957,0.08
0.5800000000000001,0.9124898069147129,0.08751019308528708,0.08751019308528708,0.08
0.5833333333333334,0.9137064135006295,0.0862935864993705,0.0862935864993705,0.08
0.5866666666666667,0.9149061062673359,0.08509389373266411,0.08509389373266411,0.08
0.5900000000000001,0.916089120358455,0.08391087964154496,0.08391087964154496,0.08
0.5933333333333334,0.9172556876485359,0.08274431235146408,0.08274431235146408,0.08
0.5966666666666667,0.9184060367885021,0.08159396321149794,0.08159396321149794,0.08
0.6000000000000001,0.9195403932504675,0.0804596067495324,0.0804596067495324,0.08
0.6033333333333334,0.9206589793719305,0.0793410206280695,0.0793410206280695,0.08
0.6066666666666667,0.9217620143993516,0.07823798560064842,0.07823798560064842,0.08
0.61,0.9228497145311274,0.07715028546887258,0.07715028546887258,0.08
0.6133333333333334,0.9239222929599661,0.07607770704003396,0.07607770704003396,0.08
0.6166666666666667,0.9249799599146731,0.07502004008532694,0.07502004008532694,0.08
0.62,0.9260229227013577,0.07397707729864236,0.07397707729864236,0.08
0.6233333333333334,0.9270513857440649,0.07294861425593513,0.07294861425593513,0.08
0.6266666666666667,0.9280655506248435,0.07193444937515645,0.07193444937515645,0.08
0.63,0.9290656161232571,0.07093438387674292,0.07093438387674292,0.08
0.6333333333333334,0.9300517782553447,0.06994822174465533,0.06994822174465533,0.08
0.6366666666666667,0.9310242303120413,0.06897576968795875,0.06897576968795875,0.08
0.64,0.9319831628970632,0.06801683710293688,0.06801683710293688,0.08
0.6433333333333334,0.9329287639642668,0.06707123603573316,0.06707123603573316,0.08
0.6466666666666667,0.9338612188544888,0.06613878114551125,0.06613878114551125,0.08
0.65,0.9347807103318725,0.0652192896681275,0.0652192896681275,0.08
0.6533333333333333,0.9356874186196912,0.06431258138030878,0.06431258138030878,0.08
0.6566666666666667,0.9365815214356721,0.06341847856432793,0.06341847856432793,0.08
0.66,0.9374631940268292,0.06253680597317074,0.06253680597317074,0.08
0.6633333333333333,0.9383326092038132,0.061667390796186744,0.061667390796186744,0.08
0.6666666666666667,0.9391899373747821,0.06081006262521795,0.06081006262521795,0.08
0.67,0.9400353465788017,0.05996465342119825,0.05996465342119825,0.08
0.6733333333333333,0.9408690025187828,0.05913099748121722,0.05913099748121722,0.08
0.6766666666666667,0.9416910685939582,0.058308931406041764,0.058308931406041764,0.08
0.68,0.9425017059319105,0.057498294068089456,0.057498294068089456,0.08
0.6833333333333333,0.9433010734201531,0.0566989265798469,0.0566989265798469,0.08
0.6866666666666668,0.9440893277372727,0.05591067226272733,0.05591067226272733,0.08
0.6900000000000001,0.9448666233836389,0.05513337661636111,0.05513337661636111,0.08
0.6933333333333334,0.9456331127116868,0.0543668872883132,0.0543668872883132,0.08
0.6966666666666667,0.9463889459557785,0.053611054044221465,0.053611054044221465,0.08
0.7000000000000001,0.9471342712616496,0.05286572873835034,0.05286572873835034,0.08
0.7033333333333334,0.9478692347154462,0.05213076528455389,0.05213076528455389,0.08
0.7066666666666667,0.9485939803723578,0.051406019627642255,0.051406019627642255,0.08
0.7100000000000001,0.9493086502848536,0.05069134971514647,0.05069134971514647,0.08
0.7133333333333334,0.9500133845305241,0.049986615469475866,0.049986615469475866,0.08
0.7166666666666667,0.9507083212395379,0.04929167876046215,0.04929167876046215,0.08
0.7200000000000001,0.9513935966217144,0.04860640337828558,0.04860640337828558,0.08
0.7233333333333334,0.9520693449932225,0.0479306550067775,0.0479306550067775,0.08
0.7266666666666667,0.9527356988029062,0.047264301197093746,0.047264301197093746,0.08
0.7300000000000001,0.9533927886582456,0.04660721134175436,0.04660721134175436,0.08
0.7333333333333334,0.9540407433509558,0.04595925664904418,0.04595925664904418,0.08
0.7366666666666667,0.954679689882231,0.04532031011776909,0.04532031011776909,0.08
0.7400000000000001,0.9553097534876366,0.04469024651236342,0.04469024651236342,0.08
0.7433333333333334,0.9559310576616565,0.044068942338343506,0.044068942338343506,0.08
0.7466666666666667,0.9565437241818978,0.04345627581810221,0.04345627581810221,0.08
0.75,0.9571478731329598,0.042852126867040166,0.042852126867040166,0.08
0.7533333333333334,0.9577436229299711,0.042256377070028904,0.042256377070028904,0.08
0.7566666666666667,0.958331090341799,0.04166890965820102,0.04166890965820102,0.08
0.76,0.9589103905139369,0.04108960948606308,0.04108960948606308,0.08
0.7633333333333334,0.9594816369910733,0.04051836300892679,0.04051836300892679,0.08
0.7666666666666667,0.9600449417393461,0.039955058260653896,0.039955058260653896,0.08
0.77,0.9606004151682896,0.039399584831710376,0.039399584831710376,0.08
0.7733333333333334,0.9611481661524741,0.03885183384752589,0.03885183384752589,0.08
0.7766666666666667,0.961688302052846,0.03831169794715403,0.03831169794715403,0.08
0.78,0.9622209287377709,0.037779071262229125,0.037779071262229125,0.08
0.7833333333333334,0.9627461506037842,0.03725384939621579,0.03725384939621579,0.08
0.7866666666666667,0.9632640705960531,0.0367359294039469,0.0367359294039469,0.08
0.79,0.9637747902285541,0.03622520977144589,0.03622520977144589,0.08
0.7933333333333333,0.9642784096039702,0.035721590396029824,0.035721590396029824,0.08
0.7966666666666667,0.9647750274333111,0.035224972566688835,0.035224972566688835,0.08
0.8,0.9652647410552615,0.03473525894473855,0.03473525894473855,0.08
0.8033333333333333,0.9657476464552587,0.0342523535447413,0.0342523535447413,0.08
0.8066666666666668,0.9662238382843072,0.03377616171569272,0.03377616171569272,0.08
0.81,0.9666934098775302,0.03330659012246988,0.03330659012246988,0.08
0.8133333333333334,0.9671564532724628,0.03284354672753725,0.03284354672753725,0.08
0.8166666666666668,0.967613059227093,0.032386940772907026,0.032386940772907026,0.08
0.8200000000000001,0.9680633172376496,0.03193668276235038,0.03193668276235038,0.08
0.8233333333333334,0.9685073155561442,0.031492684443855785,0.031492684443855785,0.08
0.8266666666666668,0.9689451412076686,0.031054858792331417,0.031054858792331417,0.08
0.8300000000000001,0.969376880007452,0.030623119992547947,0.030623119992547947,0.08
0.8333333333333334,0.9698026165776815,0.030197383422318487,0.030197383422318487,0.08
0.8366666666666667,0.9702224343640877,0.02977756563591232,0.02977756563591232,0.08
0.8400000000000001,0.9706364156523006,0.029363584347699322,0.029363584347699322,0.08
0.8433333333333334,0.9710446415839783,0.028955358416021718,0.028955358416021718,0.08
0.8466666666666667,0.97144719217271,0.02855280782729001,0.02855280782729001,0.08
0.8500000000000001,0.9718441463197,0.02815585368030008,0.02815585368030008,0.08
0.8533333333333334,0.9722355818292316,0.02776441817076838,0.02776441817076838,0.08
0.8566666666666667,0.9726215754239181,0.027378424576081885,0.027378424576081885,0.08
0.8600000000000001,0.9730022027597397,0.026997797240260326,0.026997797240260326,0.08
0.8633333333333334,0.9733775384408726,0.026622461559127383,0.026622461559127383,0.08
0.8666666666666667,0.973747656034312,0.02625234396568796,0.02625234396568796,0.08
0.8700000000000001,0.9741126280842911,0.02588737191570884,0.02588737191570884,0.08
0.8733333333333334,0.9744725261265001,0.02552747387349987,0.02552747387349987,0.08
0.8766666666666667,0.9748274207021074,0.025172579297892596,0.025172579297892596,0.08
0.88,0.9751773813715859,0.02482261862841405,0.02482261862841405,0.08
0.8833333333333334,0.9755224767283474,0.02447752327165266,0.02447752327165266,0.08
0.8866666666666667,0.9758627744121863,0.024137225587813747,0.024137225587813747,0.08
0.89,0.9761983411225381,0.023801658877461843,0.023801658877461843,0.08
0.8933333333333334,0.9765292426315525,0.023470757368447465,0.023470757368447465,0.08
0.8966666666666667,0.9768555437969845,0.023144456203015522,0.023144456203015522,0.08
0.9,0.977177308574907,0.02282269142509297,0.02282269142509297,0.08
0.9033333333333334,0.9774946000322468,0.022505399967753248,0.022505399967753248,0.08
0.9066666666666667,0.977807480359145,0.022192519640854974,0.022192519640854974,0.08
0.91,0.9781160108811476,0.021883989118852417,0.021883989118852417,0.08
0.9133333333333334,0.9784202520712244,0.021579747928775553,0.021579747928775553,0.08
0.9166666666666667,0.9787202635616229,0.021279736438377158,0.021279736438377158,0.08
0.92,0.9790161041555553,0.02098389584444466,0.02098389584444466,0.08
0.9233333333333333,0.9793078318387255,0.020692168161274557,0.020692168161274557,0.08
0.9266666666666667,0.9795955037906929,0.020404496209307014,0.020404496209307014,0.08
0.93,0.9798791763960815,0.020120823603918515,0.020120823603918515,0.08
0.9333333333333333,0.9801589052556298,0.01984109474437028,0.01984109474437028,0.08
0.9366666666666668,0.9804347451970897,0.019565254802910305,0.019565254802910305,0.08
0.9400000000000001,0.980706750285973,0.01929324971402702,0.01929324971402702,0.08
0.9433333333333334,0.9809749738361477,0.01902502616385221,0.01902502616385221,0.08
0.9466666666666668,0.9812394684202886,0.018760531579711356,0.018760531579711356,0.08
0.9500000000000001,0.9815002858801808,0.01849971411981923,0.01849971411981923,0.08
0.9533333333333334,0.9817574773368812,0.01824252266311874,0.01824252266311874,0.08
0.9566666666666668,0.982011093200739,0.01798890679926099,0.01798890679926099,0.08
0.9600000000000001,0.9822611831812752,0.017738816818724756,0.017738816818724756,0.08
0.9633333333333334,0.9825077962969267,0.017492203703073247,0.017492203703073247,0.08
0.9666666666666667,0.9827509808846537,0.017249019115346265,0.017249019115346265,0.08
0.9700000000000001,0.9829907846094139,0.01700921539058611,0.01700921539058611,0.08
0.9733333333333334,0.983227254473505,0.016772745526495048,0.016772745526495048,0.08
0.9766666666666667,0.9834604368257773,0.016539563174222668,0.016539563174222668,0.08
0.9800000000000001,0.9836903773707185,0.016309622629281432,0.016309622629281432,0.08
0.9833333333333334,0.9839171211774116,0.01608287882258842,0.01608287882258842,0.08
0.9866666666666667,0.9841407126883683,0.015859287311631637,0.015859287311631637,0.08
0.9900000000000001,0.9843611957282409,0.015638804271759118,0.015638804271759118,0.08
0.9933333333333334,0.9845786135124108,0.015421386487589218,0.015421386487589218,0.08
0.9966666666666667,0.9847930086554598,0.015206991344540219,0.015206991344540219,0.08
1.0,0.9850044231795223,0.014995576820477703,0.014995576820477703,0.08
