time,environmental_distinguishability,friend_record_stability,wigner_boundary_access,friend_record_condition,wigner_record_condition,threshold
0.0,0.0,0.0019460609850855582,7.989233733874994e-07,0.0,0.0,0.72
0.02506265664160401,0.03326859812998895,0.0022163512939744937,8.527171443445807e-07,0.0022163512939744937,8.527171443445807e-07,0.72
0.05012531328320802,0.06543039663844308,0.0025240875463321765,9.101329987910888e-07,0.0025240875463321765,9.101329987910888e-07,0.72
0.07518796992481203,0.09652221719718179,0.0028744293114324315,9.714148211747234e-07,0.0028744293114324315,9.714148211747234e-07,0.72
0.10025062656641603,0.12657965647262215,0.0032732387220860545,1.0368229172632934e-06,0.0032732387220860545,1.0368229172632934e-06,0.72
0.12531328320802004,0.15563712687999132,0.003727173660951743,1.106635119822392e-06,0.003727173660951743,1.106635119822392e-06,0.72
0.15037593984962405,0.1837278959817037,0.004243792568679879,1.1811479687391122e-06,0.004243792568679879,1.1811479687391122e-06,0.72
0.17543859649122806,0.21088412457500894,0.0048316721006874865,1.2606779706042e-06,0.0048316721006874865,1.2606779706042e-06,0.72
0.20050125313283207,0.23713690351251737,0.005500538918859142,1.3455629431023845e-06,0.005500538918859142,1.3455629431023845e-06,0.72
0.22556390977443608,0.2625162892977584,0.006261416941512243,1.4361634499208347e-06,0.006261416941512243,1.4361634499208347e-06,0.72
0.2506265664160401,0.2870513384965242,0.007126791378386346,1.5328643322701143e-06,0.007126791378386346,1.5328643322701143e-06,0.72
0.2756892230576441,0.31077014100339684,0.008110790832596993,1.63607634352229e-06,0.008110790832596993,1.63607634352229e-06,0.72
0.3007518796992481,0.33369985220154375,0.009229388639548681,1.7462378939086514e-06,0.009229388639548681,1.7462378939086514e-06,0.72
0.3258145363408521,0.3558667240526028,0.010500624409631967,1.8638169126870335e-06,0.010500624409631967,1.8638169126870335e-06,0.72
0.3508771929824561,0.37729613515225,0.011944846416783228,1.9893128356874386e-06,0.011944846416783228,1.9893128356874386e-06,0.72
0.37593984962406013,0.39801261978586067,0.013584974990954167,2.1232587266770627e-06,0.013584974990954167,2.1232587266770627e-06,0.72
0.40100250626566414,0.41803989601752967,0.015446786383085507,2.2662235415541846e-06,0.015446786383085507,2.2662235415541846e-06,0.72
0.42606516290726815,0.43740089284460903,0.017559215620851422,2.4188145449866315e-06,0.017559215620851422,2.4188145449866315e-06,0.72
0.45112781954887216,0.4561177764488523,0.019954675596983988,2.5816798897581224e-06,0.019954675596983988,2.5816798897581224e-06,0.72
0.47619047619047616,0.47421197557422023,0.02266938795463693,2.7555113697763508e-06,0.02266938795463693,2.7555113697763508e-06,0.72
0.5012531328320802,0.4917042060604022,0.02574371917329996,2.9410473584341687e-06,0.02574371917329996,2.9410473584341687e-06,0.72
0.5263157894736842,0.5086144945601424,0.02922251252714936,3.1390759448022462e-06,0.02922251252714936,3.1390759448022462e-06,0.72
0.5513784461152882,0.5249622014675225,0.033155403200466636,3.3504382809712458e-06,0.033155403200466636,3.3504382809712458e-06,0.72
0.5764411027568922,0.5407660430834542,0.03759709972971129,3.5760321547583373e-06,0.03759709972971129,3.5760321547583373e-06,0.72
0.6015037593984962,0.5560441130437552,0.042607610055850925,3.816815802949279e-06,0.042607610055850925,3.816815802949279e-06,0.72
0.6265664160401002,0.5708139030343453,0.04825238482285419,4.073811981268546e-06,0.04825238482285419,4.073811981268546e-06,0.72
0.6516290726817042,0.5850923228172742,0.05460234424235035,4.34811230835983e-06,0.05460234424235035,4.34811230835983e-06,0.72
0.6766917293233082,0.5988957195905135,0.061733748079449646,4.6408819022223585e-06,0.061733748079449646,4.6408819022223585e-06,0.72
0.7017543859649122,0.6122398967036751,0.0697278614955711,4.953364328789539e-06,0.0697278614955711,4.953364328789539e-06,0.72
0.7268170426065163,0.6251401317510834,0.07867036323805053,5.28688688366178e-06,0.07867036323805053,5.28688688366178e-06,0.72
0.7518796992481203,0.6376111940629173,0.08865043790862515,5.642866229418907e-06,0.08865043790862515,5.642866229418907e-06,0.72
0.7769423558897243,0.6496673616144446,0.09975949202017349,6.022814412446668e-06,0.09975949202017349,6.022814412446668e-06,0.72
0.8020050125313283,0.6613224373727123,0.11208943585243131,6.428345284822699e-06,0.11208943585243131,6.428345284822699e-06,0.72
0.8270676691729323,0.6725897650994037,0.12573048162690886,6.8611813585255e-06,0.12573048162690886,6.8611813585255e-06,0.72
0.8521303258145363,0.6834822446279569,0.14076842527852917,7.323161121065168e-06,0.14076842527852917,7.323161121065168e-06,0.72
0.8771929824561403,0.6940123466324355,0.1572814060356076,7.816246843591568e-06,0.1572814060356076,7.816246843591568e-06,0.72
0.9022556390977443,0.7041921269050595,0.1753361765308619,8.342532914625336e-06,0.1753361765308619,8.342532914625336e-06,0.72
0.9273182957393483,0.7140332401587417,0.1949839665549079,8.904254734786982e-06,0.1949839665549079,8.904254734786982e-06,0.72
0.9523809523809523,0.7235469533704357,0.2162560843556309,9.503798210278346e-06,0.2162560843556309,9.503798210278346e-06,0.72
0.9774436090225563,0.7327441586805656,0.23915946666637689,1.0143709885411023e-05,0.23915946666637689,1.0143709885411023e-05,0.72
1.0025062656641603,0.741635385863314,0.26367245559590496,1.0826707757185662e-05,0.26367245559590496,1.0826707757185662e-05,0.72
1.0275689223057642,0.7502308143820371,0.28974113741927454,1.1555692817818603e-05,0.28974113741927454,1.1555692817818603e-05,0.72
1.0526315789473684,0.7585402850436157,0.3172766133012767,1.2333761374198814e-05,0.3172766133012767,1.2333761374198814e-05,0.72
1.0776942355889725,0.7665733112650813,0.3461535726964207,1.3164218196551906e-05,0.3461535726964207,1.3164218196551906e-05,0.72
1.1027568922305764,0.7743390899654173,0.37621049628032305,1.4050590552102053e-05,0.37621049628032305,1.4050590552102053e-05,0.72
1.1278195488721803,0.7818465120950054,0.40725172155078976,1.499664318327479e-05,0.40725172155078976,1.499664318327479e-05,0.72
1.1528822055137844,0.7891041728147721,0.43905146339127393,1.600639429398522e-05,0.43905146339127393,1.600639429398522e-05,0.72
1.1779448621553885,0.796120381336689,0.4713597061738051,1.708413261182756e-05,0.4713597061738051,1.708413261182756e-05,0.72
1.2030075187969924,0.8029031704368941,0.5039096947498708,1.8234435598539927e-05,0.5039096947498708,1.8234435598539927e-05,0.72
1.2280701754385963,0.809460305652324,0.536426576379708,1.9462188885981882e-05,0.536426576379708,1.9462188885981882e-05,0.72
1.2531328320802004,0.8157992941713877,0.5686366125949346,2.0772607020050697e-05,0.5686366125949346,2.0772607020050697e-05,0.72
1.2781954887218046,0.8219273934288601,0.6002763121328273,2.2171255600500992e-05,0.6002763121328273,2.2171255600500992e-05,0.72
1.3032581453634084,0.827851619414835,0.6311008455528724,2.366407491054046e-05,0.6311008455528724,2.366407491054046e-05,0.72
1.3283208020050123,0.8335787547072513,0.6608911872381269,2.5257405136378637e-05,0.6608911872381269,2.5257405136378637e-05,0.72
1.3533834586466165,0.839115356237188,0.6894595760759403,2.6958013283631663e-05,0.6894595760759403,2.6958013283631663e-05,0.72
1.3784461152882206,0.8444677627958195,0.7166530674045279,2.8773121904664857e-05,0.7166530674045279,2.8773121904664857e-05,0.72
1.4035087719298245,0.8496421022916234,0.7423551371437851,3.071043975860972e-05,0.7423551371437851,3.071043975860972e-05,0.72
1.4285714285714284,0.8546442987661533,0.7664854680110667,3.2778194533962476e-05,0.7664854680110667,3.2778194533962476e-05,0.72
1.4536340852130325,0.8594800791764049,0.7889981780044373,3.498516777238771e-05,0.7889981780044373,3.498516777238771e-05,0.72
1.4786967418546366,0.864154979951543,0.8098788330017715,3.73407321416472e-05,0.8098788330017715,3.73407321416472e-05,0.72
1.5037593984962405,0.8686743533314955,0.8291406177885253,3.985489121549432e-05,0.8291406177885253,3.985489121549432e-05,0.72
1.5288220551378444,0.8730433734946708,0.8468200298202034,4.253832192895556e-05,0.8468200298202034,4.253832192895556e-05,0.72
1.5538847117794485,0.8772670424818156,0.8629724186284364,4.540241988870852e-05,0.8629724186284364,4.540241988870852e-05,0.72
1.5789473684210527,0.8813501959227932,0.877667633441186,4.845934773030416e-05,0.877667633441186,4.845934773030416e-05,0.72
1.6040100250626566,0.8852975085728396,0.8909859737758039,5.172208672682778e-05,0.8852975085728396,5.172208672682778e-05,0.72
1.6290726817042605,0.8891134996646384,0.9030145715331512,5.520449186728438e-05,0.8891134996646384,5.520449186728438e-05,0.72
1.6541353383458646,0.8928025380823363,0.9138442745707063,5.8921350637610446e-05,0.8928025380823363,5.8921350637610446e-05,0.72
1.6791979949874687,0.8963688473634299,0.9235670541385615,6.28884457527879e-05,0.8963688473634299,6.28884457527879e-05,0.72
1.7042606516290726,0.8998165105342435,0.932273922909194,6.712262210515683e-05,0.8998165105342435,6.712262210515683e-05,0.72
1.7293233082706765,0.9031494747845397,0.9400533259962512,7.164185821173802e-05,0.9031494747845397,7.164185821173802e-05,0.72
1.7543859649122806,0.9063715559866112,0.9469899527656187,7.646534246227079e-05,0.9063715559866112,7.646534246227079e-05,0.72
1.7794486215538847,0.9094864430640288,0.9531639104060023,8.161355448981557e-05,0.9094864430640288,8.161355448981557e-05,0.72
1.8045112781954886,0.9124977022150476,0.9586501991249107,8.710835200724714e-05,0.9124977022150476,8.710835200724714e-05,0.72
1.8295739348370925,0.9154087809955057,0.9635184316472881,9.297306347586126e-05,0.9154087809955057,9.297306347586126e-05,0.72
1.8546365914786966,0.9182230122658921,0.9678327449096364,9.923258699672135e-05,0.9182230122658921,9.923258699672135e-05,0.72
1.8796992481203008,0.9209436180070992,0.9716518582978302,0.000105913495841392,0.9209436180070992,0.000105913495841392,0.72
1.9047619047619047,0.923573713009232,0.9750292396304695,0.00011304415106642767,0.923573713009232,0.00011304415106642767,0.72
1.9298245614035086,0.926116308437695,0.9780133467753241,0.00012065482168553655,0.926116308437695,0.00012065482168553655,0.72
1.9548872180451127,0.9285743152806414,0.9806479189564288,0.0001287778129048261,0.9285743152806414,0.0001287778129048261,0.72
1.9799498746867168,0.930950547681729,0.9829722972790157,0.00013744760296007815,0.930950547681729,0.00013744760296007815,0.72
2.0050125313283207,0.9332477261620014,0.985021758698833,0.0001467009891307542,0.9332477261620014,0.0001467009891307542,0.72
2.0300751879699246,0.9354684807345807,0.9868278515974127,0.00015657724354348052,0.9354684807345807,0.00015657724354348052,0.72
2.0551378446115285,0.9376153539157396,0.9884187243474732,0.00016711827941832976,0.9376153539157396,0.00016711827941832976,0.72
2.080200501253133,0.9396908036357985,0.9898194408393323,0.0001783688284543725,0.9396908036357985,0.0001783688284543725,0.72
2.1052631578947367,0.9416972060531816,0.9910522789762328,0.00019037663009695887,0.9416972060531816,0.00019037663009695887,0.72
2.1303258145363406,0.9436368582748539,0.9921370097203366,0.0002031926334781162,0.9436368582748539,0.0002031926334781162,0.72
2.155388471177945,0.9455119809862514,0.9930911554628472,0.00021687121287354176,0.9455119809862514,0.00021687121287354176,0.72
2.180451127819549,0.947324720993719,0.9939302273738687,0.00023147039757509313,0.947324720993719,0.00023147039757509313,0.72
2.2055137844611528,0.949077153682364,0.9946679420230624,0.0002470521171366503,0.949077153682364,0.0002470521171366503,0.72
2.2305764411027567,0.9507712853921406,0.9953164180040878,0.0002636824630139471,0.9507712853921406,0.0002636824630139471,0.72
2.2556390977443606,0.9524090557148854,0.995886353588247,0.00028143196768566685,0.9524090557148854,0.00028143196768566685,0.72
2.280701754385965,0.9539923397149336,0.99638718661151,0.0003003759024140203,0.9539923397149336,0.0003003759024140203,0.72
2.305764411027569,0.9555229500758585,0.9968272378929458,0.0003205945948783828,0.9555229500758585,0.0003205945948783828,0.72
2.3308270676691727,0.9570026391757922,0.9972138395142849,0.0003421737679956537,0.9570026391757922,0.0003421737679956537,0.72
2.355889724310777,0.9584331010937029,0.9975534492776549,0.0003652049013260693,0.9584331010937029,0.0003652049013260693,0.72
2.380952380952381,0.9598159735489263,0.9978517526151913,0.00038978561655349795,0.9598159735489263,0.00038978561655349795,0.72
2.406015037593985,0.9611528397761719,0.9981137531606914,0.00041602008862515,0.9611528397761719,0.00041602008862515,0.72
2.4310776942355887,0.9624452303381498,0.9983438531175731,0.00044401948423730323,0.9624452303381498,0.00044401948423730323,0.72
2.4561403508771926,0.9636946248778941,0.9985459244749658,0.00047390242946155476,0.9636946248778941,0.00047390242946155476,0.72
2.481203007518797,0.96490245381279,0.9987233720389624,0.0005057955084204293,0.96490245381279,0.0005057955084204293,0.72
2.506265664160401,0.966070099972241,0.9988791891619336,0.0005398337950423323,0.966070099972241,0.0005398337950423323,0.72
2.5313283208020048,0.9671989001808553,0.9990160069713457,0.0005761614200541373,0.9671989001808553,0.0005761614200541373,0.72
2.556390977443609,0.9682901467889601,0.9991361378221214,0.0006149321755054317,0.9682901467889601,0.0006149321755054317,0.72
2.581453634085213,0.9693450891521991,0.9992416136240149,0.0006563101592620722,0.9693450891521991,0.0006563101592620722,0.72
2.606516290726817,0.9703649350619052,0.9993342196281992,0.0007004704620584383,0.9703649350619052,0.0007004704620584383,0.72
2.631578947368421,0.9713508521278867,0.9994155241954265,0.0007475998998580438,0.9713508521278867,0.0007475998998580438,0.72
2.6566416040100247,0.9723039691152108,0.9994869050116809,0.0007978977944413167,0.9723039691152108,0.0007978977944413167,0.72
2.681704260651629,0.9732253772365126,0.9995495721660219,0.00085157680531764,0.9732253772365126,0.00085157680531764,0.72
2.706766917293233,0.974116131401313,0.9996045884590679,0.0009088638162465715,0.974116131401313,0.0009088638162465715,0.72
2.731829573934837,0.9749772514237722,0.9996528872689553,0.0009700008798508008,0.9749772514237722,0.0009700008798508008,0.72
2.756892230576441,0.9758097231902625,0.9996952882643129,0.0010352462240110208,0.9758097231902625,0.0010352462240110208,0.72
2.781954887218045,0.9766144997880989,0.9997325112204446,0.0011048753239509678,0.9766144997880989,0.0011048753239509678,0.72
2.807017543859649,0.9773925025967174,0.9997651881651871,0.001179182044149323,0.9773925025967174,0.001179182044149323,0.72
2.832080200501253,0.978144622342552,0.9997938740544436,0.0012584798544543366,0.978144622342552,0.0012584798544543366,0.72
2.8571428571428568,0.9788717201188167,0.9998190561538975,0.0013431031250269187,0.9788717201188167,0.0013431031250269187,0.72
2.882205513784461,0.9795746283713618,0.9998411622825638,0.0014334085049984967,0.9795746283713618,0.0014334085049984967,0.72
2.907268170426065,0.9802541518517306,0.9998605680553735,0.001529776390001145,0.9802541518517306,0.001529776390001145,0.72
2.932330827067669,0.9809110685385112,0.9998776032456514,0.0016326124840091284,0.9809110685385112,0.0016326124840091284,0.72
2.9573934837092732,0.9815461305280343,0.9998925573739128,0.001742349461222544,0.9815461305280343,0.001742349461222544,0.72
2.982456140350877,0.9821600648954404,0.999905684616655,0.001859448734024996,0.9821600648954404,0.001859448734024996,0.72
3.007518796992481,0.9827535745270991,0.9999172081175706,0.0019844023333571562,0.9827535745270991,0.0019844023333571562,0.72
3.032581453634085,0.9833273389253359,0.9999273237736896,0.00211773490816589,0.9833273389253359,0.00211773490816589,0.72
3.057644110275689,0.9838820149863864,0.9999362035602147,0.002260005850913227,0.9838820149863864,0.002260005850913227,0.72
3.082706766917293,0.9844182377524694,0.9999439984501146,0.0024118115564590865,0.9844182377524694,0.0024118115564590865,0.72
3.107769423558897,0.9849366211388396,0.9999508409777565,0.0025737878219647863,0.9849366211388396,0.0025737878219647863,0.72
3.132832080200501,0.9854377586366513,0.9999568474898937,0.0027466123957985374,0.9854377586366513,0.0027466123957985374,0.72
3.1578947368421053,0.9859222239924404,0.9999621201220692,0.0029310076837565416,0.9859222239924404,0.0029310076837565416,0.72
3.182957393483709,0.9863905718649999,0.9999667485338845,0.003127743621241118,0.9863905718649999,0.003127743621241118,0.72
3.208020050125313,0.9868433384604022,0.9999708114325092,0.0033376407203561127,0.9868433384604022,0.0033376407203561127,0.72
3.233082706766917,0.9872810421458954,0.999974377910248,0.0035615733011854908,0.9872810421458954,0.0035615733011854908,0.72
3.258145363408521,0.9877041840433758,0.9999775086188323,0.0038004729168081485,0.9877041840433758,0.0038004729168081485,0.72
3.2832080200501252,0.9881132486031171,0.9999802568003545,0.0040553319818639934,0.9881132486031171,0.0040553319818639934,0.72
3.308270676691729,0.9885087041584111,0.9999826691923254,0.004327207614716474,0.9885087041584111,0.004327207614716474,0.72
3.333333333333333,0.9888910034617577,0.9999847868222221,0.004617225703446322,0.9888910034617577,0.004617225703446322,0.72
3.3583959899749374,0.9892605842032159,0.9999866457050033,0.004926585206050334,0.9892605842032159,0.004926585206050334,0.72
3.3834586466165413,0.98961786951151,0.9999882774554432,0.005256562695297231,0.98961786951151,0.005256562695297231,0.72
3.408521303258145,0.9899632684384646,0.9999897098256761,0.005608517158696211,0.9899632684384646,0.005608517158696211,0.72
3.433583959899749,0.990297176427324,0.999990967177086,0.0059838950639488474,0.990297176427324,0.0059838950639488474,0.72
3.458646616541353,0.9906199757654894,0.9999920708945553,0.006384235700064854,0.9906199757654894,0.006384235700064854,0.72
3.4837092731829573,0.9909320360221969,0.9999930397501122,0.006811176804007496,0.9909320360221969,0.006811176804007496,0.72
3.508771929824561,0.9912337144716318,0.9999938902221562,0.007266460482274512,0.9912337144716318,0.007266460482274512,0.72
3.533834586466165,0.9915253565019677,0.9999946367756873,0.007751939436190907,0.9915253565019677,0.007751939436190907,0.72
3.5588972431077694,0.9918072960107988,0.9999952921082992,0.008269583498863397,0.9918072960107988,0.008269583498863397,0.72
3.5839598997493733,0.9920798557874134,0.9999958673661218,0.008821486490693494,0.9920798557874134,0.008821486490693494,0.72
3.6090225563909772,0.9923433478823535,0.9999963723333806,0.009409873399031982,0.9923433478823535,0.009409873399031982,0.72
3.634085213032581,0.9925980739646766,0.9999968155987976,0.010037107885945282,0.9925980739646766,0.010037107885945282,0.72
3.659147869674185,0.9928443256673337,0.9999972047016632,0.010705700126111509,0.9928443256673337,0.010705700126111509,0.72
3.6842105263157894,0.9930823849210563,0.9999975462600584,0.011418314974525279,0.9930823849210563,0.011418314974525279,0.72
3.7092731829573933,0.9933125242771356,0.9999978460834145,0.01217778046091429,0.9933125242771356,0.01217778046091429,0.72
3.734335839598997,0.9935350072194636,0.9999981092713169,0.012987096604502944,0.9935350072194636,0.012987096604502944,0.72
3.7593984962406015,0.9937500884661925,0.9999983403002412,0.013849444538936646,0.9937500884661925,0.013849444538936646,0.72
3.7844611528822054,0.9939580142613588,0.999998543099686,0.014768195932742426,0.9939580142613588,0.014768195932742426,0.72
3.8095238095238093,0.9941590226568048,0.9999987211190093,0.015746922685573924,0.9941590226568048,0.015746922685573924,0.72
3.834586466165413,0.9943533437847218,0.9999988773860934,0.016789406874599466,0.9943533437847218,0.016789406874599466,0.72
3.859649122807017,0.9945412001211261,0.9999990145588461,0.01789965091865969,0.9945412001211261,0.01789965091865969,0.72
3.8847117794486214,0.9947228067405685,0.9999991349704063,0.01908188792016509,0.9947228067405685,0.01908188792016509,0.72
3.9097744360902253,0.9948983715623708,0.9999992406688273,0.020340592136036097,0.9948983715623708,0.020340592136036097,0.72
3.9348370927318292,0.9950680955886708,0.9999993334519113,0.02168048951922448,0.9950680955886708,0.02168048951922448,0.72
3.9598997493734336,0.9952321731345468,0.9999994148977871,0.023106568261403785,0.9952321731345468,0.023106568261403785,0.72
3.9849624060150375,0.995390792050487,0.9999994863917516,0.024624089255197254,0.995390792050487,0.024624089255197254,0.72
4.010025062656641,0.9955441339374569,0.9999995491498331,0.026238596380741046,0.9955441339374569,0.026238596380741046,0.72
4.035087719298246,0.9956923743548126,0.9999996042394722,0.0279559265063852,0.9956923743548126,0.0279559265063852,0.72
4.060150375939849,0.9958356830212968,0.999999652597679,0.02978221907685806,0.9958356830212968,0.02978221907685806,0.72
4.0852130325814535,0.9959742240093472,0.9999996950469707,0.031723925144214744,0.9959742240093472,0.031723925144214744,0.72
4.110275689223057,0.9961081559329416,0.99999973230936,0.03378781567733551,0.9961081559329416,0.03378781567733551,0.72
4.135338345864661,0.9962376321291931,0.9999997650186373,0.035980988964651156,0.9962376321291931,0.035980988964651156,0.72
4.160401002506266,0.9963628008339042,0.9999997937311494,0.03831087690218478,0.9963628008339042,0.03831087690218478,0.72
4.185463659147869,0.9964838053512798,0.9999998189352634,0.04078524993502096,0.9964838053512798,0.04078524993502096,0.72
4.2105263157894735,0.9966007842179948,0.999999841059672,0.043412220395082315,0.9966007842179948,0.043412220395082315,0.72
4.235588972431078,0.9967138713618034,0.9999998604806862,0.04620024395183762,0.9967138713618034,0.04620024395183762,0.72
4.260651629072681,0.9968231962548711,0.9999998775286355,0.04915811886558903,0.9968231962548711,0.04915811886558903,0.72
4.285714285714286,0.9969288840620056,0.9999998924934856,0.05229498270567906,0.9969288840620056,0.05229498270567906,0.72
4.31077694235589,0.9970310557839573,0.9999999056297719,0.05562030616883547,0.9970310557839573,0.05562030616883547,0.72
4.335839598997493,0.9971298283959512,0.9999999171609275,0.05914388360656975,0.9971298283959512,0.05914388360656975,0.72
4.360902255639098,0.9972253149816105,0.9999999272830844,0.06287581984582705,0.9972253149816105,0.06287581984582705,0.72
4.385964912280701,0.9973176248624246,0.9999999361684088,0.06682651286488522,0.9973176248624246,0.06682651286488522,0.72
4.4110275689223055,0.9974068637229104,0.9999999439680298,0.07100663186791495,0.9974068637229104,0.07100663186791495,0.72
4.43609022556391,0.9974931337316092,0.9999999508146107,0.07542709028788525,0.9974931337316092,0.07542709028788525,0.72
4.461152882205513,0.997576533658058,0.9999999568246035,0.08009901324010123,0.997576533658058,0.08009901324010123,0.72
4.486215538847118,0.9976571589858696,0.9999999621002317,0.08503369894917866,0.9976571589858696,0.08503369894917866,0.72
4.511278195488721,0.9977351020220511,0.9999999667312278,0.090242573682488,0.9977351020220511,0.090242573682488,0.72
4.5363408521303255,0.9978104520026849,0.9999999707963596,0.09573713974496195,0.9978104520026849,0.09573713974496195,0.72
4.56140350877193,0.9978832951950939,0.9999999743647703,0.1015289161256557,0.9978832951950939,0.1015289161256557,0.72
4.586466165413533,0.9979537149966081,0.9999999774971547,0.10762937143769638,0.9979537149966081,0.10762937143769638,0.72
4.611528822055138,0.9980217920300454,0.9999999802467914,0.1140498488622915,0.9980217920300454,0.1140498488622915,0.72
4.636591478696742,0.9980876042360154,0.9999999826604481,0.12080148289627682,0.9980876042360154,0.12080148289627682,0.72
4.661654135338345,0.9981512269621529,0.9999999847791785,0.12789510781304075,0.9981512269621529,0.12789510781304075,0.72
4.68671679197995,0.9982127330493826,0.9999999866390201,0.1353411578799719,0.9982127330493826,0.1353411578799719,0.72
4.711779448621554,0.9982721929153137,0.9999999882716065,0.14314955953280456,0.9982721929153137,0.14314955953280456,0.72
4.7368421052631575,0.9983296746348602,0.9999999897047062,0.15132961588867908,0.9983296746348602,0.15132961588867908,0.72
4.761904761904762,0.9983852440181794,0.9999999909626945,0.15988988418483652,0.9983852440181794,0.15988988418483652,0.72
4.786967418546365,0.9984389646860166,0.9999999920669685,0.16883804695710616,0.9984389646860166,0.16883804695710616,0.72
4.81203007518797,0.9984908981425442,0.9999999930363104,0.17818077801899007,0.9984908981425442,0.17818077801899007,0.72
4.837092731829574,0.9985411038457771,0.999999993887208,0.18792360456408358,0.9985411038457771,0.18792360456408358,0.72
4.8621553884711775,0.9985896392756454,0.9999999946341338,0.1980707669862949,0.9985896392756454,0.1980707669862949,0.72
4.887218045112782,0.9986365599998023,0.9999999952897922,0.20862507828667867,0.9986365599998023,0.20862507828667867,0.72
4.912280701754385,0.9986819197372432,0.9999999958653356,0.21958778520405645,0.9986819197372432,0.21958778520405645,0.72
4.93734335839599,0.9987257704198079,0.9999999963705528,0.23095843345884545,0.9987257704198079,0.23095843345884545,0.72
4.962406015037594,0.9987681622516367,0.9999999968140372,0.2427347397242194,0.9987681622516367,0.2427347397242194,0.72
4.987468671679197,0.9988091437666483,0.999999997203332,0.2549124731236118,0.9988091437666483,0.2549124731236118,0.72
5.012531328320802,0.9988487618841063,0.9999999975450584,0.26748534918570943,0.9988487618841063,0.26748534918570943,0.72
5.037593984962406,0.9988870619623359,0.9999999978450294,0.2804449392547335,0.9988870619623359,0.2804449392547335,0.72
5.0626566416040095,0.9989240878506545,0.9999999981083465,0.2937805983429068,0.9989240878506545,0.2937805983429068,0.72
5.087719298245614,0.9989598819395743,0.9999999983394889,0.30747941431300657,0.9989598819395743,0.30747941431300657,0.72
5.112781954887218,0.9989944852093343,0.9999999985423877,0.32152618108364983,0.9989944852093343,0.32152618108364983,0.72
5.137844611528822,0.9990279372768187,0.9999999987204942,0.3359033982534452,0.9990279372768187,0.3359033982534452,0.72
5.162907268170426,0.9990602764409133,0.9999999988768378,0.35059129914125525,0.9990602764409133,0.35059129914125525,0.72
5.1879699248120295,0.9990915397263539,0.9999999990140778,0.36556790874206296,0.9990915397263539,0.36556790874206296,0.72
5.213032581453634,0.9991217629261149,0.9999999991345483,0.3808091325098068,0.9991217629261149,0.3808091325098068,0.72
5.238095238095238,0.9991509806423888,0.9999999992402984,0.39628887621357994,0.9991509806423888,0.39628887621357994,0.72
5.263157894736842,0.9991792263262018,0.9999999993331268,0.4119791963904942,0.9991792263262018,0.4119791963904942,0.72
5.288220551378446,0.9992065323157111,0.9999999994146123,0.4278504801602293,0.9992065323157111,0.4278504801602293,0.72
5.313283208020049,0.9992329298732288,0.9999999994861413,0.44387165239957777,0.9992329298732288,0.44387165239957777,0.72
5.338345864661654,0.9992584492210139,0.9999999995489299,0.4600104075291975,0.9992584492210139,0.4600104075291975,0.72
5.363408521303258,0.9992831195758729,0.9999999996040465,0.4762334624692631,0.9992831195758729,0.4762334624692631,0.72
5.3884711779448615,0.9993069691826105,0.9999999996524283,0.4925068267051534,0.9993069691826105,0.4925068267051534,0.72
5.413533834586466,0.999330025346366,0.9999999996948983,0.5087960848955364,0.999330025346366,0.5087960848955364,0.72
5.43859649122807,0.999352314463875,0.9999999997321789,0.5250666870761207,0.999352314463875,0.5250666870761207,0.72
5.463659147869674,0.9993738620536909,0.9999999997649041,0.5412842412803216,0.9993738620536909,0.5412842412803216,0.72
5.488721804511278,0.9993946927854006,0.9999999997936306,0.5574148033238528,0.9993946927854006,0.5574148033238528,0.72
5.513784461152882,0.9994148305078683,0.9999999998188469,0.5734251585873287,0.9994148305078683,0.5734251585873287,0.72
5.538847117794486,0.99943429827654,0.9999999998409823,0.5892830908752684,0.99943429827654,0.5892830908752684,0.72
5.56390977443609,0.9994531183798392,0.9999999998604128,0.6049576338200648,0.9994531183798392,0.6049576338200648,0.72
5.588972431077694,0.999471312364685,0.9999999998774689,0.6204193008176844,0.999471312364685,0.6204193008176844,0.72
5.614035087719298,0.9994889010611606,0.9999999998924411,0.635640290104897,0.9994889010611606,0.635640290104897,0.72
5.639097744360902,0.9995059046063615,0.9999999999055837,0.6505946622884421,0.9995059046063615,0.6505946622884421,0.72
5.664160401002506,0.9995223424674503,0.9999999999171205,0.6652584883854328,0.9995223424674503,0.6652584883854328,0.72
5.68922305764411,0.9995382334639444,0.9999999999272478,0.6796099672013646,0.9995382334639444,0.6796099672013646,0.72
5.7142857142857135,0.9995535957892624,0.9999999999361373,0.693629511628483,0.9995535957892624,0.693629511628483,0.72
5.739348370927318,0.9995684470315529,0.9999999999439406,0.7072998041665484,0.9995684470315529,0.7072998041665484,0.72
5.764411027568922,0.999582804193832,0.9999999999507907,0.7206058226274255,0.999582804193832,0.7206058226274255,0.72
5.789473684210526,0.9995966837134489,0.9999999999568037,0.7335348375662981,0.9995966837134489,0.7335348375662981,0.72
5.81453634085213,0.9996101014809055,0.9999999999620817,0.746076383472381,0.9996101014809055,0.746076383472381,0.72
5.839598997493734,0.9996230728580487,0.9999999999667151,0.7582222061427503,0.9996230728580487,0.7582222061427503,0.72
5.864661654135338,0.9996356126956586,0.999999999970782,0.7699661889512551,0.9996356126956586,0.7699661889512551,0.72
5.889724310776942,0.9996477353504504,0.9999999999743523,0.7813042609117825,0.9996477353504504,0.7813042609117825,0.72
5.9147869674185465,0.9996594547015116,0.9999999999774862,0.7922342895267495,0.9996594547015116,0.7922342895267495,0.72
5.93984962406015,0.9996707841661922,0.9999999999802371,0.802755961416,0.9996707841661922,0.802755961416,0.72
5.964912280701754,0.9996817367154651,0.9999999999826521,0.8128706536489275,0.9996817367154651,0.8128706536489275,0.72
5.989974937343358,0.9996923248887778,0.9999999999847717,0.8225812985657994,0.9996923248887778,0.8225812985657994,0.72
6.015037593984962,0.9997025608084077,0.9999999999866325,0.8318922446857467,0.9997025608084077,0.8318922446857467,0.72
6.040100250626566,0.9997124561933408,0.9999999999882658,0.8408091160714993,0.9997124561933408,0.8408091160714993,0.72
6.06516290726817,0.9997220223726894,0.9999999999896998,0.8493386722670299,0.9997220223726894,0.8493386722670299,0.72
6.090225563909774,0.9997312702986615,0.9999999999909583,0.8574886706550723,0.9997312702986615,0.8574886706550723,0.72
6.115288220551378,0.9997402105591009,0.999999999992063,0.8652677328070254,0.9997402105591009,0.8652677328070254,0.72
6.140350877192982,0.9997488533896086,0.9999999999930329,0.8726852161266021,0.9997488533896086,0.8726852161266021,0.72
6.165413533834586,0.9997572086852614,0.9999999999938842,0.8797510918276519,0.9997572086852614,0.8797510918276519,0.72
6.19047619047619,0.9997652860119409,0.9999999999946316,0.8864758300413884,0.9997652860119409,0.8864758300413884,0.72
6.215538847117794,0.9997730946172851,0.9999999999952875,0.8928702926226921,0.9997730946172851,0.8928702926226921,0.72
6.2406015037593985,0.9997806434412763,0.9999999999958633,0.8989456340218964,0.9997806434412763,0.8989456340218964,0.72
6.265664160401002,0.9997879411264756,0.9999999999963687,0.9047132104089713,0.9997879411264756,0.9047132104089713,0.72
6.290726817042606,0.9997949960279188,0.9999999999968125,0.9101844970817122,0.9997949960279188,0.9101844970817122,0.72
6.315789473684211,0.9998018162226809,0.999999999997202,0.9153710140581103,0.9998018162226809,0.9153710140581103,0.72
6.340852130325814,0.9998084095191245,0.999999999997544,0.9202842596445134,0.9998084095191245,0.9202842596445134,0.72
6.365914786967418,0.9998147834658383,0.999999999997844,0.9249356516840229,0.9998147834658383,0.9249356516840229,0.72
6.390977443609022,0.9998209453602803,0.9999999999981075,0.9293364761220272,0.9998209453602803,0.9293364761220272,0.72
6.416040100250626,0.9998269022571324,0.9999999999983387,0.9334978424758821,0.9998269022571324,0.9334978424758821,0.72
6.4411027568922306,0.9998326609763771,0.9999999999985416,0.937430645761397,0.9998326609763771,0.937430645761397,0.72
6.466165413533834,0.9998382281111056,0.9999999999987199,0.9411455344079472,0.9998382281111056,0.9411455344079472,0.72
6.491228070175438,0.9998436100350658,0.9999999999988762,0.9446528836846405,0.9998436100350658,0.9446528836846405,0.72
6.516290726817042,0.9998488129099609,0.9999999999990137,0.9479627741601443,0.9998488129099609,0.9479627741601443,0.72
6.541353383458646,0.9998538426925018,0.999999999999134,0.9510849747267502,0.9998538426925018,0.9510849747267502,0.72
6.5664160401002505,0.9998587051412287,0.9999999999992399,0.9540289297334072,0.9998587051412287,0.9540289297334072,0.72
6.591478696741854,0.999863405823103,0.9999999999993328,0.9568037497913827,0.999863405823103,0.9568037497913827,0.72
6.616541353383458,0.999867950119881,0.9999999999994142,0.9594182058386492,0.999867950119881,0.9594182058386492,0.72
6.641604010025063,0.9998723432342759,0.999999999999486,0.9618807260739646,0.9998723432342759,0.9618807260739646,0.72
6.666666666666666,0.9998765901959134,0.9999999999995488,0.9641993953980166,0.9998765901959134,0.9641993953980166,0.72
6.69172932330827,0.9998806958670908,0.9999999999996039,0.966381957026158,0.9998806958670908,0.966381957026158,0.72
6.716791979949875,0.9998846649483438,0.9999999999996523,0.9684358159645521,0.9998846649483438,0.9684358159645521,0.72
6.741854636591478,0.9998885019838276,0.9999999999996947,0.9703680440684888,0.9998885019838276,0.9703680440684888,0.72
6.7669172932330826,0.99989221136652,0.999999999999732,0.9721853864278088,0.99989221136652,0.9721853864278088,0.72
6.791979949874686,0.9998957973432502,0.9999999999997649,0.9738942688495129,0.9998957973432502,0.9738942688495129,0.72
6.81704260651629,0.9998992640195616,0.9999999999997935,0.9755008062315077,0.9998992640195616,0.9755008062315077,0.72
6.842105263157895,0.9999026153644122,0.9999999999998188,0.9770108116439059,0.9999026153644122,0.9770108116439059,0.72
6.867167919799498,0.9999058552147175,0.9999999999998408,0.97842980595527,0.9999058552147175,0.97842980595527,0.72
6.8922305764411025,0.9999089872797451,0.9999999999998603,0.9797630278606151,0.9999089872797451,0.9797630278606151,0.72
6.917293233082706,0.99991201514536,0.9999999999998774,0.9810154441858733,0.99991201514536,0.9810154441858733,0.72
6.94235588972431,0.9999149422781305,0.9999999999998923,0.9821917603598733,0.9999149422781305,0.9821917603598733,0.72
6.967418546365915,0.9999177720292972,0.9999999999999056,0.9832964309597713,0.9999177720292972,0.9832964309597713,0.72
6.992481203007518,0.9999205076386096,0.9999999999999172,0.9843336702493263,0.9999205076386096,0.9843336702493263,0.72
7.017543859649122,0.9999231522380351,0.9999999999999272,0.9853074626415328,0.9999231522380351,0.9853074626415328,0.72
7.042606516290727,0.9999257088553452,0.999999999999936,0.986221573027969,0.9999257088553452,0.986221573027969,0.72
7.06766917293233,0.9999281804175812,0.9999999999999438,0.9870795569268981,0.9999281804175812,0.9870795569268981,0.72
7.0927318295739346,0.9999305697544066,0.9999999999999507,0.987884770410742,0.9999305697544066,0.987884770410742,0.72
7.117794486215539,0.9999328796013454,0.9999999999999567,0.9886403797811238,0.9999328796013454,0.9886403797811238,0.72
7.142857142857142,0.9999351126029145,0.999999999999962,0.9893493709663395,0.9999351126029145,0.9893493709663395,0.72
7.167919799498747,0.9999372713156518,0.9999999999999667,0.9900145586219448,0.9999372713156518,0.9900145586219448,0.72
7.19298245614035,0.9999393582110426,0.9999999999999707,0.9906385949202116,0.9999393582110426,0.9906385949202116,0.72
7.2180451127819545,0.9999413756783493,0.9999999999999742,0.9912239780185951,0.9999413756783493,0.9912239780185951,0.72
7.243107769423559,0.9999433260273469,0.9999999999999776,0.9917730602011283,0.9999433260273469,0.9917730602011283,0.72
7.268170426065162,0.9999452114909676,0.9999999999999802,0.9922880556898853,0.9999452114909676,0.9922880556898853,0.72
7.293233082706767,0.9999470342278567,0.9999999999999827,0.992771048126397,0.9999470342278567,0.992771048126397,0.72
7.31829573934837,0.9999487963248448,0.9999999999999847,0.9932239977252043,0.9999487963248448,0.9932239977252043,0.72
7.343358395989974,0.9999504997993364,0.9999999999999867,0.9936487481036621,0.9999504997993364,0.9936487481036621,0.72
7.368421052631579,0.9999521466016196,0.9999999999999882,0.9940470327936908,0.9999521466016196,0.9940470327936908,0.72
7.393483709273182,0.9999537386170995,0.9999999999999898,0.9944204814424688,0.9999537386170995,0.9944204814424688,0.72
7.4185463659147866,0.999955277668456,0.9999999999999909,0.9947706257100838,0.999955277668456,0.9947706257100838,0.72
7.443609022556391,0.9999567655177317,0.999999999999992,0.9950989048729854,0.9999567655177317,0.9950989048729854,0.72
7.468671679197994,0.9999582038683477,0.9999999999999931,0.9954066711426769,0.9999582038683477,0.9954066711426769,0.72
7.493734335839599,0.999959594367055,0.9999999999999938,0.9956951947095529,0.999959594367055,0.9956951947095529,0.72
7.518796992481203,0.9999609386058196,0.9999999999999947,0.9959656685220736,0.9999609386058196,0.9959656685220736,0.72
7.5438596491228065,0.9999622381236449,0.9999999999999953,0.9962192128116644,0.9999622381236449,0.9962192128116644,0.72
7.568922305764411,0.9999634944083341,0.9999999999999958,0.9964568793737931,0.9999634944083341,0.9964568793737931,0.72
7.593984962406014,0.9999647088981927,0.9999999999999964,0.9966796556156776,0.9999647088981927,0.9966796556156776,0.72
7.619047619047619,0.9999658829836763,0.9999999999999969,0.9968884683809861,0.9999658829836763,0.9968884683809861,0.72
7.644110275689223,0.9999670180089818,0.9999999999999971,0.9970841875617517,0.9999670180089818,0.9970841875617517,0.72
7.669172932330826,0.9999681152735864,0.9999999999999976,0.9972676295075313,0.9999681152735864,0.9972676295075313,0.72
7.694235588972431,0.999969176033736,0.9999999999999978,0.997439560241601,0.999969176033736,0.997439560241601,0.72
7.719298245614034,0.9999702015038824,0.999999999999998,0.9976006984937215,0.9999702015038824,0.9976006984937215,0.72
7.744360902255639,0.9999711928580747,0.9999999999999984,0.9977517185587135,0.9999711928580747,0.9977517185587135,0.72
7.769423558897243,0.9999721512313026,0.9999999999999984,0.9978932529897806,0.9999721512313026,0.9978932529897806,0.72
7.794486215538846,0.9999730777207968,0.9999999999999987,0.9980258951351926,0.9999730777207968,0.9980258951351926,0.72
7.819548872180451,0.9999739733872843,0.9999999999999989,0.998150201526618,0.9999739733872843,0.998150201526618,0.72
7.844611528822055,0.9999748392562035,0.9999999999999991,0.99826669412706,0.9999748392562035,0.99826669412706,0.72
7.8696741854636585,0.9999756763188775,0.9999999999999991,0.9983758624460164,0.9999756763188775,0.9983758624460164,0.72
7.894736842105263,0.9999764855336498,0.9999999999999993,0.9984781655291487,0.9999764855336498,0.9984781655291487,0.72
7.919799498746867,0.999977267826981,0.9999999999999993,0.9985740338294234,0.999977267826981,0.9985740338294234,0.72
7.944862155388471,0.9999780240945099,0.9999999999999993,0.9986638709663525,0.9999780240945099,0.9986638709663525,0.72
7.969924812030075,0.9999787552020781,0.9999999999999996,0.9987480553796576,0.9999787552020781,0.9987480553796576,0.72
7.994987468671678,0.9999794619867226,0.9999999999999996,0.9988269418833584,0.9999794619867226,0.9988269418833584,0.72
8.020050125313283,0.9999801452576327,0.9999999999999996,0.9989008631259976,0.9999801452576327,0.9989008631259976,0.72
8.045112781954886,0.9999808057970775,0.9999999999999996,0.9989701309624145,0.9999808057970775,0.9989701309624145,0.72
8.070175438596491,0.9999814443613009,0.9999999999999998,0.9990350377422059,0.9999814443613009,0.9990350377422059,0.72
8.095238095238095,0.9999820616813878,0.9999999999999998,0.9990958575197386,0.9999820616813878,0.9990958575197386,0.72
8.120300751879698,0.9999826584641008,0.9999999999999998,0.9991528471903153,0.9999826584641008,0.9991528471903153,0.72
8.145363408521304,0.9999832353926896,0.9999999999999998,0.999206247556857,0.9999832353926896,0.999206247556857,0.72
8.170426065162907,0.999983793127673,0.9999999999999998,0.9992562843312145,0.999983793127673,0.9992562843312145,0.72
8.19548872180451,0.9999843323075954,0.9999999999999998,0.9993031690739996,0.9999843323075954,0.9993031690739996,0.72
8.220551378446114,0.9999848535497577,0.9999999999999998,0.9993471000766135,0.9999848535497577,0.9993471000766135,0.72
8.24561403508772,0.9999853574509239,0.9999999999999998,0.9993882631889338,0.9999853574509239,0.9993882631889338,0.72
8.270676691729323,0.9999858445880048,1.0,0.9994268325959331,0.9999858445880048,0.9994268325959331,0.72
8.295739348370926,0.9999863155187177,1.0,0.9994629715463088,0.9999863155187177,0.9994629715463088,0.72
8.320802005012531,0.9999867707822262,1.0,0.9994968330360332,0.9999867707822262,0.9994968330360332,0.72
8.345864661654135,0.9999872108997558,1.0,0.9995285604495552,0.9999872108997558,0.9995285604495552,0.72
8.370927318295738,0.9999876363751923,1.0,0.9995582881612343,0.9999876363751923,0.9995582881612343,0.72
8.395989974937343,0.9999880476956575,1.0,0.9995861420994319,0.9999880476956575,0.9995861420994319,0.72
8.421052631578947,0.9999884453320673,1.0,0.9996122402755424,0.9999884453320673,0.9996122402755424,0.72
8.44611528822055,0.9999888297396713,1.0,0.9996366932801116,0.9999888297396713,0.9996366932801116,0.72
8.471177944862156,0.9999892013585733,1.0,0.9996596047480621,0.9999892013585733,0.9996596047480621,0.72
8.496240601503759,0.9999895606142352,1.0,0.999681071794929,0.9999895606142352,0.999681071794929,0.72
8.521303258145362,0.9999899079179649,1.0,0.9997011854258838,0.9999899079179649,0.9997011854258838,0.72
8.546365914786968,0.9999902436673864,1.0,0.9997200309192331,0.9999902436673864,0.9997200309192331,0.72
8.571428571428571,0.9999905682468954,1.0,0.9997376881859641,0.9999905682468954,0.9997376881859641,0.72
8.596491228070175,0.999990882028099,1.0,0.9997542321068182,0.999990882028099,0.9997542321068182,0.72
8.62155388471178,0.999991185370242,1.0,0.9997697328482893,0.999991185370242,0.9997697328482893,0.72
8.646616541353383,0.9999914786206171,1.0,0.9997842561588486,0.9999914786206171,0.9997842561588486,0.72
8.671679197994987,0.9999917621149633,1.0,0.9997978636466243,0.9999917621149633,0.9997978636466243,0.72
8.69674185463659,0.99999203617785,1.0,0.9998106130396917,0.99999203617785,0.9998106130396917,0.72
8.721804511278195,0.9999923011230487,1.0,0.9998225584300529,0.9999923011230487,0.9998225584300529,0.72
8.746867167919799,0.999992557253892,1.0,0.9998337505023206,0.999992557253892,0.9998337505023206,0.72
8.771929824561402,0.9999928048636213,1.0,0.9998442367480623,0.9999928048636213,0.9998442367480623,0.72
8.796992481203008,0.999993044235722,1.0,0.999854061666696,0.999993044235722,0.999854061666696,0.72
8.822055137844611,0.9999932756442484,1.0,0.9998632669537787,0.9999932756442484,0.9998632669537787,0.72
8.847117794486214,0.9999934993541376,1.0,0.9998718916774739,0.9999934993541376,0.9998718916774739,0.72
8.87218045112782,0.9999937156215124,1.0,0.9998799724439378,0.9999937156215124,0.9998799724439378,0.72
8.897243107769423,0.9999939246939749,1.0,0.999887543552316,0.9999939246939749,0.999887543552316,0.72
8.922305764411027,0.9999941268108895,1.0,0.9998946371400008,0.9999941268108895,0.9998946371400008,0.72
8.947368421052632,0.9999943222036577,1.0,0.9999012833187609,0.9999943222036577,0.9999012833187609,0.72
8.972431077694235,0.9999945110959825,1.0,0.9999075103023107,0.9999945110959825,0.9999075103023107,0.72
8.997493734335839,0.9999946937041244,1.0,0.9999133445258607,0.9999946937041244,0.9999133445258607,0.72
9.022556390977442,0.9999948702371495,1.0,0.9999188107581477,0.9999948702371495,0.9999188107581477,0.72
9.047619047619047,0.9999950408971683,1.0,0.9999239322064196,0.9999950408971683,0.9999239322064196,0.72
9.072681704260651,0.9999952058795675,1.0,0.9999287306148117,0.9999952058795675,0.9999287306148117,0.72
9.097744360902254,0.9999953653732335,1.0,0.999933226356537,0.9999953653732335,0.999933226356537,0.72
9.12280701754386,0.9999955195607689,1.0,0.9999374385202711,0.9999955195607689,0.9999374385202711,0.72
9.147869674185463,0.9999956686187012,1.0,0.9999413849911003,0.9999956686187012,0.9999413849911003,0.72
9.172932330827066,0.9999958127176849,1.0,0.9999450825263755,0.9999958127176849,0.9999450825263755,0.72
9.197994987468672,0.9999959520226975,1.0,0.9999485468267868,0.9999959520226975,0.9999485468267868,0.72
9.223057644110275,0.9999960866932276,1.0,0.999951792602966,0.9999960866932276,0.999951792602966,0.72
9.248120300751879,0.999996216883458,1.0,0.9999548336378922,0.999996216883458,0.9999548336378922,0.72
9.273182957393484,0.9999963427424419,1.0,0.9999576828453681,0.9999963427424419,0.9999576828453681,0.72
9.298245614035087,0.9999964644142738,1.0,0.9999603523248123,0.9999964644142738,0.9999603523248123,0.72
9.32330827067669,0.9999965820382545,1.0,0.9999628534125995,0.9999965820382545,0.9999628534125995,0.72
9.348370927318296,0.9999966957490503,1.0,0.9999651967301677,0.9999966957490503,0.9999651967301677,0.72
9.3734335839599,0.9999968056768472,1.0,0.9999673922290924,0.9999968056768472,0.9999673922290924,0.72
9.398496240601503,0.9999969119475005,1.0,0.9999694492333213,0.9999969119475005,0.9999694492333213,0.72
9.423558897243108,0.9999970146826781,1.0,0.9999713764787485,0.9999970146826781,0.9999713764787485,0.72
9.448621553884712,0.9999971140000004,1.0,0.9999731821502932,0.9999971140000004,0.9999731821502932,0.72
9.473684210526315,0.9999972100131745,1.0,0.9999748739166414,0.9999972100131745,0.9999748739166414,0.72
9.498746867167918,0.9999973028321251,1.0,0.9999764589628005,0.9999973028321251,0.9999764589628005,0.72
9.523809523809524,0.9999973925631191,1.0,0.9999779440205977,0.9999973925631191,0.9999779440205977,0.72
9.548872180451127,0.9999974793088889,1.0,0.9999793353972599,0.9999974793088889,0.9999793353972599,0.72
9.57393483709273,0.9999975631687485,1.0,0.999980639002189,0.9999975631687485,0.999980639002189,0.72
9.598997493734336,0.9999976442387081,1.0,0.9999818603720516,0.9999976442387081,0.9999818603720516,0.72
9.62406015037594,0.9999977226115838,1.0,0.9999830046942845,0.9999977226115838,0.9999830046942845,0.72
9.649122807017543,0.9999977983771038,1.0,0.9999840768291206,0.9999977983771038,0.9999840768291206,0.72
9.674185463659148,0.9999978716220111,1.0,0.9999850813302243,0.9999978716220111,0.9999850813302243,0.72
9.699248120300751,0.9999979424301632,1.0,0.999986022464027,0.9999979424301632,0.999986022464027,0.72
9.724310776942355,0.9999980108826272,1.0,0.9999869042278424,0.9999980108826272,0.9999869042278424,0.72
9.74937343358396,0.9999980770577737,1.0,0.9999877303668403,0.9999980770577737,0.9999877303668403,0.72
9.774436090225564,0.9999981410313659,1.0,0.99998850438995,0.9999981410313659,0.99998850438995,0.72
9.799498746867167,0.9999982028766463,1.0,0.9999892295847604,0.9999982028766463,0.9999892295847604,0.72
9.82456140350877,0.9999982626644209,1.0,0.9999899090314804,0.9999982626644209,0.9999899090314804,0.72
9.849624060150376,0.9999983204631401,1.0,0.9999905456160201,0.9999983204631401,0.9999905456160201,0.72
9.87468671679198,0.9999983763389769,1.0,0.9999911420422454,0.9999983763389769,0.9999911420422454,0.72
9.899749373433583,0.9999984303559031,1.0,0.9999917008434608,0.9999984303559031,0.9999917008434608,0.72
9.924812030075188,0.9999984825757617,1.0,0.999992224393168,0.9999984825757617,0.999992224393168,0.72
9.949874686716791,0.9999985330583389,1.0,0.9999927149151457,0.9999985330583389,0.9999927149151457,0.72
9.974937343358395,0.9999985818614315,1.0,0.9999931744928929,0.9999985818614315,0.9999931744928929,0.72
10.0,0.9999986290409136,1.0,0.999993605078479,0.9999986290409136,0.999993605078479,0.72
