availability_coordinate,promotion_strength_eta,mismatch_over_H,epsilon_over_H
0.0,0.0,1.0,0.1
0.002004008016032064,0.008381511293162891,0.9916184887068371,0.1
0.004008016032064128,0.016692772854768223,0.9833072271452318,0.1
0.0060120240480961915,0.024934373483734618,0.9750656265162654,0.1
0.008016032064128256,0.03310689704395564,0.9668931029560444,0.1
0.01002004008016032,0.04121092250566305,0.958789077494337,0.1
0.012024048096192383,0.049247023986442984,0.950752976013557,0.1
0.014028056112224447,0.05721577079190876,0.9427842292080912,0.1
0.01603206412825651,0.06511772745603217,0.9348822725439678,0.1
0.018036072144288574,0.07295345378113727,0.9270465462188627,0.1
0.02004008016032064,0.0807235048775582,0.9192764951224418,0.1
0.022044088176352703,0.08842843120296617,0.9115715687970338,0.1
0.024048096192384766,0.09606877860136465,0.9039312213986354,0.1
0.026052104208416832,0.10364508834175978,0.8963549116582402,0.1
0.028056112224448895,0.11115789715650537,0.8888421028434946,0.1
0.03006012024048096,0.11860773727932672,0.8813922627206733,0.1
0.03206412825651302,0.1259951364830263,0.8740048635169737,0.1
0.03406813627254509,0.13332061811687312,0.8666793818831269,0.1
0.03607214428857715,0.14058470114367794,0.8594152988563221,0.1
0.038076152304609215,0.14778790017655907,0.8522120998234409,0.1
0.04008016032064128,0.15493072551539933,0.8450692744846007,0.1
0.04208416833667334,0.16201368318299691,0.8379863168170031,0.1
0.044088176352705406,0.16903727496091459,0.8309627250390854,0.1
0.04609218436873747,0.17600199842502706,0.8239980015749729,0.1
0.04809619238476953,0.1829083469807713,0.8170916530192287,0.1
0.0501002004008016,0.18975680989810106,0.8102431901018989,0.1
0.052104208416833664,0.19654787234614834,0.8034521276538517,0.1
0.05410821643286573,0.20328201542759483,0.7967179845724052,0.1
0.05611222444889779,0.20995971621275444,0.7900402837872456,0.1
0.058116232464929855,0.21658144777337085,0.7834185522266292,0.1
0.06012024048096192,0.22314767921613154,0.7768523207838685,0.1
0.06212424849699398,0.22965887571590138,0.7703411242840986,0.1
0.06412825651302605,0.2361154985486763,0.7638845014513237,0.1
0.06613226452905811,0.24251800512426258,0.7574819948757374,0.1
0.06813627254509018,0.24886684901868106,0.7511331509813189,0.1
0.07014028056112225,0.25516248000630004,0.7448375199937,0.1
0.0721442885771543,0.2614053440916986,0.7385946559083014,0.1
0.07414829659318636,0.26759588354126373,0.7324041164587363,0.1
0.07615230460921843,0.27373453691452165,0.7262654630854783,0.1
0.0781563126252505,0.2798217390952067,0.7201782609047933,0.1
0.08016032064128256,0.28585792132207066,0.7141420786779293,0.1
0.08216432865731463,0.2918435112194325,0.7081564887805675,0.1
0.08416833667334668,0.29777893282747336,0.7022210671725266,0.1
0.08617234468937875,0.3036646066322767,0.6963353933677233,0.1
0.08817635270541081,0.30950094959561725,0.6904990504043828,0.1
0.09018036072144288,0.3152883751844998,0.6847116248155002,0.1
0.09218436873747494,0.3210272934004509,0.6789727065995491,0.1
0.09418837675350701,0.3267181108085643,0.6732818891914357,0.1
0.09619238476953906,0.3323612305663043,0.6676387694336957,0.1
0.09819639278557113,0.3379570524520662,0.6620429475479338,0.1
0.1002004008016032,0.34350597289349805,0.656494027106502,0.1
0.10220440881763526,0.3490083849955852,0.6509916150044148,0.1
0.10420841683366733,0.35446467856849895,0.645535321431501,0.1
0.1062124248496994,0.35987524015521255,0.6401247598447874,0.1
0.10821643286573146,0.36524045305888486,0.6347595469411151,0.1
0.11022044088176351,0.37056069737001474,0.6294393026299853,0.1
0.11222444889779558,0.37583634999336846,0.6241636500066315,0.1
0.11422845691382764,0.38106778467468083,0.6189322153253192,0.1
0.11623246492985971,0.3862553720271322,0.6137446279728678,0.1
0.11823647294589178,0.3913994795576049,0.6086005204423951,0.1
0.12024048096192384,0.3965004716927175,0.6034995283072825,0.1
0.1222444889779559,0.4015587098046435,0.5984412901953565,0.1
0.12424849699398796,0.4065745522367109,0.5934254477632891,0.1
0.12625250501002003,0.411548354328789,0.588451645671211,0.1
0.1282565130260521,0.41648046844246256,0.5835195315575374,0.1
0.13026052104208416,0.4213712439859931,0.5786287560140069,0.1
0.13226452905811623,0.4262210274390734,0.5737789725609266,0.1
0.1342685370741483,0.43103016237737213,0.5689698376226279,0.1
0.13627254509018036,0.43579898949687523,0.5642010105031248,0.1
0.13827655310621242,0.440527846638021,0.559472153361979,0.1
0.1402805611222445,0.44521706880963463,0.5547829311903654,0.1
0.14228456913827653,0.4498669882126606,0.5501330117873394,0.1
0.1442885771543086,0.45447793426369787,0.5455220657363021,0.1
0.14629258517034066,0.4590502336183362,0.5409497663816638,0.1
0.14829659318637273,0.46358421019429796,0.536415789805702,0.1
0.1503006012024048,0.4680801851943853,0.5319198148056147,0.1
0.15230460921843686,0.4725384771292357,0.5274615228707643,0.1
0.15430861723446893,0.47695940183988583,0.5230405981601142,0.1
0.156312625250501,0.4813432725201474,0.5186567274798526,0.1
0.15831663326653306,0.4856903997387948,0.5143096002612052,0.1
0.16032064128256512,0.4900010914615661,0.5099989085384339,0.1
0.1623246492985972,0.4942756530729817,0.5057243469270183,0.1
0.16432865731462926,0.49851438739797793,0.5014856126020221,0.1
0.16633266533066132,0.5027175947233604,0.4972824052766396,0.1
0.16833667334669336,0.5068855728190778,0.49311442718092224,0.1
0.17034068136272543,0.5110186169593163,0.4889813830406837,0.1
0.1723446893787575,0.5151170199434181,0.4848829800565819,0.1
0.17434869739478956,0.5191810721166248,0.4808189278833752,0.1
0.17635270541082163,0.5232110613906458,0.47678893860935423,0.1
0.1783567134268537,0.5272072732640551,0.47279272673594486,0.1
0.18036072144288576,0.5311699908425178,0.4688300091574822,0.1
0.18236472945891782,0.5350994948588448,0.4649005051411552,0.1
0.1843687374749499,0.5389960636928826,0.46100393630711745,0.1
0.18637274549098196,0.5428599733912332,0.45714002660876685,0.1
0.18837675350701402,0.5466914976868114,0.45330850231318864,0.1
0.1903807615230461,0.5504909080182361,0.4495090919817639,0.1
0.19238476953907813,0.5542584735490605,0.44574152645093945,0.1
0.1943887775551102,0.5579944611868408,0.4420055388131592,0.1
0.19639278557114226,0.5616991356020438,0.43830086439795624,0.1
0.19839679358717432,0.5653727592467983,0.4346272407532017,0.1
0.2004008016032064,0.5690155923734874,0.4309844076265126,0.1
0.20240480961923846,0.5726278930531862,0.4273721069468138,0.1
0.20440881763527052,0.5762099171939437,0.42379008280605635,0.1
0.2064128256513026,0.579761918558913,0.420238081441087,0.1
0.20841683366733466,0.5832841487843285,0.41671585121567145,0.1
0.21042084168336672,0.5867768573973328,0.41322314260266724,0.1
0.2124248496993988,0.5902402918336532,0.40975970816634677,0.1
0.21442885771543085,0.5936746974551326,0.40632530254486743,0.1
0.21643286573146292,0.5970803175671102,0.4029196824328898,0.1
0.21843687374749496,0.600457393435659,0.39954260656434104,0.1
0.22044088176352702,0.6038061643046777,0.3961938356953223,0.1
0.2224448897795591,0.6071268674128396,0.3928731325871604,0.1
0.22444889779559116,0.6104197380103992,0.38958026198960083,0.1
0.22645290581162322,0.6136850093758583,0.38631499062414165,0.1
0.2284569138276553,0.6169229128324927,0.3830770871675073,0.1
0.23046092184368736,0.620133677764739,0.37986632223526096,0.1
0.23246492985971942,0.6233175316344461,0.37668246836555386,0.1
0.2344689378757515,0.6264746999969886,0.37352530000301143,0.1
0.23647294589178355,0.6296054065172458,0.37039459348275416,0.1
0.23847695390781562,0.632709872985448,0.367290127014552,0.1
0.24048096192384769,0.6357883193328876,0.3642116806671124,0.1
0.24248496993987975,0.6388409636475008,0.36115903635249924,0.1
0.2444889779559118,0.6418680221893172,0.35813197781068284,0.1
0.24649298597194386,0.6448697094057801,0.35513029059421986,0.1
0.24849699398797592,0.6478462379469399,0.35215376205306015,0.1
0.250501002004008,0.6507978186805172,0.3492021813194828,0.1
0.25250501002004005,0.6537246607068437,0.34627533929315635,0.1
0.2545090180360721,0.656626971373673,0.343373028626327,0.1
0.2565130260521042,0.6595049562908721,0.34049504370912786,0.1
0.25851703406813625,0.6623588193449861,0.3376411806550139,0.1
0.2605210420841683,0.665188762713683,0.334811237286317,0.1
0.2625250501002004,0.6679949868800761,0.3320050131199239,0.1
0.26452905811623245,0.6707776906469274,0.3292223093530726,0.1
0.2665330661322645,0.6735370711507314,0.32646292884926864,0.1
0.2685370741482966,0.6762733238756805,0.3237266761243195,0.1
0.27054108216432865,0.6789866426675145,0.3210133573324855,0.1
0.2725450901803607,0.6816772197472529,0.3183227802527471,0.1
0.2745490981963928,0.6843452457248123,0.31565475427518774,0.1
0.27655310621242485,0.6869909096125103,0.3130090903874897,0.1
0.2785571142284569,0.6896143988384558,0.31038560116154423,0.1
0.280561122244489,0.6922158992598263,0.3077841007401737,0.1
0.282565130260521,0.6947955951760361,0.30520440482396394,0.1
0.28456913827655306,0.6973536693417911,0.3026463306582089,0.1
0.2865731462925851,0.6998903029800372,0.3001096970199628,0.1
0.2885771543086172,0.7024056757947976,0.2975943242052024,0.1
0.29058116232464926,0.7048999659839047,0.2951000340160953,0.1
0.2925851703406813,0.7073733502516233,0.2926266497483767,0.1
0.2945891783567134,0.7098260038211698,0.2901739961788302,0.1
0.29659318637274545,0.7122581004471249,0.2877418995528751,0.1
0.2985971943887775,0.7146698124277434,0.2853301875722566,0.1
0.3006012024048096,0.7170613106171606,0.2829386893828394,0.1
0.30260521042084165,0.7194327644374956,0.2805672355625044,0.1
0.3046092184368737,0.7217843418908542,0.27821565810914584,0.1
0.3066132264529058,0.7241162095712307,0.2758837904287693,0.1
0.30861723446893785,0.72642853267631,0.27357146732369,0.1
0.3106212424849699,0.7287214750191706,0.2712785249808294,0.1
0.312625250501002,0.73099519903989,0.26900480096011004,0.1
0.31462925851703405,0.7332498658170522,0.2667501341829478,0.1
0.3166332665330661,0.7354856350791592,0.2645143649208408,0.1
0.3186372745490982,0.7377026652159471,0.2622973347840529,0.1
0.32064128256513025,0.7399011132896062,0.26009888671039383,0.1
0.3226452905811623,0.7420811350459084,0.25791886495409155,0.1
0.3246492985971944,0.7442428849252409,0.25575711507475907,0.1
0.32665330661322645,0.7463865160735468,0.2536134839264532,0.1
0.3286573146292585,0.7485121803531747,0.2514878196468253,0.1
0.3306613226452906,0.7506200283536374,0.2493799716463626,0.1
0.33266533066132264,0.7527102094022801,0.24728979059771994,0.1
0.33466933867735466,0.7547828715748587,0.24521712842514132,0.1
0.3366733466933867,0.7568381617060309,0.2431618382939691,0.1
0.3386773547094188,0.7588762253997581,0.24112377460024192,0.1
0.34068136272545085,0.76089720703962,0.23910279296037995,0.1
0.3426853707414829,0.7629012497990443,0.23709875020095572,0.1
0.344689378757515,0.7648884956514483,0.23511150434855166,0.1
0.34669338677354705,0.7668590853802983,0.23314091461970166,0.1
0.3486973947895791,0.7688131585890816,0.2311868414109184,0.1
0.3507014028056112,0.7707508537111979,0.2292491462888021,0.1
0.35270541082164325,0.7726723080197654,0.22732769198023461,0.1
0.3547094188376753,0.7745776576373464,0.22542234236265357,0.1
0.3567134268537074,0.7764670375455902,0.2235329624544098,0.1
0.35871743486973945,0.778340581594796,0.22165941840520398,0.1
0.3607214428857715,0.7801984225133951,0.2198015774866049,0.1
0.3627254509018036,0.7820406919173541,0.21795930808264585,0.1
0.36472945891783565,0.7838675203194988,0.2161324796805012,0.1
0.3667334669338677,0.7856790371387602,0.2143209628612398,0.1
0.3687374749498998,0.7874753707093431,0.21252462929065685,0.1
0.37074148296593185,0.789256648289818,0.210743351710182,0.1
0.3727454909819639,0.791022996072136,0.208977003927864,0.1
0.374749498997996,0.7927745391905687,0.20722546080943127,0.1
0.37675350701402804,0.7945114017305738,0.20548859826942623,0.1
0.3787575150300601,0.7962337067375852,0.2037662932624148,0.1
0.3807615230460922,0.79794157622573,0.20205842377426997,0.1
0.38276553106212424,0.7996351311864728,0.20036486881352722,0.1
0.38476953907815625,0.8013144915971865,0.19868550840281352,0.1
0.3867735470941883,0.8029797764296525,0.19702022357034754,0.1
0.3887775551102204,0.8046311036584888,0.19536889634151122,0.1
0.39078156312625245,0.8062685902695079,0.19373140973049208,0.1
0.3927855711422845,0.8078923522680044,0.19210764773199562,0.1
0.3947895791583166,0.809502504686973,0.19049749531302695,0.1
0.39679358717434865,0.8110991615952584,0.1889008384047416,0.1
0.3987975951903807,0.8126824361056357,0.18731756389436427,0.1
0.4008016032064128,0.8142524403828241,0.18574755961717593,0.1
0.40280561122244485,0.8158092856514328,0.18419071434856715,0.1
0.4048096192384769,0.8173530822038411,0.18264691779615894,0.1
0.406813627254509,0.818883939408011,0.18111606059198904,0.1
0.40881763527054105,0.8204019657152359,0.17959803428476406,0.1
0.4108216432865731,0.8219072686678235,0.1780927313321765,0.1
0.4128256513026052,0.8233999549067144,0.17660004509328564,0.1
0.41482965931863724,0.8248801301790368,0.17511986982096317,0.1
0.4168336673346693,0.8263478993455984,0.17365210065440162,0.1
0.4188376753507014,0.8278033663883148,0.17219663361168525,0.1
0.42084168336673344,0.8292466344175757,0.17075336558242427,0.1
0.4228456913827655,0.8306778056795504,0.1693221943204496,0.1
0.4248496993987976,0.8320969815634304,0.16790301843656963,0.1
0.42685370741482964,0.8335042626086125,0.16649573739138745,0.1
0.4288577154308617,0.8348997485118219,0.16510025148817808,0.1
0.4308617234468938,0.8362835381341741,0.1637164618658259,0.1
0.43286573146292584,0.8376557295081792,0.16234427049182076,0.1
0.4348697394789579,0.8390164198446868,0.16098358015531322,0.1
0.4368737474949899,0.8403657055397722,0.1596342944602278,0.1
0.438877755511022,0.8417036821815667,0.15829631781843334,0.1
0.44088176352705405,0.843030444557028,0.15696955544297198,0.1
0.4428857715430861,0.8443460866586561,0.15565391334134393,0.1
0.4448897795591182,0.8456507016911515,0.15434929830884847,0.1
0.44689378757515025,0.8469443820780189,0.15305561792198108,0.1
0.4488977955911823,0.848227219468114,0.15177278053188603,0.1
0.4509018036072144,0.8494993047421366,0.15050069525786336,0.1
0.45290581162324645,0.8507607280190693,0.14923927198093068,0.1
0.4549098196392785,0.8520115786625609,0.14798842133743906,0.1
0.4569138276553106,0.853251945287258,0.146748054712742,0.1
0.45891783567134264,0.8544819157650825,0.14551808423491752,0.1
0.4609218436873747,0.8557015772314569,0.1442984227685431,0.1
0.4629258517034068,0.856911016091477,0.14308898390852298,0.1
0.46492985971943884,0.8581103180260335,0.14188968197396645,0.1
0.4669338677354709,0.8592995679978817,0.14070043200211835,0.1
0.468937875751503,0.8604788502576602,0.13952114974233976,0.1
0.47094188376753504,0.8616482483498608,0.13835175165013924,0.1
0.4729458917835671,0.8628078451187453,0.1371921548812547,0.1
0.4749498997995992,0.8639577227142159,0.1360422772857841,0.1
0.47695390781563124,0.8650979625976343,0.13490203740236573,0.1
0.4789579158316633,0.8662286455475928,0.13377135445240718,0.1
0.48096192384769537,0.8673498516656374,0.13265014833436262,0.1
0.48296593186372744,0.8684616603819415,0.1315383396180585,0.1
0.4849699398797595,0.8695641504609342,0.13043584953906584,0.1
0.48697394789579157,0.8706574000068792,0.1293425999931208,0.1
0.4889779559118236,0.8717414864694085,0.12825851353059148,0.1
0.49098196392785565,0.8728164866490095,0.12718351335099054,0.1
0.4929859719438877,0.8738824767024649,0.12611752329753512,0.1
0.4949899799599198,0.8749395321482489,0.12506046785175107,0.1
0.49699398797595185,0.8759877278718766,0.12401227212812338,0.1
0.4989979959919839,0.8770271381312092,0.12297286186879075,0.1
0.501002004008016,0.8780578365617151,0.1219421634382849,0.1
0.503006012024048,0.8790798961816858,0.1209201038183142,0.1
0.5050100200400801,0.8800933893974094,0.11990661060259056,0.1
0.5070140280561122,0.8810983880082999,0.11890161199170013,0.1
0.5090180360721442,0.8820949632119837,0.11790503678801634,0.1
0.5110220440881763,0.8830831856093432,0.11691681439065682,0.1
0.5130260521042084,0.884063125209519,0.11593687479048098,0.1
0.5150300601202404,0.8850348514348695,0.11496514856513051,0.1
0.5170340681362725,0.8859984331258883,0.11400156687411167,0.1
0.5190380761523046,0.886953938546082,0.11304606145391805,0.1
0.5210420841683366,0.8879014353868055,0.11209856461319445,0.1
0.5230460921843687,0.8888409907720584,0.11115900922794164,0.1
0.5250501002004008,0.8897726712632391,0.11022732873676089,0.1
0.5270541082164328,0.8906965428638615,0.10930345713613854,0.1
0.5290581162324649,0.8916126710242298,0.10838732897577019,0.1
0.531062124248497,0.8925211206460759,0.10747887935392408,0.1
0.533066132264529,0.8934219560871574,0.10657804391284265,0.1
0.5350701402805611,0.8943152411658161,0.10568475883418393,0.1
0.5370741482965932,0.8952010391655,0.10479896083450002,0.1
0.5390781563126252,0.8960794128392461,0.10392058716075392,0.1
0.5410821643286573,0.896950424414126,0.10304957558587402,0.1
0.5430861723446894,0.8978141355956546,0.1021858644043454,0.1
0.5450901803607214,0.8986706075721612,0.10132939242783878,0.1
0.5470941883767535,0.8995199010191245,0.10048009898087551,0.1
0.5490981963927856,0.9003620761034709,0.09963792389652915,0.1
0.5511022044088176,0.9011971924878369,0.09880280751216308,0.1
0.5531062124248497,0.9020253093347963,0.0979746906652037,0.1
0.5551102204408818,0.9028464853110508,0.09715351468894917,0.1
0.5571142284569138,0.9036607785915868,0.09633922140841322,0.1
0.5591182364729459,0.9044682468637959,0.0955317531362041,0.1
0.561122244488978,0.9052689473315626,0.0947310526684374,0.1
0.56312625250501,0.9060629367193164,0.09393706328068363,0.1
0.565130260521042,0.9068502712760499,0.09314972872395011,0.1
0.567134268537074,0.9076310067793047,0.09236899322069525,0.1
0.5691382765531061,0.908405198539122,0.09159480146087795,0.1
0.5711422845691382,0.9091729014019614,0.09082709859803861,0.1
0.5731462925851702,0.9099341697545861,0.09006583024541392,0.1
0.5751503006012023,0.9106890575279162,0.08931094247208382,0.1
0.5771543086172344,0.9114376182008489,0.0885623817991511,0.1
0.5791583166332664,0.9121799048040479,0.08782009519595213,0.1
0.5811623246492985,0.9129159699236994,0.08708403007630061,0.1
0.5831663326653306,0.9136458657052381,0.08635413429476191,0.1
0.5851703406813626,0.9143696438570409,0.08563035614295911,0.1
0.5871743486973947,0.9150873556540906,0.0849126443459094,0.1
0.5891783567134268,0.9157990519416083,0.08420094805839173,0.1
0.5911823647294588,0.9165047831386547,0.08349521686134531,0.1
0.5931863727454909,0.9172045992417031,0.08279540075829694,0.1
0.595190380761523,0.9178985498281808,0.08210145017181925,0.1
0.597194388777555,0.9185866840599809,0.0814133159400191,0.1
0.5991983967935871,0.919269050686946,0.08073094931305402,0.1
0.6012024048096192,0.9199456980503211,0.08005430194967889,0.1
0.6032064128256512,0.9206166740861786,0.07938332591382136,0.1
0.6052104208416833,0.9212820263288142,0.07871797367118583,0.1
0.6072144288577154,0.9219418019141141,0.07805819808588588,0.1
0.6092184368737474,0.9225960475828949,0.07740395241710507,0.1
0.6112224448897795,0.9232448096842143,0.0767551903157857,0.1
0.6132264529058116,0.9238881341786549,0.0761118658213451,0.1
0.6152304609218436,0.9245260666415802,0.07547393335841979,0.1
0.6172344689378757,0.9251586522663632,0.07484134773363682,0.1
0.6192384769539078,0.9257859358675882,0.07421406413241183,0.1
0.6212424849699398,0.9264079618842255,0.07359203811577453,0.1
0.6232464929859719,0.9270247743827797,0.07297522561722025,0.1
0.625250501002004,0.9276364170604116,0.07236358293958844,0.1
0.627254509018036,0.9282429332480335,0.07175706675196647,0.1
0.6292585170340681,0.9288443659133794,0.07115563408662062,0.1
0.6312625250501002,0.9294407576640485,0.07055924233595146,0.1
0.6332665330661322,0.9300321507505243,0.06996784924947574,0.1
0.6352705410821643,0.9306185870691671,0.06938141293083289,0.1
0.6372745490981964,0.9312001081651825,0.0687998918348175,0.1
0.6392785571142284,0.9317767552355644,0.06822324476443564,0.1
0.6412825651302605,0.9323485691320137,0.0676514308679863,0.1
0.6432865731462926,0.9329155903638324,0.06708440963616757,0.1
0.6452905811623246,0.9334778591007931,0.06652214089920694,0.1
0.6472945891783567,0.9340354151759851,0.0659645848240149,0.1
0.6492985971943888,0.9345882980886364,0.06541170191136358,0.1
0.6513026052104208,0.9351365470069115,0.06486345299308849,0.1
0.6533066132264529,0.9356802007706866,0.06431979922931341,0.1
0.655310621242485,0.9362192978943011,0.06378070210569886,0.1
0.657314629258517,0.9367538765692859,0.06324612343071412,0.1
0.6593186372745491,0.9372839746670691,0.06271602533293086,0.1
0.6613226452905812,0.9378096297416594,0.06219037025834062,0.1
0.6633266533066132,0.9383308790323056,0.06166912096769439,0.1
0.6653306613226453,0.9388477594661359,0.061152240533864144,0.1
0.6673346693386772,0.9393603076607726,0.06063969233922739,0.1
0.6693386773547093,0.9398685599269277,0.06013144007307225,0.1
0.6713426853707414,0.9403725522709744,0.05962744772902562,0.1
0.6733466933867734,0.9408723203974977,0.059127679602502314,0.1
0.6753507014028055,0.9413678997118246,0.05863210028817545,0.1
0.6773547094188376,0.9418593253225317,0.05814067467746831,0.1
0.6793587174348696,0.9423466320439331,0.0576533679560669,0.1
0.6813627254509017,0.9428298543985457,0.05717014560145428,0.1
0.6833667334669338,0.9433090266195361,0.056690973380463916,0.1
0.6853707414829658,0.9437841826531448,0.05621581734685521,0.1
0.6873747494989979,0.9442553561610918,0.0557446438389082,0.1
0.68937875751503,0.944722580522961,0.055277419477039014,0.1
0.691382765531062,0.9451858888385647,0.05481411116143531,0.1
0.6933867735470941,0.9456453139302889,0.054354686069711056,0.1
0.6953907815631262,0.9461008883454186,0.05389911165458139,0.1
0.6973947895791582,0.9465526443584429,0.053447355641557115,0.1
0.6993987975951903,0.9470006139733422,0.05299938602665777,0.1
0.7014028056112224,0.9474448289258554,0.052555171074144647,0.1
0.7034068136272544,0.9478853206857274,0.052114679314272605,0.1
0.7054108216432865,0.9483221204589396,0.0516778795410604,0.1
0.7074148296593186,0.9487552591899197,0.05124474081008035,0.1
0.7094188376753506,0.9491847675637346,0.0508152324362654,0.1
0.7114228456913827,0.9496106760082639,0.050389323991736124,0.1
0.7134268537074148,0.9500330146963554,0.04996698530364463,0.1
0.7154308617234468,0.9504518135479633,0.049548186452036735,0.1
0.7174348697394789,0.9508671022322667,0.04913289776773333,0.1
0.719438877755511,0.9512789101697727,0.04872108983022727,0.1
0.721442885771543,0.9516872665344001,0.048312733465599944,0.1
0.7234468937875751,0.9520922002555455,0.04790779974445447,0.1
0.7254509018036072,0.9524937400201342,0.047506259979865795,0.1
0.7274549098196392,0.9528919142746515,0.047108085725348525,0.1
0.7294589178356713,0.9532867512271577,0.04671324877284233,0.1
0.7314629258517034,0.9536782788492877,0.046321721150712314,0.1
0.7334669338677354,0.9540665248782311,0.04593347512176893,0.1
0.7354709418837675,0.9544515168186984,0.04554848318130156,0.1
0.7374749498997996,0.9548332819448689,0.04516671805513106,0.1
0.7394789579158316,0.9552118473023231,0.044788152697676886,0.1
0.7414829659318637,0.9555872397099585,0.044412760290041486,0.1
0.7434869739478958,0.95595948576189,0.04404051423810995,0.1
0.7454909819639278,0.9563286118293335,0.043671388170666514,0.1
0.7474949899799599,0.9566946440624741,0.043305355937525936,0.1
0.749498997995992,0.9570576083923188,0.04294239160768121,0.1
0.751503006012024,0.9574175305325341,0.04258246946746591,0.1
0.7535070140280561,0.9577744359812663,0.042225564018733674,0.1
0.7555110220440882,0.9581283500229496,0.041871649977050396,0.1
0.7575150300601202,0.9584792977300955,0.04152070226990445,0.1
0.7595190380761523,0.9588273039650709,0.041172696034929124,0.1
0.7615230460921844,0.9591723933818576,0.04082760661814244,0.1
0.7635270541082164,0.9595145904278003,0.040485409572199704,0.1
0.7655310621242485,0.959853919345338,0.040146080654661964,0.1
0.7675350701402806,0.9601904041737214,0.03980959582627863,0.1
0.7695390781563125,0.9605240687507155,0.0394759312492845,0.1
0.7715430861723446,0.9608549367142895,0.039145063285710546,0.1
0.7735470941883766,0.9611830315042903,0.0388169684957097,0.1
0.7755511022044087,0.9615083763641034,0.038491623635896643,0.1
0.7775551102204408,0.9618309943422998,0.038169005657700206,0.1
0.7795591182364728,0.9621509082942686,0.037849091705731364,0.1
0.7815631262525049,0.9624681408838361,0.03753185911616386,0.1
0.783567134268537,0.9627827145848717,0.037217285415128254,0.1
0.785571142284569,0.9630946516828794,0.036905348317120557,0.1
0.7875751503006011,0.9634039742765775,0.036596025723422465,0.1
0.7895791583166332,0.9637107042794633,0.03628929572053674,0.1
0.7915831663326652,0.9640148634213659,0.035985136578634114,0.1
0.7935871743486973,0.9643164732499857,0.035683526750014294,0.1
0.7955911823647294,0.9646155551324208,0.03538444486757919,0.1
0.7975951903807614,0.9649121302566808,0.03508786974331923,0.1
0.7995991983967935,0.9652062196331874,0.03479378036681258,0.1
0.8016032064128256,0.9654978440962637,0.03450215590373629,0.1
0.8036072144288576,0.9657870243056093,0.034212975694390746,0.1
0.8056112224448897,0.9660737807477645,0.03392621925223549,0.1
0.8076152304609218,0.9663581337375615,0.03364186626243848,0.1
0.8096192384769538,0.9666401034195632,0.03335989658043681,0.1
0.8116232464929859,0.9669197097694908,0.03308029023050918,0.1
0.813627254509018,0.967196972595639,0.03280302740436103,0.1
0.81563126252505,0.9674719115402786,0.03252808845972144,0.1
0.8176352705410821,0.9677445460810488,0.03225545391895124,0.1
0.8196392785571142,0.9680148955323364,0.03198510446766356,0.1
0.8216432865731462,0.9682829790466452,0.031717020953354824,0.1
0.8236472945891783,0.9685488156159512,0.031451184384048814,0.1
0.8256513026052104,0.9688124240730495,0.03118757592695054,0.1
0.8276553106212424,0.9690738230928876,0.030926176907112413,0.1
0.8296593186372745,0.9693330311938889,0.030666968806111083,0.1
0.8316633266533066,0.9695900667392644,0.0304099332607356,0.1
0.8336673346693386,0.9698449479383136,0.03015505206168645,0.1
0.8356713426853707,0.9700976928477145,0.02990230715228548,0.1
0.8376753507014028,0.9703483193728031,0.02965168062719692,0.1
0.8396793587174348,0.9705968452688412,0.029403154731158843,0.1
0.8416833667334669,0.9708432881422749,0.02915671185772506,0.1
0.843687374749499,0.971087665451982,0.028912334548018004,0.1
0.845691382765531,0.9713299945105079,0.028670005489492056,0.1
0.8476953907815631,0.9715702924852931,0.02842970751470686,0.1
0.8496993987975952,0.9718085763998889,0.028191423600111065,0.1
0.8517034068136272,0.9720448631351636,0.027955136864836416,0.1
0.8537074148296593,0.9722791694304982,0.02772083056950181,0.1
0.8557114228456913,0.9725115118849723,0.027488488115027687,0.1
0.8577154308617234,0.9727419069585403,0.027258093041459652,0.1
0.8597194388777555,0.9729703709731974,0.027029629026802615,0.1
0.8617234468937875,0.9731969201141356,0.02680307988586439,0.1
0.8637274549098196,0.9734215704308905,0.026578429569109496,0.1
0.8657314629258517,0.9736443378384785,0.02635566216152152,0.1
0.8677354709418837,0.9738652381185241,0.0261347618814759,0.1
0.8697394789579158,0.9740842869203779,0.02591571307962215,0.1
0.8717434869739479,0.974301499762225,0.02569850023777498,0.1
0.8737474949899798,0.9745168920321853,0.025483107967814722,0.1
0.8757515030060119,0.9747304789894025,0.02526952101059754,0.1
0.877755511022044,0.9749422757651256,0.0250577242348744,0.1
0.879759519038076,0.9751522973637812,0.024847702636218827,0.1
0.8817635270541081,0.9753605586640357,0.024639441335964296,0.1
0.8837675350701402,0.9755670744198504,0.024432925580149645,0.1
0.8857715430861722,0.9757718592615254,0.02422814073847457,0.1
0.8877755511022043,0.9759749276967372,0.024025072303262784,0.1
0.8897795591182364,0.9761762941115661,0.023823705888433855,0.1
0.8917835671342684,0.976375972771515,0.023624027228485,0.1
0.8937875751503005,0.9765739778225205,0.023426022177479466,0.1
0.8957915831663326,0.976770323291955,0.02322967670804499,0.1
0.8977955911823646,0.97696502308962,0.023034976910380034,0.1
0.8997995991983967,0.9771580910087321,0.022841908991267923,0.1
0.9018036072144288,0.9773495407268997,0.022650459273100276,0.1
0.9038076152304608,0.9775393858070925,0.022460614192907458,0.1
0.9058116232464929,0.9777276396986018,0.02227236030139823,0.1
0.907815631262525,0.9779143157379934,0.022085684262006633,0.1
0.909819639278557,0.9780994271500526,0.021900572849947397,0.1
0.9118236472945891,0.9782829870487212,0.021717012951278813,0.1
0.9138276553106212,0.9784650084380261,0.021534991561973915,0.1
0.9158316633266532,0.9786455042130009,0.021354495786999106,0.1
0.9178356713426853,0.9788244871605994,0.021175512839400557,0.1
0.9198396793587174,0.9790019699606014,0.020998030039398596,0.1
0.9218436873747494,0.9791779651865108,0.02082203481348921,0.1
0.9238476953907815,0.9793524853064467,0.020647514693553304,0.1
0.9258517034068136,0.9795255426840265,0.020474457315973527,0.1
0.9278557114228456,0.9796971495792417,0.0203028504207583,0.1
0.9298597194388777,0.9798673181493267,0.020132681850673295,0.1
0.9318637274549098,0.9800360604496198,0.019963939550380227,0.1
0.9338677354709418,0.9802033884344172,0.019796611565582767,0.1
0.9358717434869739,0.9803693139578206,0.019630686042179435,0.1
0.937875751503006,0.9805338487745756,0.01946615122542439,0.1
0.939879759519038,0.9806970045409059,0.019302995459094086,0.1
0.9418837675350701,0.9808587928153382,0.019141207184661835,0.1
0.9438877755511021,0.9810192250595212,0.018980774940478784,0.1
0.9458917835671342,0.9811783126390378,0.018821687360962236,0.1
0.9478957915831663,0.98133606682421,0.01866393317578996,0.1
0.9498997995991983,0.9814924987908978,0.018507501209102162,0.1
0.9519038076152304,0.9816476196212901,0.018352380378709898,0.1
0.9539078156312625,0.9818014403046907,0.018198559695309258,0.1
0.9559118236472945,0.9819539717382962,0.01804602826170376,0.1
0.9579158316633266,0.9821052247279685,0.017894775272031538,0.1
0.9599198396793587,0.9822552099889996,0.017744790011000378,0.1
0.9619238476953907,0.9824039381468715,0.017596061853128453,0.1
0.9639278557114228,0.9825514197380087,0.017448580261991253,0.1
0.9659318637274549,0.9826976652105243,0.017302334789475737,0.1
0.9679358717434869,0.9828426849249604,0.017157315075039592,0.1
0.969939879759519,0.9829864891550222,0.01701351084497782,0.1
0.9719438877755511,0.9831290880883057,0.01687091191169432,0.1
0.9739478957915831,0.9832704918270195,0.016729508172980467,0.1
0.9759519038076151,0.9834107103887004,0.016589289611299574,0.1
0.9779559118236472,0.9835497537069231,0.016450246293076898,0.1
0.9799599198396792,0.9836876316320038,0.01631236836799621,0.1
0.9819639278557113,0.9838243539316984,0.016175646068301575,0.1
0.9839679358717434,0.9839599302918941,0.016040069708105897,0.1
0.9859719438877754,0.9840943703172957,0.01590562968270426,0.1
0.9879759519038075,0.9842276835321062,0.015772316467893788,0.1
0.9899799599198396,0.9843598793807011,0.01564012061929887,0.1
0.9919839679358716,0.9844909672282982,0.015509032771701792,0.1
0.9939879759519037,0.9846209563616203,0.015379043638379719,0.1
0.9959919839679358,0.9847498559895534,0.015250144010446554,0.1
0.9979959919839678,0.9848776752437993,0.015122324756200678,0.1
1.0,0.9850044231795223,0.014995576820477696,0.1
