claim_id,title,statement,status,layer,dependencies,not_claimed,first_document,first_version,first_date,doi,github_tag,commit_hash,website_url,failure_condition,downstream_claims
FDS-CORE-001,Distinction Primitive,A distinction is an operation or relation that separates at least two alternatives within a possibility space.,Formal definition,Core,,,FDS-0,v1.0,2026-05-12,10.5281/zenodo.20158923,,,,Not falsified in usual sense; usefulness can fail.,FDS-CORE-002;FDS-CORE-003
FDS-CORE-002,Boundary Inheritance,"Once a system distinguishes itself from what it is not, it inherits a boundary.",Formal definition,Core,FDS-CORE-001,,FDS-0,v1.0,2026-05-12,10.5281/zenodo.20158923,,,,Bounded system with zero maintenance cost under sustained load.,FDS-CORE-003
FDS-CORE-003,Finite Capacity,A finite system with a boundary has finite representational and operational capacity.,Formal/operational claim,Core,FDS-CORE-002,,FDS-0,v1.0,2026-05-12,10.5281/zenodo.20158923,,,,Physically instantiated bounded system with infinite operational capacity.,FDS-CORE-004
FDS-CORE-004,Capacity Deficit,"When task-relevant distinction demand exceeds accessible capacity, the system operates under a capacity deficit.",Formal definition,Core,FDS-CORE-003,,FDS-0,v1.0,2026-05-12,10.5281/zenodo.20158923,,,,Not directly falsifiable; usefulness can fail.,FDS-CORE-005
FDS-CORE-005,Budget Exits,"A finite system under persistent positive capacity deficit must prune, externalize, relax the task, compress, or collapse.",Conditional theorem,Core,FDS-CORE-004,Does not prescribe which exit occurs.,FDS-0,v1.0,2026-05-12,10.5281/zenodo.20158923,,,,System under sustained deficit with none of the listed exits.,FDS-CORE-006;FDS-T1-005
FDS-CORE-006,Invariant-Supported Persistence,Systems that persist under finite capacity do so by maintaining invariants that reduce effective distinction load.,Conditional theorem,Core,FDS-CORE-005,Does not identify which invariants are used.,FDS-0,v1.0,2026-05-12,10.5281/zenodo.20158923,,,,Persistent system under sustained deficit with no invariant-supported load reduction.,
FDS-T1-001,Finite Observer Projection,A finite physical observer O can operationally use only a finite image Im(pi_O) of a physical possibility space.,Operational/physical bridge claim,Physical Bridge,Finite record carrier; finite memory; finite error tolerance,Not consciousness; not quantum measurement solution; not unlimited access.,FDS-T1,v0.1,2026-05-14,,,,,Observer with unbounded distinctions under finite resources.,FDS-T1-002;FDS-T1-003;FDS-T1-004
FDS-T1-002,Distinguishability Budget,Operational distinguishability is bounded by minimum of internal record capacity and accessible boundary/channel capacity.,Conditional theorem,Physical Bridge,FDS-T1-001; Bekenstein/holographic bridges,,FDS-T1,v0.1,2026-05-14,,,,,Observer using more distinctions than any capacity bound allows.,FDS-T1-003
FDS-T1-003,Stock vs Throughput,Accessible capacity separates into stock capacity and update throughput; effective task capacity is their minimum.,Formal definition/Conditional theorem,Physical Bridge,FDS-T1-002; Landauer bridge,Not every operation is Landauer-charged.,FDS-T1,v1.1,2026-05-16,,,,,Observer exceeding both stock and throughput bounds.,FDS-T1-004;FDS-T1-005
FDS-T1-004,Boundary-Relative Capacity Deficit,Delta_FDS = R_min - C_acc where R_min is task demand and C_acc is accessible capacity.,Definition,Physical Bridge,FDS-T1-003,Positive deficit not automatically failure.,FDS-T1,v0.1,2026-05-14,,,,,Not falsified directly; usefulness can fail.,FDS-T1-005
FDS-T1-005,Budget-Exit Theorem,"If Delta_FDS > 0 persists, observer must enter at least one exit class.",Conditional theorem,Physical Bridge,FDS-T1-004; FDS-CORE-005,Does not predict which exit.,FDS-T1,v0.1,2026-05-14,,,,,Full-fidelity task under sustained deficit with no exit.,FDS-T1-006;FDS-T1-007
FDS-T1-006,Maintenance Inequality,Positive deficit implies Landauer-style lower bound on thermodynamic maintenance cost for irreversible erasure.,Conditional physical bridge,Physical Bridge,FDS-T1-005; Landauer bridge,Lower bound only; not full thermodynamic model.,FDS-T1,v0.1,2026-05-14,,,,,Irreversible erasure below Landauer cost.,
FDS-T1-007,Budget-Crossing Signature,"As chi = R_min - C_acc crosses zero, observers should show measurable transitions.",Testable prediction,Physical Bridge,FDS-T1-005,Magnitude depends on system class.,FDS-T1,v1.1,2026-05-16,,,,,No transition under controlled budget crossing.,
FDS-T1-008,Bottleneck-Switching Kink,Rate-distortion error floor shows slope discontinuities at bottleneck switches.,Conditional theorem,Physical Bridge,FDS-T1-003; rate-distortion,Kink magnitude is model-dependent.,FDS-T1,v0.1,2026-05-14,,,,,Smooth error floor with no measurable slope change.,
FDS-P4-001,Non-Injective Truncation Creates Preimage Uncertainty,Non-injective truncation creates preimage uncertainty relative to the effective record.,Formal information claim,Physical bridge,FDS-CORE-005,,FDS-P4,v1.0,2026-05-18,10.5281/zenodo.20265065,,,,"A many-to-one map contains enough information, without side records or conventions, to distinguish all of its preimages.",
FDS-P4-002,Bayes-Optimal Exact Recovery Bound,Bayes-optimal guaranteed exact preimage recovery is bounded by the largest conditional preimage mass.,Decision-theoretic bound,Physical bridge,FDS-P4-001; Bayes decision theory,,FDS-P4,v1.0,2026-05-18,10.5281/zenodo.20265065,,,,A decoder using only Z exceeds the Bayes-optimal classifier bound for X|Z.,
FDS-P4-003,Informational Hysteresis,Capacity recovery does not recover distinctions erased during a bottleneck.,Informational hysteresis theorem,Physical bridge,FDS-P4-001; side-record criterion,,FDS-P4,v1.0,2026-05-18,10.5281/zenodo.20265065,,,,"A finite system recovers exact task-relevant preimage distinctions after capacity restoration with no side record, no enlarged boundary, no external trace, and no hidden convention.",
FDS-P4-004,Non-Lumpability Creates Hidden-State Memory,Non-lumpable coarse-graining creates hidden-state memory and effective stochasticity.,Markov projection bridge,Physical bridge,FDS-P4-001; lumpability condition,,FDS-P4,v1.0,2026-05-18,10.5281/zenodo.20265065,,,,"A non-lumpable projection closes exactly on Z_t alone without hidden state, history, or extra variables.",
FDS-P4-005,Mori-Zwanzig Memory Burden,Projection-induced memory burden has a Mori-Zwanzig analogue.,Relation to standard theory,Physical bridge,FDS-P4-004; Mori-Zwanzig formalism,,FDS-P4,v1.0,2026-05-18,10.5281/zenodo.20265065,,,,"Eliminated variables never reappear as memory, noise, or closure error in projected dynamics, even when lumpability fails.",
FDS-P4-006,Externalization Restores Inverse Information Only by Moving It,Externalization restores inverse information only by moving it to a side ledger.,Accounting-boundary bridge,Physical bridge,FDS-P4-001; external cost model,,FDS-P4,v1.0,2026-05-18,10.5281/zenodo.20265065,,,,"External logs restore exact recovery at no writing, retention, indexing, synchronization, retrieval, verification, or boundary-expansion cost.",
FDS-P4-007,Finite-Memory Exit Theorem,"Sustained truncation requires residual irrecoverability, side records, externalization, task relaxation, or failure.",Finite-memory exit theorem,Physical bridge,FDS-P4-001; FDS-P4-003,,FDS-P4,v1.0,2026-05-18,10.5281/zenodo.20265065,,,,A finite system repeatedly applies non-injective truncation to task-relevant distinctions while preserving exact recovery with no residual uncertainty and no extra ledger.,
FDS-P7-001,Invariant Side-Ledgers Suppress Residual Uncertainty,Invariant side-ledgers can suppress P4 residual inverse uncertainty.,Formal FDS bridge,Physical bridge,FDS-P4-001; invariant quotient map,,FDS-P7,v1.0,2026-05-18,10.5281/zenodo.20265386,,,,"A task variable factors through an accessible invariant, but H(V|Z,Q_inv) remains high under the stated assumptions.",
FDS-P7-002,Noisy Invariant Recovery Bound,Noisy invariant readout gives a bounded recovery penalty.,Information bound,Physical bridge,FDS-P7-001; Fano-style bound,,FDS-P7,v1.0,2026-05-18,10.5281/zenodo.20265386,,,,A noisy invariant readout with error probability δ exceeds the Fano-style bound without hidden information or changed task labels.,
FDS-P7-003,Local Perturbations Cannot Change Protected Invariant,Local perturbations cannot change a protected invariant without a protection-breaking event.,Topological bridge,Physical bridge,FDS-P7-001; local perturbation family; protection margin,,FDS-P7,v1.0,2026-05-18,10.5281/zenodo.20265386,,,,"A local perturbation changes the invariant while the protection gap, locality assumptions, and accounting boundary remain intact.",
FDS-P7-004,NHSE as Model Class,NHSE supplies a model class for invariant-supported persistence.,Physical bridge,Physical bridge,FDS-P7-003; point-gap winding; GBZ structure,,FDS-P7,v1.0,2026-05-18,10.5281/zenodo.20265386,,,,"NHSE is present, but it carries no stable recoverable distinction, no boundary-sensitive protection, and no robustness to local perturbation in the registered model class.",
FDS-P7-005,Protection Relocates Entropy/Resource Accounting,Protection relocates entropy/resource accounting rather than deleting it.,O3-compatible accounting claim,Physical bridge,FDS-P7-001; O3 ledger principle,,FDS-P7,v1.0,2026-05-18,10.5281/zenodo.20265386,,,,"A protected invariant supplies indefinite maintenance with no drive, boundary, refresh, dissipation, verification, control, or external ledger.",
FDS-P7-006,Dual-Channel Signature,Protected phases can generate a dual forgetting/ledger signature.,Experimental bridge,Physical bridge,FDS-P7-004; FDS-P7-005; operational forgetting rate,,FDS-P7,v1.0,2026-05-18,10.5281/zenodo.20265386,,,,Confirmed protection-breaking transition with no feature in operational forgetting and no corresponding resource/entropy signature under a well-powered registered protocol.,
FDS-P6-001,Boundary Maintenance Requires Finite Update Throughput,Boundary maintenance requires finite update throughput.,Formal FDS claim,Physical bridge,FDS-CORE-003; FDS-CORE-005,,FDS-P6,v1.0,2026-05-18,10.5281/zenodo.20269733,,,,"A time-varying boundary is maintained without updating, verifying, storing, externalizing, protecting, or acting on any task-relevant distinction.",
FDS-P6-002,Speed and Precision Jointly Increase Maintenance Burden,Speed and precision jointly increase maintenance burden.,Operational bridge,Physical bridge,FDS-P6-001; rate-distortion demand,,FDS-P6,v1.0,2026-05-18,10.5281/zenodo.20269733,,,,"Faster and more precise maintenance is sustained indefinitely at fixed representation and fixed resource input, with no extra dissipation, error, latency, externalization, invariant compression, or failure.",
FDS-P6-003,Sustainable Internal Rate Is Bottlenecked,"The sustainable internal rate is bottlenecked by sensing, updating, verification, correction, action, and resources.",Bottleneck definition,Physical bridge,FDS-P6-001; FDS-P6-002,,FDS-P6,v1.0,2026-05-18,10.5281/zenodo.20269733,,,,"A system exceeds its slowest internal channel indefinitely without queueing, latency, loss, externalization, or resource expansion.",
FDS-P6-004,Correction and Verification Belong in the Resource Ledger,Correction and verification belong in the resource ledger.,O3-compatible physical bridge,Physical bridge,FDS-P6-001; FDS-P6-003; O3 ledger principle,,FDS-P6,v1.0,2026-05-18,10.5281/zenodo.20269733,,,,"Physical correction, refresh, verification, synchronization, overwrite, and recovery are cost-free under the stated implementation assumptions.",
FDS-P6-005,Effective Causal Update Bandwidth Limits Real-Time Maintenance,Effective causal update bandwidth limits real-time maintenance.,Physical/engineering bridge,Physical bridge,FDS-P6-001; finite causal reach,,FDS-P6,v1.0,2026-05-18,10.5281/zenodo.20269733,,,,"A finite observer integrates arbitrarily distant boundary-relevant information within a finite update window with no latency, no prediction burden, and no effective signal-speed limit.",
FDS-P6-006,"Externalization and Invariant Compression Are Relief Channels, Not Free Exits","Externalization and invariant compression are relief channels, not free exits.",P4/P7-compatible bridge,Physical bridge,FDS-P6-001; P4 side-record criterion; P7 invariant quotient,,FDS-P6,v1.0,2026-05-18,10.5281/zenodo.20269733,,,,"External ledgers or invariant quotients reduce internal demand with no write, synchronization, verification, protection, latency, or boundary-accounting cost.",
FDS-P6-007,Throughput Deficit Exit Theorem,"If rate-distortion demand exceeds sustainable internal throughput, the system must enter at least one exit channel: higher resource/dissipation cost, increased error, latency growth, task relaxation, externalization, invariant compression, resource expansion, or boundary-maintenance failure.",Formal exit theorem,Physical bridge,FDS-P6-001-006,,FDS-P6,v1.0,2026-05-18,10.5281/zenodo.20269733,,,,"Demand exceeds sustainable throughput with no exit channel and no boundary failure, given a valid implementation mapping.",
FDS-X1-001,Horizon as Boundary,Cosmological horizons act as finite distinguishability boundaries for observers.,Frontier Physical Consequences (P3),High-Risk,FDS-T1-001; FDS-T1-002,Not deriving GR or quantum gravity.,FDS-X1,planned,,,,,,Horizon with no distinguishability constraint.,FDS-X1-002
FDS-X1-002,Horizon-Maintenance Scale,"Horizon-maintenance cost has scale rho ~ H^2 M_Pl^2, consistent with dark energy.",Frontier Physical Consequences (P3) — strong candidate (DE-1 B+/A−),High-Risk,FDS-X1-001,Not deriving exact Lambda value.,FDS-X1,planned,,,,,,Dark energy unrelated to horizon-scale physics.,FDS-X1-003
FDS-X1-003,Non-Phantom Dark Energy,Equation of state tends toward w=-1 from above (non-phantom) with possible mild evolution.,"Frontier Physical Consequences (P3) — candidate (DE-3 B−/C+, pending data closure)",High-Risk,FDS-X1-002,Not predicting exact w(z).,FDS-X1,planned,,,,,,Phantom detection (w<-1) at any redshift.,FDS-X1-004
FDS-X1-004,Falsification Contract,X1 claims have explicit falsification conditions stated in advance.,Governance,High-Risk,FDS-X1-001; FDS-X1-002; FDS-X1-003,Not affecting upstream claims.,FDS-X1,planned,,,,,,,
FDS-LC0-001,Registry Structure,"FDS-LC0 registers life/cognitive bridge claims with dependencies, risks, and failure conditions.",Registry governance,Registry,LC0 document,,FDS-LC0,v1.0,2026-05-14,10.5281/zenodo.20183373,,,,,FDS-LC0-002
FDS-LC0-002,Downstream Failure Rule,Failure of life/cognitive bridge does not propagate to upstream physical bridges or core.,Registry governance,Registry,LC0 registry structure,,FDS-LC0,v1.0,2026-05-14,10.5281/zenodo.20183373,,,,,
FDS-A1-001,AI Agency Criterion,An artificial agent is an active finite distinction system maintaining boundary through durable updates.,Conceptual criterion,Frozen,FDS-CORE-002; FDS-CORE-003; FDS-CORE-004; FDS-CORE-005,Not claiming specific architectures are/aren't agents.,FDS-A1,v1.0,2026-05-12,10.5281/zenodo.20184709,,,,A non-FDS system meeting all criteria or an FDS system clearly not agentic.,
FDS-A1-002,AI Line Frozen,Public programme retains FDS-A1 as conceptual timestamp; no proprietary AI development in repo.,Governance,Frozen,,,CONFLICTS_OF_INTEREST,,2026-05-16,,,,,,
FDS-P3-001,Environmental Side Records Have Finite Accessible Recovery Capacity,Environmental side records have finite accessible recovery capacity.,Operational FDS bridge,Physical bridge,FDS-CORE-003; FDS-CORE-005,,FDS-P3,v1.0,2026-05-18,10.5281/zenodo.20272541,,,,"A finite system recovers unbounded inverse information from the environment through a finite observation channel with no latency, cost, degradation, or boundary expansion.",
FDS-P3-002,Markovianization Is an Effective Forgetting Condition,Markovianization is an effective forgetting condition.,Model-class bridge,Physical bridge,FDS-P3-001; lumpability condition,,FDS-P3,v1.0,2026-05-18,10.5281/zenodo.20272541,,,,A projected process is treated as Markovian while accessible history measurably improves prediction or boundary maintenance under the same variables and accounting boundary.,
FDS-P3-003,Memory Kernels Measure Unresolved Environmental Memory,Memory kernels measure unresolved environmental memory.,Projection-form bridge,Physical bridge,FDS-P3-001; projection operator methods,,FDS-P3,v1.0,2026-05-18,10.5281/zenodo.20272541,,,,"Eliminated variables never reappear as memory, noise, or closure error in projected dynamics despite coupling and non-lumpable projection.",
FDS-P3-004,"Finite Baths Can Remember, Forget, and Recur","Finite baths can remember temporarily, forget operationally, and recur.",Physical/model-class caveat,Physical bridge,FDS-P3-001; finite bath capacity,,FDS-P3,v1.0,2026-05-18,10.5281/zenodo.20272541,,,,A finite bath is always exactly Markovian and never returns correlations under any admissible finite-bath model.,
FDS-P3-005,Environmental Forgetting Complements P4 Internal Truncation,Environmental forgetting complements P4 internal truncation.,FDS bridge,Physical bridge,FDS-P3-001; FDS-P4-001,,FDS-P3,v1.0,2026-05-18,10.5281/zenodo.20272541,,,,"Internal preimages are lost, yet environmental side records remain fully accessible indefinitely with bounded cost and no accounting-boundary change.",
FDS-P3-006,Bath Saturation Forces Collisions or Loss of Recoverability,"Bath saturation forces collisions, compression, externalization, verification cost, or loss of recoverability.",Finite-record theorem,Physical bridge,FDS-P3-001; bath record capacity,,FDS-P3,v1.0,2026-05-18,10.5281/zenodo.20272541,,,,"A finite accessible bath stores more distinguishable side records than its operational capacity without collision, compression, indexing, erasure, or hidden expansion.",
FDS-0,Active finite systems maintain boundaries under finite capac...,Active finite systems maintain boundaries under finite capacity.,Core,Core,Formal definitions,,FDS,v1.0,2026-05-12,,,,,Mathematical counterexample under stated hypotheses.,
FDS-B,Active boundary maintenance distinguishes active finite syst...,Active boundary maintenance distinguishes active finite systems from passive mappings.,Core,Core,Boundary variable + update participation,,FDS,v1.0,2026-05-12,,,,,Boundary update ablation has no effect on future maintenance loss.,
CC-1,Capacity deficit arises under finite representation and inco...,Capacity deficit arises under finite representation and incompressible task demand.,Core,Core,Finite capacity + task demand,,CC,v1.0,2026-05-18,,,,,Finite system maintains lossless model of incompressible environment under bounded capacity.,
CC-2,Capacity deficit forces approximation under bounded represen...,Capacity deficit forces approximation under bounded representation.,Core,Core,Finite capacity + nontrivial task demand,,CC,v1.0,2026-05-18,,,,,"Bounded systems maintain exact task-relevant representation without compression, omission, or distortion.",
CC-3,Approximation generates residual error requiring correction ...,Approximation generates residual error requiring correction or tolerance.,Core,Core,Approximation + task loss,,CC,v1.0,2026-05-18,,,,,Approximation produces no residual burden under nontrivial task constraints.,
CC-5,"Persistent capacity deficit drives pruning, externalization,...","Persistent capacity deficit drives pruning, externalization, task relaxation, or collapse.",Core,Core,Capacity deficit + finite resources,,CC,v1.0,2026-05-18,,,,,Persistent deficit produces none of the predicted response modes.,
CC-6,Long-term persistence is favored by invariant-supported stru...,Long-term persistence is favored by invariant-supported structure.,Core,Core,Perturbation family + identity predicate,,CC,v1.0,2026-05-18,,,,,Structures persist without invariant support under sustained perturbation.,
PB-FD,Physically instantiated identity maintenance requires finite...,Physically instantiated identity maintenance requires finite distinguishability budgets.,Bridge,Bridge,Finite physical resources / bounded records,,PB,v1.0,2026-05-18,,,,,A physical system maintains unlimited usable distinguishability within finite resources.,
PB-L,Logically irreversible updates incur a thermodynamic cost un...,Logically irreversible updates incur a thermodynamic cost under Landauer bridge assumptions.,Bridge,Bridge,Standard Landauer conditions,,PB,v1.0,2026-05-18,,,,,Reliable irreversible erasure below the thermodynamic floor under stated conditions.,
O1,An observer can be characterized as a finite distinction reg...,An observer can be characterized as a finite distinction register.,Bridge,Bridge,Finite record capacity,,O1,v1.0,2026-05-18,,,,,Measurement records require no finite registration or boundary-stabilized state.,
O2,Time can be characterized as irreversible distinction update...,Time can be characterized as irreversible distinction update.,Bridge,Bridge,Truncation + irreversible update,,O2,v1.0,2026-05-18,,,,,Finite record-updates are fully invertible under bounded memory in physical implementation.,
O3,Finite-memory operational Second-Law channel for boundary-ma...,Finite-memory operational Second-Law channel for boundary-maintaining active finite systems.,Bridge,Bridge,Finite memory + irreversible record reuse + accounting boundary,,O3,v1.0,2026-05-18,,,,,Sustained residual record turnover at fixed tolerance with no ledger cost and no exit channel under physical bridge assumptions.,
FDS-O3-001,Finite memory creates record-reuse pressure under sustained ...,"Finite memory creates record-reuse pressure under sustained update unless history is externalized, compressed, uncomputed, abandoned, or resources expand.",Bridge,Bridge,Finite memory capacity; O2 register time,,FDS,v1.0,2026-05-12,,,,,"Bounded-memory system maintains unbounded usable history internally without reuse, external memory, compression, or failure.",
FDS-O3-002,Non-injective record reuse creates residual irreversibility ...,Non-injective record reuse creates residual irreversibility relative to an accounting boundary.,Bridge,Bridge,O3-001; O1 finite record formation,,FDS,v1.0,2026-05-12,,,,,Many-to-one update preserves full preimage information without side records or enlarged boundary.,
FDS-O3-003,Physical irreversible record reuse enters an entropy/resourc...,Physical irreversible record reuse enters an entropy/resource ledger under bridge assumptions.,Bridge,Bridge,O3-002; P1 Landauer bridge,,FDS,v1.0,2026-05-12,,,,,Reliable physical erasure or overwrite violates Landauer-style accounting under stated assumptions.,
FDS-O3-004,Stable finite records require housekeeping beyond logical er...,Stable finite records require housekeeping beyond logical erasure.,Bridge,Bridge,O3-003; P2 garbage entropy rate,,FDS,v1.0,2026-05-12,,,,,"Refresh, retention, clocking, synchronization, carrier repair, and verification cost-free in every implementation.",
FDS-O3-005,Externalization shifts the operational Second-Law channel ac...,Externalization shifts the operational Second-Law channel across accounting boundaries.,Bridge,Bridge,O3-003; P1 accounting boundary,,FDS,v1.0,2026-05-12,,,,,"External records impose no write, verification, retrieval, latency, maintenance, or environmental cost.",
FDS-O3-006,Pruning and invariant compression can reduce future entropy ...,Pruning and invariant compression can reduce future entropy pressure when task identity is preserved.,Bridge,Bridge,O3-004; T3 Phase-B invariants,,FDS,v1.0,2026-05-12,,,,,"No task-preserving quotient, pruning, or compression ever reduces future record-maintenance cost.",
FDS-O3-007,"Sustained residual record turnover, fixed boundary tolerance...","Sustained residual record turnover, fixed boundary tolerance, and zero coupled entropy/resource cost cannot persist indefinitely.",Bridge,Bridge,O3-001--006,,FDS,v1.0,2026-05-12,,,,,Finite active-boundary system maintains sustained residual turnover at fixed tolerance with no ledger cost and no exit channel.,
FDS-O3-008,Topological or invariant persistence redirects entropy accou...,Topological or invariant persistence redirects entropy accounting rather than violating the Second Law.,Bridge,Bridge,O3-003; Core invariant-supported persistence,,FDS,v1.0,2026-05-12,,,,,Protected invariant supplies perpetual work or global entropy-law violation rather than bounded persistence or entropy relocation.,
A1,Passive mappers do not qualify as strong FDS-agents.,Passive mappers do not qualify as strong FDS-agents.,Operational,Operational,"Boundary, update, resource, and persistence criteria",,A1,v1.0,2026-05-18,,,,,Update ablation does not affect future boundary-maintenance loss.,
FDS-A1-D,Strong FDS-agency requires resource-governed persistence.,Strong FDS-agency requires resource-governed persistence.,Operational,Operational,FDS tuple + persistence test,,FDS,v1.0,2026-05-12,,,,,System satisfies task output competence without durable update or boundary maintenance.,
FDS-A1-C,FDS-agency requires action-to-future-state causal influence.,FDS-agency requires action-to-future-state causal influence.,Operational,Operational,Intervention / transfer influence test,,FDS,v1.0,2026-05-12,,,,,Actions have no measurable influence on future boundary-relevant states.,
FDS-A1-E,Capacity-deficit estimation is required to distinguish scali...,Capacity-deficit estimation is required to distinguish scaling from agency.,Operational,Operational,Task demand + system capacity estimate,,FDS,v1.0,2026-05-12,,,,,Systems qualify as agents without measurable boundary-relevant capacity pressure.,
B1,Boundary-maintaining artificial agents can be benchmarked by...,"Boundary-maintaining artificial agents can be benchmarked by ablation, deficit, pruning, externalization, and persistence metrics.",Operational,Operational,Benchmark protocol,,B1,v1.0,2026-05-18,,,,,Metrics fail to distinguish passive mappers from active boundary-maintaining systems.,
N1,Self-organization as boundary maintenance under finite capac...,Self-organization as boundary maintenance under finite capacity.,Domain Bridge,Domain Bridge,FDS core definitions; finite capacity; budget exits,,N1,v1.0,2026-05-18,,,,,Freezing internal update has no effect on future boundary loss.,
FDS-N1-001,Active self-organization requires boundary-maintenance-relev...,Active self-organization requires boundary-maintenance-relevant internal update.,Domain Bridge,Domain Bridge,Active boundary criterion; finite capacity,,FDS,v1.0,2026-05-12,,,,,System classified active even when update ablation has no effect on future boundary loss.,
FDS-N1-002,Effective organizational capacity is task-relative and reduc...,"Effective organizational capacity is task-relative and reduced by coordination, verification, latency, resource, and externalization costs.",Domain Bridge,Domain Bridge,Finite capacity; bottleneck logic,,FDS,v1.0,2026-05-12,,,,,Boundary tasks maintained at full fidelity when all capacity factors fall below demand.,
FDS-N1-003,"Capacity deficit creates maintenance-load pressure, not nece...","Capacity deficit creates maintenance-load pressure, not necessarily raw complexity growth alone.",Domain Bridge,Domain Bridge,Capacity deficit; maintenance load equation,,FDS,v1.0,2026-05-12,,,,,Increasing task demand never increases maintained load in any implementation.,
FDS-N1-004,Unbounded Phase-A growth is impossible under finite resource...,Unbounded Phase-A growth is impossible under finite resource input without exit channels.,Domain Bridge,Domain Bridge,Finite resource envelope; exit channel taxonomy,,FDS,v1.0,2026-05-12,,,,,Active finite systems grow maintained load forever under finite resources with no exit.,
FDS-N1-005,Pruning has a viability window and is resource-gated.,Pruning has a viability window and is resource-gated.,Domain Bridge,Domain Bridge,Resource-gated pruning equation,,FDS,v1.0,2026-05-12,,,,,Pruning strength has no systematic effect on overload or persistence across controlled cases.,
FDS-N1-006,Externalization shifts rather than removes boundary-maintena...,"Externalization shifts rather than removes boundary-maintenance burden, and can clog the environment.",Domain Bridge,Domain Bridge,Accounting boundary; externalization ROI equation,,FDS,v1.0,2026-05-12,,,,,"External records impose no storage, verification, retrieval, or repair burden in any implementation.",
FDS-N1-007,Phase-C catastrophic feedback couples boundary loss with res...,Phase-C catastrophic feedback couples boundary loss with resource depletion.,Domain Bridge,Domain Bridge,Resource and loss dynamics; positive loop gain,,FDS,v1.0,2026-05-12,,,,,Resource depletion and boundary loss never couple positively in collapse-prone systems.,
FDS-N1-008,"Phase-B residues are biased toward low-maintenance, task-rel...","Phase-B residues are biased toward low-maintenance, task-relevant invariants.",Domain Bridge,Domain Bridge,T3 Phase-B invariants; survival score function,,FDS,v1.0,2026-05-12,,,,,Residues after overload show no bias toward reduced maintenance cost or task relevance.,
S1,Organizations and civilizations can be modeled as active fin...,Organizations and civilizations can be modeled as active finite distinction systems.,Domain Bridge,Domain Bridge,Institutional boundary + memory + resource budget,,S1,v1.0,2026-05-18,,,,,"Persistent institutions avoid collapse under unlimited complexity growth without pruning, externalization, or reform.",
P3,Environmental forgetting: finite baths have limited accessib...,Environmental forgetting: finite baths have limited accessible recovery capacity.,Physical bridge,Physical bridge,FDS core finite capacity; P4 preimage loss,,P3,v1.0,2026-05-18,,,,,Finite accessible environment preserves unbounded side records indefinitely with no cost or degradation.,
X1,High-risk bridge hypothesis: horizon-maintenance dark energy...,High-risk bridge hypothesis: horizon-maintenance dark energy under finite distinguishability budgets.,High-Risk,High-Risk,Cosmological bridge assumptions,,X1,v1.0,2026-05-18,,,,,Observations force exact Lambda behavior beyond stated tolerance.,
P5,Deficit-driven entropy-production ledger for active finite s...,Deficit-driven entropy-production ledger for active finite systems.,Bridge,Bridge,FDS core definitions; Landauer bridge; accounting boundary,,P5,v1.0,2026-05-18,,,,,Sustained positive deficit shows zero measurable physical cost under controlled conditions.,
FDS-P5-001,"Capacity deficit is task-relative information shortfall, not...","Capacity deficit is task-relative information shortfall, not thermodynamic entropy.",Bridge,Bridge,Rate-distortion demand; effective capacity,,FDS,v1.0,2026-05-12,,,,,Not empirical (boundary statement separating formal from physical).,
FDS-P5-002,Sustained deficit plus boundary maintenance requires correct...,"Sustained deficit plus boundary maintenance requires correction, externalization, or failure.",Bridge,Bridge,Budget exits; deficit definition,,FDS,v1.0,2026-05-12,,,,,Finite system maintains task at fixed tolerance despite deficit and no correction or exit.,
FDS-P5-003,Physical correction cycles induce audit channels through upd...,"Physical correction cycles induce audit channels through update, refresh, repair, synchronization, externalization, and transport.",Bridge,Bridge,Carrier criterion; accounting boundary,,FDS,v1.0,2026-05-12,,,,,"Sustained correction, refresh, repair, and sync at zero entropy or resource cost.",
FDS-P5-004,Logical erasure contributes a Landauer-style entropy-product...,Logical erasure contributes a Landauer-style entropy-production floor under bridge assumptions.,Bridge,Bridge,Landauer bridge; correction channels,,FDS,v1.0,2026-05-12,,,,,Logically irreversible erature violates Landauer lower bound under stated assumptions.,
FDS-P5-005,Housekeeping entropy persists even when logical erasure is z...,Housekeeping entropy persists even when logical erasure is zero.,Bridge,Bridge,Reversible embedding; carrier maintenance,,FDS,v1.0,2026-05-12,,,,,"Boundary maintenance, refresh, clocking, sensing, and repair cost-free when erasure is zero.",
FDS-P5-006,Externalization shifts rather than removes the entropy ledge...,Externalization shifts rather than removes the entropy ledger.,Bridge,Bridge,Accounting boundary; externalization audit,,FDS,v1.0,2026-05-12,,,,,"External records impose no write, verification, retrieval, sync, or maintenance cost.",
FDS-P5-007,Pruning and invariant compression can reduce future entropy-...,Pruning and invariant compression can reduce future entropy-production pressure.,Bridge,Bridge,T3 Phase-B invariants; pruning ROI model,,FDS,v1.0,2026-05-12,,,,,"No task-preserving simplification ever reduces refresh, repair, or verification cost.",
FDS-P5-008,"Deficit crossing predicts measurable signatures in heat, res...","Deficit crossing predicts measurable signatures in heat, resource use, latency, resets, or error floor.",Bridge,Bridge,Deficit-crossing protocol; ledger decomposition,,FDS,v1.0,2026-05-12,,,,,Positive deficit sustained with no measurable change in any physical or task channel.,
P4,Coarse-grained anti-recurrence: capacity recovery is not dis...,Coarse-grained anti-recurrence: capacity recovery is not distinction recovery.,Physical bridge,Physical bridge,FDS core finite capacity; FDS finite projection,,P4,v1.0,2026-05-18,,,,,Exact preimage recovery from truncated record alone without side records or hidden inverse information.,
P7,Topological obstruction: some task distinctions are protecte...,Topological obstruction: some task distinctions are protected against local forgetting by invariant structure.,Physical bridge,Physical bridge,P4-001; invariant quotient map; NHSE model class,,P7,v1.0,2026-05-18,,,,,"Invariant fails to suppress residual uncertainty, or local perturbation erases protected sector without protection-breaking event.",
P6,Speed-precision-dissipation bounds: boundary maintenance req...,Speed-precision-dissipation bounds: boundary maintenance requires finite update throughput.,Physical bridge,Physical bridge,FDS core finite capacity; P4 anti-recurrence; P7 invariant quotient,,P6,v1.0,2026-05-18,,,,,Finite system maintains arbitrarily fast and precise boundary tasks at fixed capacity and fixed resource with no extra cost.,
FDS-X2-001,CKM CP-Phase Lower Bound,"For a CKM-type N×N unitary charged-current mixing matrix, an irreducible physical complex phase exists if and only if N≥3.",Frontier Physical Consequences (P3),High-risk physical bridge,FDS core finite capacity; Kobayashi-Maskawa 1973,,FDS-X2,v1.0,2026-05-18,10.5281/zenodo.20289955,,,,A CKM-like two-generation weak sector is shown to possess a physical irreducible CP phase.,
FDS-X2-002,Weak-Sector CP/T Orientation Bridge,Weak-sector identity transformation requires a rephasing-invariant CP/T orientation.,Frontier Physical Consequences (P3),High-risk physical bridge,FDS-X2-001; CPT theorem,,FDS-X2,v1.0,2026-05-18,10.5281/zenodo.20289955,,,,"A complete physical account of the audited microscopic weak identity-changing channel with no CP/T orientation, no compensating asymmetry, and no hidden orientation variable.",
FDS-X2-003,Weak Charged Current as Identity-Transformation Carrier,The weak charged current is the Standard Model identity-transformation carrier.,Frontier Physical Consequences (P3),High-risk physical bridge,FDS-X2-002; Standard Model flavor physics,,FDS-X2,v1.0,2026-05-18,10.5281/zenodo.20289955,,,,Identity-changing weak-sector operations are realized by a different physical carrier outside the CKM charged current.,
FDS-X2-004,NCKM≥3 Conditional Theorem,NCKM≥3 follows from the X2 chain: weak identity update → T/CP orientation → irreducible CKM phase → NCKM≥3.,Frontier Physical Consequences (P3),High-risk physical bridge,FDS-X2-001; FDS-X2-002; FDS-X2-003,,FDS-X2,v1.0,2026-05-18,10.5281/zenodo.20289955,,,,"Failure of any premise: the CP/T-orientation bridge, CPT assumptions, the weak-carrier mapping, or CKM phase counting.",
FDS-X2-005,Exactly Three Generations as Minimality Bridge,Exactly three sequential chiral generations follow from minimality.,Frontier Physical Consequences (P3),High-risk physical bridge,FDS-X2-004; flavor-cost functional,,FDS-X2,v1.0,2026-05-18,10.5281/zenodo.20289955,,,,"Discovery of a fourth sequential chiral generation with Standard Model gauge charges and weak charged-current participation, or a successful N>3 flavor architecture that reduces the relevant cost functional.",
FDS-X2-006,Nonzero Leptonic Dirac CP Phase,"If the lepton sector participates in the same CP/T-oriented identity-transformation requirement, and if the relevant observable channel is the Dirac PMNS phase, then X2 motivates a nonzero leptonic Dirac CP phase.",Frontier Physical Consequences (P3),High-risk physical bridge,FDS-X2-002; PMNS phenomenology,,FDS-X2,v1.0,2026-05-18,10.5281/zenodo.20289955,,,,High-precision oscillation data establish δ_CP=0 or π under assumptions requiring leptonic CP/T-oriented identity transformation.,
FDS-X3-001,Token Stabilization Requirement,Finite distinction systems require token stabilization.,Frontier Physical Consequences (P3),High-risk physical bridge,FDS core; distinction persistence requirement,,FDS-X3,v1.0,2026-05-18,10.5281/zenodo.20274519,,,,"Stable material tokens exist with no encapsulation, binding, exclusion, protection, or stabilization mechanism.",
FDS-X3-002,Strong Interaction as Encapsulation,The strong interaction realizes hadronic/baryonic encapsulation.,Frontier Physical Consequences (P3),High-risk physical bridge,FDS-X3-001; QCD,,FDS-X3,v1.0,2026-05-18,10.5281/zenodo.20274519,,,,Hadronic stability is explained while confinement and color-neutral binding play no token-stabilizing role.,
FDS-X3-003,Remote Detectability Requirement,Finite distinction systems require remote detectability and compositional connection.,Frontier Physical Consequences (P3),High-risk physical bridge,FDS core; FDS-X3-001,,FDS-X3,v1.0,2026-05-18,10.5281/zenodo.20274519,,,,Complex persistent structures form without any long-range or mediating interaction enabling detectable coupling.,
FDS-X3-004,Electromagnetism as Connection,Electromagnetism realizes connection and communication among charged sectors.,Frontier Physical Consequences (P3),High-risk physical bridge,FDS-X3-003; QED,,FDS-X3,v1.0,2026-05-18,10.5281/zenodo.20274519,,,,"Electromagnetism is shown not to underwrite chemistry, radiation, sensing, or long-range charged communication.",
FDS-X3-005,Identity Transformation Requirement,Finite distinction systems require identity transformation and selective update.,Frontier Physical Consequences (P3),High-risk physical bridge,FDS core; FDS-X3-001; FDS-X3-003,,FDS-X3,v1.0,2026-05-18,10.5281/zenodo.20274519,,,,"Physical identity sectors never require conversion, decay, pruning, or irreversible update.",
FDS-X3-006,Weak Interaction as Identity Transformation,"The weak interaction realizes identity transformation, flavor change, and unstable-state pruning.",Frontier Physical Consequences (P3),High-risk physical bridge,FDS-X3-005; electroweak theory; FDS-X2,,FDS-X3,v1.0,2026-05-18,10.5281/zenodo.20274519,,,,"Flavor change, beta decay, and weak identity transformation are realized by another carrier.",
FDS-X3-007,Gravity as Global Boundary Accounting,Gravity realizes global boundary / causal geometry / stress-energy accounting.,Frontier Physical Consequences (P3),High-risk physical bridge,FDS-X3-001; general relativity,,FDS-X3,v1.0,2026-05-18,10.5281/zenodo.20274519,,,,"Gravity is shown to be unrelated to geometry, causal structure, horizons, stress-energy accounting, or global boundary constraints.",
FDS-X3-008,Minimal Distinction-Operation Closure,The four interactions form a minimal distinction-operation closure.,Frontier Physical Consequences (P3),High-risk physical bridge,FDS-X3-001–007,,FDS-X3,v1.0,2026-05-18,10.5281/zenodo.20274519,,,,"A fundamental interaction implements a genuinely independent operation class not reducible to encapsulation, connection, identity transformation, or global boundary accounting.",
FDS-X4-001,Nilpotent Fermionic Algebra,"Fermionic creation operators obey nilpotency $(a_i^\dagger)^2=0$, enforcing single-occupancy fermionic mode addresses.",Standard quantum algebra,Core / standard physics,FDS core; canonical anticommutation relations,,FDS-X4,v1.1,2026-05-19,10.5281/zenodo.20278029,,,,Identical Standard Model fermions are observed occupying the same complete quantum state.,
FDS-X4-002,Pauli Exclusion as Address Protection,Pauli exclusion protects single-fermion mode-address occupancy: a second identical fermionic occupancy event cannot be written into an already occupied address.,FDS interpretation,Physical bridge,FDS-X4-001,,FDS-X4,v1.1,2026-05-19,10.5281/zenodo.20278029,,,,Fermionic matter remains address-stable and structurally diverse without any single-address occupancy protection.,
FDS-X4-003,Exclusion Forces Structural Diversity,Pauli exclusion forces structural diversity in fermionic matter by distributing occupancy events across distinct addresses.,Physical / operational,Physical bridge,FDS-X4-002,,FDS-X4,v1.1,2026-05-19,10.5281/zenodo.20278029,,,,"Electrons can all occupy the same atomic state while shell structure, valence, chemistry, and matter stability remain unchanged.",
FDS-X4-004,Matter Stability from Antisymmetry,"Stability of bulk ordinary matter depends on fermionic antisymmetry, as established by Dyson-Lenard and Lieb-Thirring bounds.",Standard mathematical physics,Core / standard physics,FDS-X4-003; Dyson-Lenard; Lieb-Thirring,,FDS-X4,v1.1,2026-05-19,10.5281/zenodo.20278029,,,,Stability of bulk ordinary matter is proven and observed without exclusion-like fermionic antisymmetry or an equivalent mechanism.,
FDS-X4-005,Bosons Are Not a Violation,"Bosonic multiple occupation is not an X4 violation because bosonic mode occupation increases field amplitude, not independently address-protected fermionic occupancy events.",Conceptual caveat,Physical bridge,FDS-X4-001; Bose-Einstein condensation,,FDS-X4,v1.1,2026-05-19,10.5281/zenodo.20278029,,,,Bosonic mode occupation is shown to create multiple independently address-protected fermionic occupancy events at the same address.,
FDS-X4-006,Minimal Address-Protection Rule,"The Pauli rule $n_i\in\{0,1\}$ is the minimal address-protection rule among finite occupancy cutoffs for identical fermionic matter in ordinary $3+1$-dimensional relativistic QFT.",Minimality bridge,High-risk,FDS-X4-002; generalized statistics,,FDS-X4,v1.1,2026-05-19,10.5281/zenodo.20278029,,,,"Ordinary $3+1$-dimensional Standard Model fermions obey generalized finite occupancy $p>1$, or a lower-overhead alternative to nilpotent fermionic algebra is physically realized.",
FDS-X4-007,Degeneracy Pressure as Address Protection,Fermionic degeneracy pressure is the macroscopic expression of finite address protection.,Physical bridge,Physical bridge,FDS-X4-002; Chandrasekhar; TOV,,FDS-X4,v1.1,2026-05-19,10.5281/zenodo.20278029,,,,White-dwarf or neutron-star support occurs without fermionic degeneracy pressure or an equivalent exclusion-like pressure contribution.,
FDS-X4-008,Address Scarcity from Causal Reachability,"Address scarcity follows from the finite causal reachability boundary: within a finite causal horizon the number of distinguishable modes any system can resolve is bounded, making exclusive single-address occupancy the optimal strategy for maximizing structural diversity.",Physical bridge (P6 connection),Physical bridge,FDS-X4-002; FDS-P6,,FDS-X4,v1.1,2026-05-19,10.5281/zenodo.20278029,,,,Address scarcity exists and structural diversity is maintained without any finite causal horizon bound on distinguishable modes.,
FDS-X5-001,Finite Systems Cannot Represent All Detail,"Finite systems cannot internally represent all microstate detail. Exceeding finite capacity forces compression, approximation, externalization, or task relaxation.",Formal FDS core,Core / formal,FDS core; finite capacity theorem,,FDS-X5,v1.2,2026-05-19,10.5281/zenodo.20278236,,,,"A finite system internally represents unbounded environmental distinctions with no compression, externalization, task relaxation, or hidden capacity.",
FDS-X5-002,Stable Law-Like Regularities Require Invariant Compression,"Stable law-like regularities require invariant-form compression: a portable relation must factor through a strict-invariant, equivariant, or covariant sector.",FDS structural claim,Physical bridge,FDS-X5-001,,FDS-X5,v1.2,2026-05-19,10.5281/zenodo.20278236,,,,"Portable physical regularities persist with no invariant, equivariant/covariant form, symmetry, quotient, stable statistic, or compressed relation.",
FDS-X5-003,Equations Are Compressed Invariant Relations,"Mathematical equations are compressed representations of invariant-form relations that remain valid across an equivalence class of states, frames, scales, gauges, or perturbations.",Interpretive bridge,Philosophical bridge,FDS-X5-002,,FDS-X5,v1.2,2026-05-19,10.5281/zenodo.20278236,,,,"Exact physical laws require no compression, no form stability, no stable relational structure, and no finite representational economy.",
FDS-X5-004,Symmetries Reduce Rule-Maintenance Cost,Symmetries and covariance structures reduce rule-maintenance cost by replacing many case-specific rules with one orbit-level or representation-level rule.,Physical / information bridge,Physical bridge,FDS-X5-002; group theory,,FDS-X5,v1.2,2026-05-19,10.5281/zenodo.20278236,,,,Asymmetric local rule tables are physically cheaper and more stable than invariant or equivariant compressed rules under the same task requirements.,
FDS-X5-005,Wigner Puzzle Reframed,Wigner's puzzle is reframed by invariant-form compression: mathematics is effective because the portable part of physics is the part compressible into invariant-form structures.,Philosophical bridge,Philosophical bridge,FDS-X5-002; FDS-X5-003,,FDS-X5,v1.2,2026-05-19,10.5281/zenodo.20278236,,,,"Mathematics remains effective for law-like physics where no invariant/equivariant/covariant compression, symmetry, operator structure, quotient, or stable relation exists.",
FDS-X5-006,Constants as Model-Class Signatures,"Constants such as e, i, and related constants are model-class signatures that appear because of semigroup structure, coherent phase bookkeeping, geometry, or unit conventions, not numerological cosmic design.",Optional bridge,Philosophical bridge,FDS-X5-002; semigroup theory; quantum theory,,FDS-X5,v1.2,2026-05-19,10.5281/zenodo.20278236,,,,Their appearance is asserted as universal without model-class assumptions or is shown to be purely conventional in the relevant context.,
FDS-X5-007,Open Math Problems May Have Physical Analogues,"Some open mathematical problems (Riemann hypothesis, P vs NP, finite simple groups) may acquire physical analogues as spectra, partition functions, complexity gaps, or symmetry classifications.",Speculative appendix,Philosophical bridge,FDS-X5-002,,FDS-X5,v1.2,2026-05-19,10.5281/zenodo.20278236,,,,"Analogues are mistaken for derivations, predictions, or proofs.",
FDS-X5-008,RG Fixed Points as Invariant Compression,Renormalization-group fixed points are a model-class example of invariant-form compression: a relation whose form survives coarse-graining becomes law-like for finite observers.,Physical bridge,Physical bridge,FDS-X5-002; Wilson RG,,FDS-X5,v1.0,2026-05-19,10.5281/zenodo.20278236,,,,All physical law is shown to reduce strictly to RG fixed points; or no law-like relation survives coarse-graining through any RG-type transformation.,
FDS-T2-001,Bounded Distinguishability Budgets,Finite observers have bounded distinguishability budgets.,FDS / T1 bridge,Bridge,FDS-T1,,FDS-T2,v1.0,2026-05-19,10.5281/zenodo.20284911,,,,A finite physical observer reliably registers, preserves, and updates unlimited distinctions with finite resources.,
FDS-T2-002,Horizons as Causal-Access Boundaries,Horizons act as causal-access boundaries.,GR / QFTCS bridge,Bridge,General relativity,,FDS-T2,v1.0,2026-05-19,10.5281/zenodo.20284911,,,,Local causal horizons are irrelevant to observable access, entropy, or thermodynamic accounting.,
FDS-T2-003,Horizon Entropy as Area Accounting,Horizon entropy gives boundary area accounting.,Physical bridge,Physical bridge,Bekenstein-Hawking entropy,,FDS-T2,v1.0,2026-05-19,10.5281/zenodo.20284911,,,,Horizon entropy is shown not to scale with boundary area in the stated horizon class.,
FDS-T2-004,Clausius-Type Horizon Closure,"Clausius-type local horizon closure links heat flow and entropy variation.",Model-class bridge,Bridge,Jacobson 1995,,FDS-T2,v1.0,2026-05-19,10.5281/zenodo.20284911,,,,Local horizon thermodynamics fails as an effective equation-of-state model.,
FDS-T2-005,Effective Geometry as Boundary Accounting,"Effective geometry can be read as boundary thermodynamic accounting for finite observers.",Main T2 thesis,Physical bridge,FDS-T2-001; FDS-T2-002; FDS-T2-003; FDS-T2-004,,FDS-T2,v1.0,2026-05-19,10.5281/zenodo.20284911,,,,Geometry is shown to have no relation to causal access, horizon entropy, stress-energy flow, or boundary constraints.,
FDS-T2-006,Non-Equilibrium Residual Terms,Non-equilibrium horizon accounting may require residual terms.,Optional extension,Bridge,FDS-T2-005,,FDS-T2,v1.0,2026-05-19,10.5281/zenodo.20284911,,,,All non-equilibrium horizon settings obey pure equilibrium closure with no entropy production, memory, noise, or correction terms.,
FDS-Q1-001,Finite Distinction-Registers,Observers are finite distinction-registers.,O1 operational bridge,Bridge,FDS-O1,,FDS-Q1,v1.0,2026-05-19,10.5281/zenodo.20289215,,,,Registered observations require no finite carrier, boundary, readout, record stability, or update capacity.,
FDS-Q1-002,Facts Indexed by Record Boundaries,"Operationally assertable quantum facts are indexed by accessible record boundaries.",Q1 bridge,Physical bridge,FDS-Q1-001,,FDS-Q1,v1.0,2026-05-19,10.5281/zenodo.20289215,,,,Operational facts can be asserted by a finite observer without any stable accessible record or reproducible trace.,
FDS-Q1-003,Wigner-Friend as Boundary-Promotion Problem,Wigner-friend tension is a boundary-promotion problem.,Main Q1 thesis,Physical bridge,FDS-Q1-001; FDS-Q1-002,,FDS-Q1,v1.0,2026-05-19,10.5281/zenodo.20289215,,,,Contradictions persist after all accessible record boundaries, channels, and state-assignment domains are separated.,
FDS-Q1-004,Mutual Information Required for Promotion,"Friend-relative records require mutual information before promotion into Wigner's algebra.",Information-theoretic bridge,Physical bridge,FDS-Q1-003,,FDS-Q1,v1.0,2026-05-19,10.5281/zenodo.20289215,,,,A Wigner-accessible fact is obtained with vanishing cross-boundary mutual information and no physical record channel.,
FDS-Q1-005,Ignorance Is Not Coherence,Wigner's ignorance is not physical coherence.,Scope firewall,Bridge,FDS-Q1-001,,FDS-Q1,v1.0,2026-05-19,10.5281/zenodo.20289215,,,,The paper is interpreted as inferring coherent lab states from missing classical information alone.,
FDS-Q1-006,Objective Availability Requires Redundancy,"Objective availability requires redundancy, access, and record stability.",Testable bridge hypothesis,Physical bridge,FDS-Q1-003; quantum Darwinism,,FDS-Q1,v1.0,2026-05-19,10.5281/zenodo.20289215,,,,Observers converge on macroscopic records without redundancy, access, or stable records.,
FDS-Q1-007,Not a Born-Rule Derivation,Q1 does not derive Born probabilities.,Scope firewall,Bridge,FDS-Q1-001,,FDS-Q1,v1.0,2026-05-19,10.5281/zenodo.20289215,,,,The paper is interpreted as a probability or Born-rule derivation rather than a conditional record-availability theory.,
FDS-Q2-001,Logical Qubits as Protected Quantum Distinctions,Logical qubits are protected quantum distinctions.,FDS/QI bridge,Bridge,FDS core; QEC theory,,FDS-Q2,v1.0,2026-05-19,10.5281/zenodo.20302569,,,,Logical information cannot be represented as a protected code quotient or logical algebra.,
FDS-Q2-002,QEC as Active Finite-Distinction Maintenance,"QEC is active finite-distinction maintenance.",Main Q2 interpretation,Physical bridge,FDS-Q2-001,,FDS-Q2,v1.0,2026-05-19,10.5281/zenodo.20302569,,,,Logical distinctions are preserved under noise with no redundancy, syndrome information, feedback, passive protection, or maintenance channel.,
FDS-Q2-003,Threshold Theorem as Conditional Baseline,Threshold theorem is accepted as conditional baseline.,Scope firewall,Bridge,Threshold theorem,,FDS-Q2,v1.0,2026-05-19,10.5281/zenodo.20302569,,,,The paper is read as refuting the threshold theorem rather than auditing its physical assumptions.,
FDS-Q2-004,Correction Demand as Vector Ledger,Correction demand is a vector ledger.,Engineering bridge,Physical bridge,FDS-Q2-002,,FDS-Q2,v1.0,2026-05-19,10.5281/zenodo.20302569,,,,Syndrome, decoding, reset, latency, cooling, and control demands can be collapsed into one scalar without losing bottleneck information.,
FDS-Q2-005,Landauer Lower Bound on Irreversible Reset,Irreversible reset has a Landauer lower bound.,Physical bridge,Physical bridge,Landauer 1961,,FDS-Q2,v1.0,2026-05-19,10.5281/zenodo.20302569,,,,Reliable logically irreversible reset below kT ln2 per erased bit under standard Landauer conditions.,
FDS-Q2-006,Cold-Stage Ledger Constraints,"Cryogenic solid-state systems face cold-stage ledger constraints.",Architecture-specific claim,Physical bridge,FDS-Q2-004; FDS-Q2-005,,FDS-Q2,v1.0,2026-05-19,10.5281/zenodo.20302569,,,,Large-scale cryogenic processors maintain falling logical error while all cold-stage power, routing, latency, and reset ledgers remain within budget.,
FDS-Q2-007,Passive Protection Reduces Active Load,"Topological/passive protection can reduce active load.",Escape-channel bridge,Physical bridge,FDS-Q2-002,,FDS-Q2,v1.0,2026-05-19,10.5281/zenodo.20302569,,,,Passive protection removes preparation, finite-temperature, readout, braiding, leakage, and residual correction costs entirely.,
FDS-Q2-008,Failure Propagation Rule,Q2 failure does not falsify FDS Core or Q1.,Failure propagation rule,Bridge,FDS-Q2-001; FDS-Q2-002,,FDS-Q2,v1.0,2026-05-19,10.5281/zenodo.20302569,,,,Architecture-specific failure is treated as failure of the formal finite-system core or quantum mechanics.,
FDS-B0-001,Finite Observer Bound,"Finite observer bound applies to biomedical knowledge.",Formal bridge,Bridge,FDS Core,,FDS-B0,v1.0,2026-05-19,10.5281/zenodo.20312983,,,,Biomedical knowledge is acquired and maintained without any finite carrier, memory, or update constraint.,
FDS-B0-002,Modeling Not Diagnosis,"Biomedical FDS mapping is modeling, not diagnosis.",Governance firewall,Bridge,FDS-B0-001,,FDS-B0,v1.0,2026-05-19,10.5281/zenodo.20312983,,,,The mapping is interpreted as clinical diagnosis without independent validation.,
FDS-B0-003,Domain Bridge Status,B-series claims are domain bridges.,Governance firewall,Bridge,FDS-B0-002,,FDS-B0,v1.0,2026-05-19,10.5281/zenodo.20312983,,,,A B-series claim is treated as proven clinical fact without biomedical validation.,
FDS-B0-004,Claim-Level Hierarchy,"Claim-level hierarchy (B-L0 to B-L5) governs interpretation.",Registry governance,Bridge,FDS-B0-003,,FDS-B0,v1.0,2026-05-19,10.5281/zenodo.20312983,,,,A lower-level claim is cited as if it were clinically actionable.,
FDS-B0-005,Translation Barrier,Translation barrier prevents clinical overreach.,Safety firewall,Bridge,FDS-B0-004,,FDS-B0,v1.0,2026-05-19,10.5281/zenodo.20312983,,,,FDS biomedical language is used in clinical decision-making without independent validation.,
FDS-B0-006,Mechanism Non-Replacement Rule,Mechanism non-replacement rule.,Governance rule,Bridge,FDS-B0-001,,FDS-B0,v1.0,2026-05-19,10.5281/zenodo.20312983,,,,FDS classification is used to replace validated biomedical mechanisms.,
FDS-B0-007,Maintenance Debt Concept,Maintenance debt as accumulated repair-verification mismatch.,Non-clinical concept,Bridge,FDS-B0-001,,FDS-B0,v1.0,2026-05-19,10.5281/zenodo.20312983,,,,Maintenance debt is treated as a clinical biomarker before validation.,
FDS-B0-008,Failure Propagation Rule,B0 failure does not falsify FDS Core.,Propagation rule,Bridge,FDS-B0-001,,FDS-B0,v1.0,2026-05-19,10.5281/zenodo.20312983,,,,B-series failure is interpreted as failure of the formal FDS core.,
B1-001,Boundary Verification,"Immune systems can be modeled as finite-capacity boundary-verification architectures.",Domain bridge (B-L2),Domain Bridge,B0 biomedical governance; FDS core capacity definitions,,FDS-B1,v1.0,2026-05-21,10.5281/zenodo.20327539,,,,Immune response can be fully organized without finite classification, memory, resource, boundary, or verification roles.,
B1-002,Admission Before Action,"Immune action requires admission and classification of candidate distinctions before downstream response.",Domain bridge (B-L2/B-L3),Domain Bridge,B1-001; recognition-admission-verification-action pipeline,,FDS-B1,v1.0,2026-05-21,10.5281/zenodo.20327539,,,,Action is empirically independent of admission, classification, memory, or context in the specified model.,
B1-003,Multiaxis Classifier,"Immune classification is better modeled as a boundary-state vector than as a single self/non-self label.",Domain bridge (B-L2),Domain Bridge,B1-001; multiaxis classification,,FDS-B1,v1.0,2026-05-21,10.5281/zenodo.20327539,,,,A one-dimensional label captures all relevant verification behavior in the declared system.,
B1-004,Verification Saturation,"High candidate-distinction load should produce delay, broad default action, reduced specificity, false positives/negatives, or FDS-resolution failure.",Domain bridge (B-L3),Domain Bridge,B1-001; verification saturation; VLR control number,,FDS-B1,v1.0,2026-05-21,10.5281/zenodo.20327539,,,,Increasing verification burden produces no change in accuracy, delay, alarm load, resource use, or resolution.,
B1-005,Memory-Tolerance Tradeoff,"Immune memory reduces future verification cost but can produce drift, overgeneralization, or tolerance risk.",Domain bridge (B-L3),Domain Bridge,B1-001; memory-tolerance tradeoff,,FDS-B1,v1.0,2026-05-21,10.5281/zenodo.20327539,,,,Memory has no measurable cost, drift, or threshold effect in the declared system.,
B1-006,Adversarial Sabotage,"Some perturbations actively consume verification capacity or modify classification.",Domain bridge (B-L3),Domain Bridge,B1-001; adversarial distinction injection model,,FDS-B1,v1.0,2026-05-21,10.5281/zenodo.20327539,,,,Evasion-like processes never alter Y, pi, M, Phi, or C_verify in declared models.,
B1-007,Distributed Spatial Latency,"Immune verification is constrained by routing, migration, amplification, and return times.",Domain bridge (B-L3),Domain Bridge,B1-001; spatial latency graph model; SLR control number,,FDS-B1,v1.0,2026-05-21,10.5281/zenodo.20327539,,,,Spatial latency has no measurable effect in systems where local damage timescale is shorter than verification time.,
FDS-G1-001,Finite Causal-Screen Entropy Response,"Finite causal-screen capacity defines an entropy-response substrate for local gravitational coupling, with Onsager-type stochastic screen dynamics producing Raychaudhuri-like capacity-flow normal forms.",Exact-pilot evidence-selected,Physics — Gravity 1,FDS-T1-001; FDS-T2-001,Not deriving GR from first principles.,FDS-G1,v1.0-rc,2026-05-25,10.5281/zenodo.20382013,,,,No distinguishable gravitational coupling beyond standard GR+LambdaCDM.,
FDS-G1-002,3/4 Projection Lock,"Under optical port isotropy, Weyl-active unimodular sector occupies 3 of 4 optical dimensions (kappa=3/4).",Exact-pilot evidence-selected (survives wide-prior),Physics — Gravity 1,FDS-G1-001; FDS-T2-001,Not unique without isotropy.,FDS-G1,v1.0-rc,2026-05-25,10.5281/zenodo.20382013,,,,Free-kappa decisively beats M34 under production evidence.,
FDS-G1-003,Background–Weyl Residual Fingerprint,"s<3, mu=1, Sigma-1 = -(3/4)(3-s)Rhat_H(a). Sparse projection-locked residual, not flexible fit.",Exact-pilot evidence-selected; ranked first,Physics — Gravity 1,FDS-G1-002; FDS-X1-001; FDS-X1-002,Not uniquely identifying microscopic kernel.,FDS-G1,v1.0-rc,2026-05-25,10.5281/zenodo.20382013,,,,Six pre-specified demotion paths: free-kappa, const-Sigma, mu leakage, free amplitude, CPL/LCDM, lensing failure.,
FDS-G1-004,Six-Model Nested Evidence Hierarchy,"M34 > Mkappa > constSigma > G1DE-2 > CPL > LCDM with Delta logZ margins of 0.97, 1.92, 6.70, 9.43, 11.96.",Claim — exact-pilot; production pending,Physics — Gravity 1,FDS-G1-003; FDS-X1-004,Not production-confirmed.,FDS-G1,v1.0-rc,2026-05-25,10.5281/zenodo.20382013,,,,Ranking fails under production evidence or independent replication.,
FDS-G1-005,Finite Markov-Screen Realization,"G1DE-M34 normal form is realizable by finite detailed-balance Markov screen (kappa=3/4, Gamma_H=2*epsilon*r_H, rank-one horizon output).",Realizability prototype (not unique microphysics),Physics — Gravity 1,FDS-G1-002; FDS-G1-003,Not deriving true microscopic finite-screen state family.,FDS-G1,v1.0-rc,2026-05-25,10.5281/zenodo.20382013,,,,Finite Markov-screen class cannot realize projection+horizon+Ricci conditions simultaneously.,
FDS-G1-006,Falsification Contract,"G1DE carries six pre-specified demotion paths. No free A(a,k). Every residual must close a conservation law or be demoted.",Governance,Physics — Gravity 1,FDS-G1-004,Not immune to new data.,FDS-G1,v1.0-rc,2026-05-25,10.5281/zenodo.20382013,,,,G1DE collapses to generic dark-stress model.,
FDS-H1-001,Finite Causal-Screen Holography,"Holography is finite boundary distinction recovery under screen-capacity constraints.",Released (v0.21),Physics — Gravity 1 / H-series,"Standard AdS/CFT; RT/FLM; holographic QEC; Bousso",Defines finite-screen architecture; does not derive G1/M3/4.,FDS-H1,v0.21,2026-06-04,10.5281/zenodo.20541234,,,,Finite boundary recovery cannot be captured by screen capacity/recovery nets/gluing obstruction.,
FDS-H1-002,Finite Recovery-Net Theorem (Exact Nerve-Graph),"On each connected component of the nerve graph, path-independent recovery iff all cycle holonomies vanish.",Restricted theorem,FDS-H1-001,Proof restricted to finite covers with invertible transition maps.,FDS-H1,v0.21,2026-06-04,10.5281/zenodo.20541234,,,,Recovery consistency cannot be captured by loop holonomy in finite models.,
FDS-H1-003,Finite Recovery-Net Theorem (Lipschitz Tolerant),"Under Lipschitz transition maps recovery error accumulates as product-weighted sum; 1-Lipschitz corollary gives simple sum.",Restricted theorem,FDS-H1-002,Requires Lipschitz condition; non-expansive case is a corollary.,FDS-H1,v0.21,2026-06-04,10.5281/zenodo.20541234,,,,Finite recovery error bounds cannot be established under Lipschitz transition maps.,
FDS-H1-004,Matched Local Entropy / Split Recovery,"There exist finite boundary ledgers with identical local marginal entropy H(B_i) but different recovery errors.",Proposition (constructive),FDS-H1-001,Constructed via redundancy code and parity code; not all boundary configurations.,FDS-H1,v0.21,2026-06-04,10.5281/zenodo.20541234,,,,Recovery error is entirely determined by local marginal entropy in all controlled models.,
FDS-Q0-001,Physical Distinguishability as Directed Boundary Access,Physical distinguishability is first directed boundary access.,FDS primitive / definition,Physics - Quantum upstream,,"All operational record production, erasure, and recovery are symmetric without boundary cost or accessibility structure.",FDS-Q0,2026-06,2026-06-04,10.5281/zenodo.20542105,,,,"All operational record production, erasure, and recovery must be symmetric.",FDS-Q0-002
FDS-Q0-002,Zero-Holonomy Quotient-Consistency Theorem,Zero record holonomy makes the reversible quotient well-defined; in the restricted quantum-access category the induced kernel is symmetric.,Restricted quotient-consistency theorem,Physics - Quantum upstream,FDS-Q0-001,"Does not derive CP^{N-1}, Born rule, or full Hilbert reconstruction.",FDS-Q0,2026-06,2026-06-04,10.5281/zenodo.20542105,,,,"A closed, record-neutral, zero-holonomy sector fails to admit any well-defined symmetric quotient kernel.",FDS-Q0-003
FDS-Q0-003,Hilbert QM as Zero-Holonomy Sector,Hilbert quantum mechanics is the finite-capacity zero-holonomy sector.,Conditional theorem target,Physics - Quantum upstream,FDS-Q0-002,Not yet proved in Q0.,FDS-Q0,2026-06,2026-06-04,10.5281/zenodo.20542105,,,,"A non-Hilbert reciprocal finite-capacity quotient satisfies reversible dynamics, composition stability, and no hidden record asymmetry.",FDS-Q0-004
FDS-Q0-004,Born Rule as No-Arbitrage Rule,Born weights are the no-record-capacity-arbitrage rule.,Open theorem target (companion target),Physics - Quantum upstream,FDS-Q0-003,Companion target; not completed in Q0.,FDS-Q0,2026-06,2026-06-04,10.5281/zenodo.20542105,,,,"A non-Born rule satisfies basis neutrality, coarse-graining, composition, and finite record-capacity no-arbitrage.",
FDS-Q0-005,Decoherence Irreversibility Tracks Stable Records,"Decoherence irreversibility tracks stable records, not mere entanglement alone.",Operational prediction,Physics - Quantum upstream,FDS-Q0-001,Entanglement alone is not the operational criterion.,FDS-Q0,2026-06,2026-06-04,10.5281/zenodo.20542105,,,,Stable record accessibility has no independent predictive role for recovery once ordinary overlap and noise metrics are controlled.,
FDS-Q0-006,QEC Overhead Tracks Directed Leakage Holonomy,QEC overhead tracks directed leakage holonomy.,Q0/Q2 bridge prediction,Physics - Quantum upstream,FDS-Q0-001,Bridge prediction; requires QEC validation.,FDS-Q0,2026-06,2026-06-04,10.5281/zenodo.20542105,,,,Directed leakage has no independent predictive value for logical failure after matched-fidelity and matched-syndrome controls.,
FDS-H2-001,Recovery Descent Hierarchy,"Raw exact descent, quotient descent, and strict liftability are distinct.",Restricted formal propositions,Physics - H-series,FDS-H1,Does not develop full higher-descent formalism.,FDS-H2,2026-06,2026-06-06,10.5281/zenodo.20567788,,,,A G0-valued defect guarantees quotient descent only; a strict lift requires triviality of the associated twisted lifting obstruction.,FDS-H2-002
FDS-H2-002,Registered Connection Rule and Kato Support Geometry,A connection must be generated by a pre-registered gauge-covariant rule; the relative Kato construction defines recoverable-support transport.,Admissibility rule; relative Kato theorem,Physics - H-series,FDS-H2-001,Canonical only relative to registered ambient geometry.,FDS-H2,2026-06,2026-06-06,10.5281/zenodo.20567788,,,,"If curvature changes under equivalent presentations or response-dependent ambient geometry, it is not an identifiable support invariant.",FDS-H2-003;FDS-H2-004
FDS-H2-003,Kato Transport Scope and Full-Channel Blindness,"Kato transport is a recoverable-support geometry, not a full-channel geometry.",Scope theorem and blindness proposition,Physics - H-series,FDS-H2-002,Full-channel geometry remains an open branch.,FDS-H2,2026-06,2026-06-06,10.5281/zenodo.20567788,,,,"Equal support projectors imply equal Kato connections and curvatures even when channel spectra, weights, fidelity, or action differ.",
FDS-H2-004,Regular Physical Recovery Quotient,The physical recovery quotient is a regular principal-bundle quotient.,Restricted quotient theorem,Physics - H-series,FDS-H2-002,Requires closed normal subgroup and regular chamber.,FDS-H2,2026-06,2026-06-06,10.5281/zenodo.20567788,,,,"Outside the closed-normal, regular branch the quotient must be treated as stratified, orbifold, groupoid, or stack-like.",FDS-H2-005;FDS-H2-006
FDS-H2-005,Operational-Covector Bridge,The operational-covector bridge is d omega_th = l(F_phys) for a pre-registered parallel flat-coefficient readout.,Conditional functional bridge and Stokes protocol,Physics - H-series,FDS-H2-004,Flat coefficient bundle only; non-flat bundles reserved for future extension.,FDS-H2,2026-06,2026-06-06,10.5281/zenodo.20567788,,,,"A global bridge requires [l(F_phys)]_dR = 0; failure demotes the functional, scale calibration, or global covector realization.",FDS-H2-007
FDS-H2-006,Response-Bundle Bridge,A parallel bundle bridge exists exactly when a base-point map intertwines all holonomies.,Bundle-branch theorem,Physics - H-series,FDS-H2-004,Standard holonomy principle specialized to registered bundles.,FDS-H2,2026-06,2026-06-06,10.5281/zenodo.20567788,,,,Held-out loops support only the sampled subgroup unless generators are proved; does not apply to the direct covector branch.,
FDS-H2-007,Holonomy-Relative Visibility and Character-Based Abelianization,Parallel Branch-A readouts are holonomy-relative; character-based one-dimensional responses see only the full Lie-algebra Abelianization of the identity component.,Holonomy-invariance proposition and character no-go theorem,Physics - H-series,FDS-H2-005,General parallel readout is not equivalent to a character-based response.,FDS-H2,2026-06,2026-06-06,10.5281/zenodo.20567788,,,,"A general parallel readout annihilates [hol_X0, g_phys], not necessarily [g_phys, g_phys]; full Abelianization requires full-group invariance, a character differential, or equality of these commutator subspaces.",
FDS-H2-008,"H2 Does Not Derive G1, GR, or M3/4","H2 derives G1, GR, or M3/4.",Explicitly not claimed,Physics - H-series,FDS-H2-001,All G1/GR/M3/4 derivations remain downstream.,FDS-H2,2026-06,2026-06-06,10.5281/zenodo.20567788,,,,"H2 ends at a support-level premetric response-obstruction criterion; full-channel geometry, Ward closure, optical selection, and cosmology remain downstream.",
FDS-T3-001,Capacity Overflow,Capacity overflow occurs when task-relevant distinction demand exceeds accessible capacity.,Operational criterion,Bridge,FDS-CORE-004 capacity deficit; task-relevant demand measure; accessible capacity measure,,FDS-T3,v1.0,2026-05-16,10.5281/zenodo.20250367,,,,Full-fidelity tracking persists under bounded resources after independently estimated demand exceeds all accessible capacity.,FDS-T3-002;FDS-T3-003;FDS-T3-004;FDS-T3-005;FDS-T3-006;FDS-T3-007
FDS-T3-002,Non-Injective Projection Induces Effective Stochasticity,Non-injective projection induces effective stochasticity.,Conditional theorem,Bridge,FDS-P4-001 non-injective truncation; deterministic or stochastic underlying dynamics; hidden successor variation within pre-image classes,,FDS-T3,v1.0,2026-05-16,10.5281/zenodo.20250367,,,,A many-to-one accessible projection always induces deterministic accessible transitions despite hidden successors varying within the same visible record class.,FDS-T3-003;FDS-T3-004
FDS-T3-003,Critical-Deficit Signature,Overflow has a critical-deficit signature: predictive error and transition entropy show rapid increase near the capacity crossing.,Testable prediction,Bridge,FDS-T3-001 overflow definition; predictive error measure; transition entropy measure; controlled capacity crossing,,FDS-T3,v1.0,2026-05-16,10.5281/zenodo.20250367,,,,Predictive error, transition entropy, and exit signatures vary smoothly through controlled capacity crossing with no susceptibility peak, kink, or rapid regime change.,
FDS-T3-004,Phase-B Variable Selection,Phase-B variables are selected by low update cost, slow information decay, and approximate Markov closure.,Selection principle,Bridge,FDS-T3-002 effective stochasticity; mutual information decay measure; Markov closure error measure; maintenance cost function,,FDS-T3,v1.0,2026-05-16,10.5281/zenodo.20250367,,,,All coarse variables lose predictive information at the same rate under projection, regardless of update cost, closure error, or persistence utility.,FDS-T3-007
FDS-T3-005,Informational Hysteresis,Capacity recovery need not reverse overflow: discarded distinctions are not automatically recovered.,Conditional prediction,Bridge,FDS-P4-003 informational hysteresis; finite record capacity; no external recovery side-record,,FDS-T3,v1.0,2026-05-16,10.5281/zenodo.20250367,,,,Discarded distinctions are perfectly reconstructed after capacity recovery without external logs, hidden reservoirs, or additional records.,
FDS-T3-006,Capacity-Relative Stochasticity,Stochastic descriptions are capacity-relative unless supported by capacity-independent noise sources.,Scope claim,Bridge,FDS-T3-002 effective stochasticity; accounting boundary registration; capacity-independent noise source definition,,FDS-T3,v1.0,2026-05-16,10.5281/zenodo.20250367,,,,The same process yields the same stochastic description independent of observer capacity, projection, measurement boundary, and retained memory.,
FDS-T3-007,Long-Context Drift as Wrong Invariant Completion,Long-context drift is a domain projection of wrong invariant completion under overflow.,Engineering projection,Bridge,FDS-T3-004 Phase-B invariants; context window capacity; false invariant completion mechanism,,FDS-T3,v1.0,2026-05-16,10.5281/zenodo.20250367,,,,Context overflow in finite-window systems never increases false dependency, semantic drift, wrong task-state completion, or external-memory demand under matched tasks.,
FDS-P8-001,Projection Yields Instantaneous-Memory-Forcing Decomposition,Projection yields an exact instantaneous-memory-forcing decomposition for linear dynamics.,Imported exact identity,Bridge,Exact linear semigroup; registered projection; compatible domain,Nonlinear state equations without a valid lifted observable representation.,FDS-P8,v1.0,2026-06-09,10.5281/zenodo.20611696,,,,The declared generator, projection, domain, or semigroup assumptions fail, or a nonlinear state equation is used without a valid lifted observable representation.,FDS-P8-002;FDS-P8-003;FDS-P8-004;FDS-P8-005;FDS-P8-006;FDS-P8-007;FDS-P8-008
FDS-P8-002,Only Controllable-and-Observable Residue Contributes to Visible Memory,Only controllable-and-observable residue contributes to visible round-trip memory.,Restricted theorem,Bridge,FDS-P4-001 non-injective truncation; exact linear realization; input-output factorization; silent-sector definition,,FDS-P8,v1.0,2026-06-09,10.5281/zenodo.20611696,,,,Removing a declared silent sector changes the memory kernel, transfer function, or retained input-output behavior.,FDS-P8-003;FDS-P8-006
FDS-P8-003,Exponential Semigroup Stability Gives Finite Memory-Burden Bound,Exponential residue-semigroup stability gives a finite memory-burden bound.,Conditional theorem,Bridge,Exponential stability bound; bounded couplings; finite horizon; registered norm,,FDS-P8,v1.0,2026-06-09,10.5281/zenodo.20611696,,,,Exponential stability does not hold, couplings are unbounded on the relevant domain, or the retained solution class violates the finite-horizon assumptions.,FDS-P8-008
FDS-P8-004,Coupled Marginal Modes Obstruct Integrable Memory Closure,Coupled marginal modes obstruct integrable memory closure.,Conditional theorem,Bridge,Transfer function poles near imaginary axis; both input and output coupling; no exact cancellation,The marginal mode is silent, canceled by the transfer channel, removed by symmetry, or absent from the registered active quotient.,FDS-P8,v1.0,2026-06-09,10.5281/zenodo.20611696,,,,The marginal mode is silent, canceled by the transfer channel, removed by symmetry, or absent from the registered active quotient.,
FDS-P8-005,Low-Frequency Transfer Weight Can Generate Algebraic Memory Tails,Low-frequency transfer spectral weight can generate algebraic memory tails under registered Tauberian conditions.,Tauberian result,Bridge,Scalar positive-kernel regularity assumptions; monotonicity or bounded variation,Non-normal, sign-changing, matrix-canceling, time-dependent, or outside-regular-variation kernels.,FDS-P8,v1.0,2026-06-09,10.5281/zenodo.20611696,,,,The kernel is non-normal, sign-changing, matrix-canceling, time dependent, or outside the registered regular-variation assumptions.,
FDS-P8-006,Transfer Significance Bounds Reachable Round-Trip Recoverability,Transfer significance bounds reachable round-trip recoverability when the two observation channels are boundedly equivalent on reachable residue.,P8 channel-registration bridge theorem,Bridge,Registered bounded interconnection between retained return channel and physical recovery channel; reachable residue sector; linear finite-dimensional; Gaussian,,FDS-P8,v1.0,2026-06-09,10.5281/zenodo.20611696,,,,No bounded interconnection exists, the lower bound vanishes, or recovery uses side records outside the registered retained return channel.,FDS-P8-007
FDS-P8-007,Recoverability Depends on Observation Channel, Not Just Lifetime,Operational recoverability depends on the observation channel, not on residue lifetime alone.,Exact model theorem,Bridge,P4 pre-image observability; P8 channel registration; decoder specification,,FDS-P8,v1.0,2026-06-09,10.5281/zenodo.20611696,,,,The claimed recovery is obtained only by changing the accounting boundary, decoder resources, task labels, or observation channel.,
FDS-P8-008,Strictly Proper Rational Memory Admits Finite Exact Markov Augmentation,Strictly proper rational memory admits finite exact Markov augmentation.,Imported realization theorem,Bridge,Strictly proper rational transfer function; feedthrough term absorbed into instantaneous generator; minimal realization dimension,,FDS-P8,v1.0,2026-06-09,10.5281/zenodo.20611696,,,,A non-rational kernel is asserted to have a finite exact realization, the feedthrough term is not absorbed into the instantaneous generator, or the proposed augmentation fails to reproduce the transfer function.,
FDS-T4-001,Joint Forced-and-Preparation Closure Response,Joint closure response includes both forced-history and preparation-coordinate input families.,Definition / typed response structure,Bridge,FDS-P8 coupled residue channel; P3/P4 preparation/initial-data structure; registered preparation injection map,,FDS-T4,v1.0,2026-06-15,10.5281/zenodo.20703274,,,,Preparation-forced residue has no measurable effect on closure quality or error budget.,FDS-T4-002;FDS-T4-003;FDS-T4-004;FDS-T4-005;FDS-T4-006;FDS-T4-007;FDS-T4-008;FDS-T4-009;FDS-T4-010
FDS-T4-002,Four-Way Residue Treatment Taxonomy,Active residue admits four admissible treatments: promote, localize, truncate, or reject.,Classification principle,Bridge,FDS-P8 residue qualification hierarchy; finite task tolerance; closure error budget,,FDS-T4,v1.0,2026-06-15,10.5281/zenodo.20703274,,,,Four-way taxonomy systematically misclassifies residue treatment decisions in controlled test cases.,FDS-T4-003
FDS-T4-003,Noncommuting Closure Pipeline Order,Closure operations do not commute: active quotient -> persistent isolation -> promotion -> stable reduction -> localization.,Operational principle,Bridge,Ordered pipeline hypothesis; persistent-mode isolation before localization,,FDS-T4,v1.0,2026-06-15,10.5281/zenodo.20703274,,,,Localization before persistent isolation yields identical or superior closure quality without divergence.,FDS-T4-008;FDS-T4-009
FDS-T4-004,Four-Level State Firewall Distinction,Four-level state firewall distinguishes realization coordinates, physical closure states, macroscopic variables, and conserved quantities.,Classification principle,Bridge,FDS-P7 side-ledger distinction; P3/P4 accessible/observer boundary; carrier registration,,FDS-T4,v1.0,2026-06-15,10.5281/zenodo.20703274,,,,No measurable information-theoretic or physical difference between state categories under valid closure mapping.,FDS-T4-005
FDS-T4-005,Persistent-Channel Degree Obligation,Persistent joint-response poles impose a minimum additional closure degree: additional closure degree >= McMillan degree of persistent block.,Restricted realization theorem,Bridge,Minimal realization theory; rational transfer function McMillan degree; isolated persistent spectrum; joint forced-and-preparation response,,FDS-T4,v1.0,2026-06-15,10.5281/zenodo.20703274,,,,An exact causal closure with fewer degrees than the persistent-block McMillan degree reproduces all registered joint responses.,FDS-T4-006
FDS-T4-006,Representation Invariance of Additional Closure Degree,Additional closure degree is representation-invariant across internal state, higher-order derivatives, and registered side-ledgers.,Corollary / invariant property,Bridge,FDS-T4-005 persistent-channel theorem; minimal linearization; full initial-data manifold,,FDS-T4,v1.0,2026-06-15,10.5281/zenodo.20703274,,,,Equivalent joint responses with different representations have measurably different minimal linearized degrees.,FDS-T4-007
FDS-T4-007,Operational Promotion Rank Monotonicity,Operational promotion rank is monotonic in task window length, error tolerance strictness, and law-class restrictiveness.,Conditional proposition,Bridge,Nested closure classes; contractive time-norm restriction; compatible input-window registration; finite-window Hankel operator,,FDS-T4,v1.0,2026-06-15,10.5281/zenodo.20703274,,,,Promotion rank systematically decreases with longer task window, stricter tolerance, or smaller law class under valid registration.,
FDS-T4-008,Startup-Qualified Temporal Localization,Fast-residue memory admits a startup-qualified Taylor expansion in derivatives of the retained state with controlled remainder.,Conditional theorem,Bridge,Exponential semigroup bound; incomplete moment tail estimate; initial fast-residue forcing bound; retained-state regularity,,FDS-T4,v1.0,2026-06-15,10.5281/zenodo.20703274,,,,Temporal localization with declared order violates error bound or diverges for valid stable memory kernels within stated assumptions.,FDS-T4-009
FDS-T4-009,Stability Firewall for Local-Truncation Laws,Local-truncation laws require separate stability audit: constitutive series convergence does not guarantee autonomous-law well-posedness.,Admissibility criterion,Bridge,Stable auxiliary-state reference; operator-pencil well-posedness criterion,,FDS-T4,v1.0,2026-06-15,10.5281/zenodo.20703274,,,,All convergent Taylor expansions of stable memory kernels yield well-posed autonomous evolution laws.,
FDS-T4-010,Phase-B Pareto Closure Frontier,Phase-B closure frontier selects Pareto-minimal closures trading error, additional degree, law order, maintenance cost, and side-ledger access.,Definition / selection framework,Bridge,Multi-objective Pareto order; registered resource costs; certified error budgets,,FDS-T4,v1.0,2026-06-15,10.5281/zenodo.20703274,,,,Pareto-optimal frontier does not correlate with actual closure quality or maintainability in controlled synthetic or experimental benchmarks.,
