z,mu,mu_err
0.00122,28.9987,1.51621
0.00122,29.0559,1.51723
0.00256,30.7233,0.781906
0.00256,30.7449,0.798612
0.00299,30.7757,0.880798
0.00317,30.7946,0.613941
0.00331,30.4604,0.59407
0.00331,30.5528,0.579622
0.00331,30.4013,0.577815
0.00331,30.5107,0.577916
0.00333,31.5011,0.590389
0.00349,31.7933,0.55206
0.00349,31.4967,0.544824
0.00359,31.6969,0.550332
0.00384,30.9999,0.565861
0.00407,31.3933,0.475638
0.00407,31.3779,0.478515
0.00432,31.499,0.513549
0.00432,31.5611,0.530151
0.00465,31.9309,0.441191
0.00465,32.033,0.419535
0.00482,31.2476,0.557951
0.00483,31.1331,0.446066
0.00483,31.6525,0.564078
0.00483,31.2234,0.409689
0.00483,31.34,0.561941
0.00483,31.7635,0.573808
0.00488,31.4473,0.44745
0.00488,31.539,0.406132
0.00538,31.6512,0.513692
0.00548,31.7282,0.500704
0.0057,31.9117,0.468851
0.0057,31.8985,0.482914
0.00571,31.6799,0.374942
0.00571,31.6292,0.38481
0.00587,31.7403,0.490624
0.00588,32.1822,0.338568
0.00592,32.4685,0.486307
0.00602,31.9404,0.343274
0.00602,32.0666,0.342645
0.00602,31.9102,0.349206
0.00616,30.9079,0.524297
0.00616,31.1857,0.451429
0.00625,32.0667,0.32481
0.00625,32.0023,0.36055
0.00625,32.0999,0.32168
0.00625,32.0337,0.33809
0.0063,32.0754,0.533308
0.0063,32.0843,0.536656
0.0063,32.0203,0.537482
0.00631,32.8333,0.562254
0.00634,32.4001,0.481811
0.00648,32.4608,0.317328
0.00648,32.4338,0.321157
0.00665,31.7321,0.530482
0.00668,31.2217,0.419839
0.00673,32.3593,0.358431
0.00676,31.9733,0.414586
0.00677,32.1951,0.339458
0.00677,32.1729,0.370142
0.00677,32.2048,0.3469
0.00692,32.4405,0.438804
0.0071,32.3193,0.324465
0.0071,32.3327,0.347269
0.0071,32.3221,0.321523
0.00719,32.4423,0.299093
0.00719,32.4642,0.299053
0.00747,32.7943,0.28787
0.00747,32.7423,0.29352
0.00747,32.7685,0.291161
0.0075,32.3312,0.372866
0.0075,32.2998,0.395732
0.00795,32.6418,0.361712
0.00814,32.7164,0.315879
0.00814,32.6151,0.316306
0.00814,32.7092,0.366561
0.00815,32.3711,0.370944
0.00815,32.7434,0.278844
0.00815,32.6707,0.285702
0.00817,32.4455,0.490044
0.00818,32.484,0.341596
0.00821,33.2138,0.462045
0.00838,32.521,0.464828
0.00838,32.6922,0.484113
0.00855,32.6928,0.358202
0.00855,32.852,0.316884
0.00857,32.7527,0.266214
0.00861,32.7223,0.382481
0.00863,32.3744,0.337245
0.00863,32.3945,0.330194
0.00863,32.335,0.336798
0.00864,32.4198,0.42436
0.00883,32.8616,0.325919
0.00906,32.799,0.36787
0.00906,32.7498,0.408634
0.00925,32.8914,0.28515
0.00925,32.8973,0.281576
0.00925,32.9159,0.284225
0.00935,32.3353,0.400458
0.00954,33.0399,0.267622
0.00954,33.2135,0.252188
0.00954,33.2309,0.250455
0.00954,33.2469,0.253451
0.00957,32.901,0.308368
0.00957,32.8654,0.333397
0.00966,32.8029,0.35687
0.00966,32.9165,0.371852
0.00993,33.4753,0.3719
0.00996,32.6457,0.408196
0.00996,32.7458,0.359283
0.00996,32.9015,0.332913
0.01016,32.7794,0.3475
0.01017,32.9182,0.364224
0.01017,32.9674,0.34081
0.01026,33.3378,0.305101
0.01026,33.2253,0.297865
0.01028,33.2788,0.246478
0.01042,33.1236,0.316076
0.01044,33.0869,0.342855
0.01061,33.3806,0.307827
0.01061,33.2931,0.273239
0.01073,33.1081,0.363667
0.01079,33.0683,0.322889
0.01079,33.1809,0.377003
0.01096,33.5709,0.313698
0.01114,33.7337,0.341421
0.01114,33.6369,0.293983
0.01122,33.8347,0.352878
0.01122,33.4336,0.282135
0.01122,33.4947,0.32405
0.01155,33.5833,0.27987
0.01195,33.4974,0.30029
0.01213,33.8783,0.345327
0.0122,33.7023,0.265296
0.01233,33.7403,0.252697
0.01246,33.8286,0.263736
0.01258,33.708,0.239241
0.01258,33.7246,0.248635
0.01259,33.5874,0.258654
0.01259,33.5178,0.264818
0.01279,33.7492,0.415783
0.01283,33.6365,0.286107
0.01283,33.5028,0.330021
0.01303,33.7355,0.238258
0.01303,33.7607,0.285948
0.01304,33.5752,0.291315
0.01304,33.5673,0.283503
0.01312,33.52,0.2722
0.01312,33.4717,0.260204
0.01325,33.9682,0.302491
0.01325,33.9846,0.298179
0.01325,33.9247,0.303407
0.01375,33.797,0.27654
0.01375,33.7683,0.231206
0.01375,33.772,0.234204
0.01376,33.7649,0.287526
0.01386,33.6741,0.34431
0.01388,33.6968,0.231964
0.01389,33.8053,0.287538
0.01389,33.6651,0.294973
0.01411,33.8206,0.249416
0.01424,33.8444,0.264112
0.01442,34.0187,0.306005
0.01442,34.0249,0.351302
0.01442,34.3366,0.369731
0.01442,34.1781,0.395988
0.01442,34.252,0.396317
0.01446,33.9078,0.238994
0.0145,34.1727,0.364029
0.01453,33.7526,0.214608
0.0146,33.8826,0.24785
0.01462,33.9253,0.242429
0.01463,33.7553,0.389571
0.01463,33.7189,0.391891
0.01467,33.8916,0.239175
0.01472,33.7894,0.396434
0.01484,34.0109,0.268869
0.01492,34.1902,0.371694
0.01493,33.8524,0.276241
0.01499,33.974,0.227971
0.01499,33.9261,0.23013
0.01515,33.8877,0.293747
0.01519,34.1793,0.2654
0.01525,33.7706,0.300982
0.01529,34.0334,0.343245
0.01542,34.3426,0.371909
0.01543,34.0744,0.313702
0.01546,34.0331,0.22485
0.01549,34.2732,0.339288
0.0155,34.2581,0.271187
0.0155,34.2112,0.256655
0.0155,33.9994,0.285045
0.0155,33.8852,0.312769
0.01557,33.7902,0.28932
0.01557,33.8072,0.289137
0.01562,34.1732,0.262981
0.01562,34.1302,0.333218
0.01565,34.3317,0.277402
0.01576,34.1657,0.285607
0.01578,33.9986,0.218273
0.01578,34.0697,0.289124
0.01581,33.9926,0.237761
0.01581,33.9004,0.217323
0.01587,34.3916,0.26899
0.01588,34.0287,0.223197
0.0159,34.1663,0.241388
0.0159,34.1323,0.207724
0.0159,34.0329,0.27117
0.01603,34.1062,0.280284
0.01652,34.4137,0.345316
0.01652,33.9999,0.333638
0.01656,34.1608,0.216439
0.01657,33.9726,0.414401
0.01662,34.2793,0.260521
0.01666,34.3408,0.196174
0.01671,33.8985,0.243894
0.01678,34.1679,0.244992
0.01682,34.4649,0.357309
0.01682,34.5341,0.340551
0.01682,33.9673,0.283124
0.0169,33.841,0.288048
0.0169,33.8975,0.26318
0.01692,34.4894,0.309138
0.01698,34.3409,0.226785
0.01699,34.0755,0.296588
0.01705,34.1973,0.212756
0.01718,34.022,0.307813
0.01718,34.2003,0.324206
0.0172,34.6084,0.21815
0.0173,34.1436,0.281398
0.0173,34.1517,0.255715
0.01733,34.4009,0.220048
0.01733,34.5101,0.229657
0.01734,34.361,0.218624
0.01737,34.31,0.26217
0.01737,34.2669,0.261032
0.01743,33.7799,0.329528
0.01747,34.3228,0.198413
0.01747,34.3133,0.195968
0.01752,34.1465,0.229836
0.01776,34.2221,0.319272
0.01778,34.3364,0.208373
0.01778,34.2464,0.211714
0.01784,34.2939,0.245119
0.01784,34.2418,0.221228
0.0179,34.2975,0.317767
0.01802,34.2661,0.232649
0.01808,34.6078,0.199653
0.01826,34.9792,0.216805
0.01826,34.2005,0.279266
0.01839,34.4393,0.225289
0.01855,34.492,0.25393
0.01855,34.576,0.29501
0.01865,34.6171,0.237454
0.01865,34.5716,0.238466
0.01866,34.6066,0.276155
0.01875,34.5466,0.213816
0.01875,34.4866,0.319886
0.01905,34.4286,0.280109
0.01947,34.7747,0.193529
0.01947,34.8085,0.193658
0.01975,34.757,0.46583
0.01975,34.7394,0.432674
0.01976,34.6865,0.405343
0.01995,34.3648,0.29449
0.02001,34.6854,0.202483
0.02006,34.5121,0.197651
0.02019,34.5072,0.232329
0.02019,34.702,0.190556
0.02023,34.5995,0.186364
0.02023,34.5012,0.29433
0.02023,34.576,0.187974
0.02023,34.6482,0.185881
0.02024,34.9988,0.185763
0.02034,34.8165,0.240313
0.02034,34.5749,0.374851
0.02035,34.5709,0.185756
0.02035,34.5656,0.175653
0.02035,34.4931,0.188829
0.02044,34.6552,0.212886
0.02049,35.1263,0.374812
0.02052,34.556,0.33281
0.02056,34.4168,0.215471
0.02056,34.5647,0.24804
0.02081,34.4863,0.32934
0.02082,34.674,0.229315
0.02082,34.6349,0.253074
0.0209,34.8118,0.299007
0.02096,34.6956,0.214804
0.02106,34.6693,0.229102
0.02116,34.375,0.201286
0.02116,34.8194,0.194561
0.02118,35.118,0.309511
0.02118,35.2056,0.302902
0.02131,34.7561,0.178554
0.02131,34.7344,0.175108
0.02131,34.7419,0.185801
0.02134,34.7627,0.338897
0.02137,34.3468,0.19717
0.02151,34.5899,0.197339
0.02153,34.6114,0.392396
0.0217,34.7709,0.193993
0.02183,34.7583,0.282159
0.02183,34.7742,0.252205
0.02197,34.8589,0.244964
0.02198,34.9654,0.215286
0.02203,34.6739,0.246309
0.02205,34.7477,0.197256
0.02207,34.8847,0.184059
0.02215,35.0481,0.287366
0.02219,35.0136,0.214466
0.02228,34.8059,0.178146
0.02228,34.8234,0.256694
0.02231,34.9245,0.167677
0.02234,34.7727,0.197164
0.02234,34.8704,0.202689
0.02236,34.7814,0.223034
0.02239,34.7714,0.301448
0.02239,34.8603,0.241616
0.0224,34.759,0.287454
0.0224,34.7997,0.253838
0.02241,35.0392,0.21282
0.02255,34.7306,0.241638
0.02266,34.8438,0.218888
0.0227,34.8693,0.201499
0.02273,34.6849,0.357306
0.02295,35.2685,0.303676
0.02295,34.8584,0.19945
0.02298,34.9992,0.266
0.02298,34.9712,0.235743
0.02303,34.985,0.188819
0.02307,34.7666,0.339266
0.02313,35.0225,0.269874
0.02316,34.883,0.273642
0.02321,34.9168,0.17647
0.02325,35.0537,0.22811
0.02331,34.6478,0.265593
0.02331,34.4301,0.278115
0.02342,34.9851,0.281287
0.02342,35.0081,0.220042
0.02342,34.9783,0.22378
0.02343,34.8582,0.258869
0.02343,34.8582,0.168487
0.02344,34.8331,0.262385
0.02352,34.8391,0.214185
0.02354,34.9998,0.216038
0.02357,35.0406,0.2048
0.02357,34.9509,0.257717
0.02357,34.5715,0.260349
0.02365,34.9543,0.272706
0.02369,34.943,0.208056
0.02388,34.9949,0.178773
0.0239,34.889,0.402793
0.0239,34.994,0.276066
0.02391,34.8993,0.188406
0.02401,35.1018,0.193136
0.02411,35.1049,0.309153
0.02411,34.4711,0.39756
0.02412,34.8782,0.222434
0.02417,34.9421,0.206529
0.02417,35.084,0.181558
0.02428,35.1803,0.230676
0.02429,35.0771,0.193541
0.02432,34.9871,0.182157
0.02432,34.953,0.196215
0.02432,35.2317,0.23365
0.02434,35.0102,0.200135
0.02453,35.008,0.159749
0.02453,35.0746,0.208209
0.02453,34.9493,0.168725
0.02457,35.1784,0.187175
0.02462,35.1061,0.234003
0.02462,35.0521,0.229679
0.02462,34.8898,0.232409
0.02464,34.9528,0.212083
0.02464,34.807,0.180451
0.02466,34.8112,0.316446
0.02491,35.0862,0.239027
0.02494,35.1973,0.226892
0.02509,35.2152,0.267166
0.0251,34.8369,0.286774
0.0251,34.8482,0.179903
0.0251,35.079,0.204219
0.0251,35.009,0.174816
0.02512,35.0276,0.188272
0.02513,34.4583,0.332169
0.02517,34.9117,0.305292
0.02517,35.1989,0.236747
0.02517,35.2277,0.202583
0.02519,35.1139,0.152945
0.02519,35.1145,0.172727
0.02521,34.9842,0.183307
0.02525,34.9441,0.239204
0.02525,34.9063,0.267708
0.02534,35.1882,0.174626
0.02534,35.1974,0.183966
0.02556,35.1828,0.23216
0.02557,35.0621,0.188251
0.02585,34.7664,0.343633
0.02591,35.1181,0.198351
0.02596,35.4014,0.198664
0.02598,35.2931,0.177503
0.02598,35.1081,0.196395
0.02598,34.835,0.347266
0.02598,35.3111,0.176679
0.02626,35.2855,0.287644
0.02626,35.3429,0.322102
0.02632,35.0223,0.371366
0.02669,35.308,0.177546
0.02691,35.2688,0.181374
0.02691,35.2892,0.204105
0.02695,35.1184,0.179348
0.02713,35.2513,0.184798
0.02714,35.3224,0.214364
0.0273,35.2892,0.297685
0.02731,35.2673,0.170229
0.02731,35.3437,0.229204
0.02731,35.1118,0.345538
0.02731,35.227,0.260248
0.02736,35.313,0.218475
0.0274,35.3042,0.351818
0.02741,35.5236,0.223713
0.02748,35.113,0.170601
0.02748,35.1538,0.184895
0.02748,35.1117,0.168141
0.02773,35.3467,0.288615
0.02803,35.7258,0.320564
0.02805,35.1306,0.182787
0.0281,35.6739,0.214662
0.02816,35.3613,0.188706
0.02819,35.3174,0.171301
0.0282,35.2874,0.291687
0.02823,35.5061,0.160842
0.02823,35.5563,0.157926
0.02823,35.558,0.158705
0.02833,35.2665,0.17548
0.02844,35.372,0.158011
0.02844,35.3421,0.15418
0.02849,35.1049,0.179717
0.02849,35.4368,0.178289
0.02849,35.2913,0.176186
0.02849,35.359,0.178209
0.02849,35.1963,0.365609
0.02857,35.5996,0.233453
0.02858,35.6596,0.249928
0.02866,35.3449,0.209647
0.02866,35.4105,0.200097
0.02873,34.9487,0.226143
0.02888,35.2763,0.65456
0.02898,35.4779,0.274049
0.02902,35.0558,0.21699
0.02913,35.5152,0.249362
0.02915,35.6948,0.181346
0.02917,35.2391,0.183851
0.02919,35.6024,0.167829
0.02938,35.6222,0.298748
0.02938,35.472,0.224134
0.02944,35.2761,0.178889
0.02947,35.0939,0.271354
0.02949,35.6079,0.222602
0.0295,35.3638,0.282455
0.02953,35.4654,0.175805
0.02956,35.5064,0.188976
0.02969,35.2781,0.192235
0.02978,35.5015,0.188445
0.02978,35.5116,0.188868
0.0299,35.4354,0.183358
0.02996,35.861,0.19062
0.03012,35.5195,0.19422
0.03012,35.4838,0.197459
0.03012,35.4761,0.231922
0.03023,35.5185,0.163802
0.03031,35.5542,0.214581
0.03036,35.4803,0.171694
0.03047,35.5345,0.256833
0.03059,35.3586,0.162287
0.03075,35.3522,0.342093
0.03076,35.6084,0.21095
0.03083,35.4648,0.277436
0.03086,35.4164,0.182859
0.03091,35.4926,0.164272
0.03096,35.6481,0.204901
0.03108,35.9224,0.398388
0.03108,35.406,0.33102
0.03108,35.3374,0.37432
0.0311,35.565,0.181727
0.03114,35.67,0.235291
0.03114,35.5409,0.182914
0.03116,35.5877,0.166924
0.03117,35.5304,0.282294
0.03118,35.6675,0.17243
0.0312,35.4957,0.17387
0.0312,35.5793,0.146208
0.0312,35.4841,0.151414
0.03121,35.772,0.222596
0.03121,35.7428,0.225151
0.03121,35.7867,0.21497
0.03132,35.6231,0.319748
0.03143,35.6461,0.194347
0.03143,35.5602,0.183588
0.03147,35.9119,0.272567
0.03148,35.7017,0.162055
0.03148,35.707,0.218912
0.03162,35.6474,0.192354
0.03162,35.6847,0.186128
0.03166,35.7279,0.175991
0.03192,35.4592,0.274741
0.03201,35.4896,0.146203
0.03236,35.6746,0.200299
0.03255,35.576,0.194953
0.0326,35.8562,0.257396
0.0326,35.8577,0.293379
0.03264,35.8808,0.188113
0.03264,35.6656,0.273194
0.03264,35.9082,0.19632
0.03272,35.6638,0.153695
0.03272,35.6366,0.167699
0.03272,35.6431,0.145945
0.03282,35.6329,0.202232
0.03289,35.8381,0.176607
0.0329,35.7248,0.151157
0.03294,35.7992,0.324902
0.03296,35.7324,0.218528
0.03296,35.8907,0.22412
0.03298,35.6164,0.165831
0.03333,35.6643,0.148513
0.03333,35.7268,0.160376
0.03335,35.8159,0.19712
0.03341,35.8647,0.148553
0.03341,35.8516,0.141058
0.03371,35.7797,0.1574
0.03373,35.829,0.272338
0.03375,36.0229,0.241513
0.03378,35.8276,0.257715
0.03393,35.9089,0.175145
0.03403,35.7587,0.311799
0.03428,35.9188,0.205651
0.03428,35.9378,0.209584
0.03437,35.7837,0.215389
0.03441,35.825,0.339534
0.03451,35.9757,0.357064
0.03459,35.7348,0.153296
0.03479,35.8566,0.203994
0.03491,35.9118,0.163417
0.03512,35.8816,0.167159
0.03515,35.8937,0.209934
0.03516,35.8012,0.482576
0.03516,35.8038,0.4813
0.03522,35.8349,0.33312
0.03529,35.861,0.166424
0.03551,35.9905,0.373848
0.03568,36.234,0.186511
0.03576,35.9591,0.223548
0.03576,36.1545,0.22873
0.03583,35.9325,0.202439
0.03585,35.5515,0.202534
0.03599,35.9909,0.185228
0.03616,35.8586,0.221845
0.03624,36.1845,0.185288
0.03635,36.0035,0.183273
0.03682,35.9282,0.154255
0.03682,35.8836,0.183129
0.03697,36.0748,0.288021
0.03702,35.8056,0.306981
0.03702,35.9287,0.317324
0.03702,36.0695,0.17293
0.03702,36.08,0.335728
0.03705,35.9637,0.164362
0.03707,36.0475,0.164133
0.03725,36.0067,0.13249
0.03725,35.9927,0.146711
0.0373,35.8698,0.187759
0.0374,35.9789,0.16144
0.03753,35.949,0.261217
0.03756,36.3333,0.169106
0.03756,36.2185,0.169201
0.03787,36.0063,0.204884
0.0379,36.0624,0.160756
0.03796,36.0889,0.197034
0.03818,35.8938,0.149302
0.03818,35.8617,0.150297
0.03828,36.1141,0.234604
0.03834,36.5177,0.244319
0.03847,36.2254,0.310014
0.03848,36.2564,0.147524
0.03873,36.0125,0.168197
0.03884,36.026,0.21784
0.03902,36.0125,0.202924
0.03909,36.1962,0.219165
0.0391,36.2125,0.181523
0.04014,36.284,0.145415
0.04035,36.5486,0.233076
0.04056,36.0167,0.14091
0.04056,36.0818,0.142444
0.04077,35.9918,0.208725
0.04089,36.1263,0.166662
0.04095,36.4104,0.305998
0.04099,36.0403,0.144749
0.04101,36.3153,0.148357
0.04167,36.5601,0.278818
0.04222,36.2101,0.206282
0.04258,36.5106,0.425631
0.04268,36.2931,0.148584
0.04268,35.9138,0.29325
0.04285,36.2521,0.17345
0.04285,36.2071,0.164312
0.04289,36.2018,0.160264
0.04306,36.2457,0.205288
0.04349,36.4165,0.163855
0.04349,36.2137,0.149773
0.04349,36.2882,0.164424
0.04369,36.2594,0.175714
0.04408,36.3298,0.179185
0.04438,36.5469,0.229619
0.04439,36.2916,0.247611
0.0444,36.551,0.269174
0.04464,36.5114,0.284996
0.04487,36.4565,0.160073
0.04521,36.6866,0.303723
0.04545,36.4541,0.1944
0.04575,36.4634,0.171419
0.04575,36.5139,0.149515
0.04583,36.1579,0.180751
0.0459,36.3811,0.194137
0.04625,36.2636,0.216428
0.04631,36.5394,0.156917
0.04643,36.3247,0.193143
0.04656,36.5081,0.207815
0.04664,36.4713,0.192203
0.04682,36.4786,0.145717
0.04682,36.4857,0.180924
0.04691,36.7582,0.279376
0.04738,36.5642,0.227553
0.0476,36.6009,0.159417
0.04777,36.5946,0.142856
0.04777,36.5627,0.207053
0.04819,36.4976,0.16366
0.04837,36.3735,0.152367
0.0486,36.3303,0.133124
0.04865,36.641,0.179443
0.04934,36.5997,0.200877
0.0494,36.4691,0.174923
0.04944,36.5828,0.165914
0.04985,36.6402,0.242899
0.04989,36.4714,0.183555
0.05018,36.5693,0.153455
0.05023,36.8583,0.160978
0.05032,36.5403,0.452607
0.05044,36.4621,0.200082
0.05049,36.5461,0.189043
0.05052,36.7036,0.130602
0.05066,36.8523,0.30135
0.05106,36.8804,0.166181
0.05126,36.393,0.199631
0.05151,36.5862,0.154491
0.05194,36.7759,0.226579
0.05202,36.8679,0.206551
0.05202,36.5433,0.297607
0.05222,36.8411,0.216572
0.05262,36.9144,0.205745
0.05309,36.7752,0.159497
0.05316,36.8474,0.170074
0.05346,36.8631,0.131065
0.05468,36.8327,0.176852
0.05469,36.8581,0.147136
0.05502,36.6433,0.173333
0.05541,36.8676,0.19249
0.05614,36.8109,0.191265
0.05653,36.9098,0.18307
0.05693,37.0393,0.174228
0.05708,36.9903,0.169312
0.05728,37.0687,0.21967
0.05824,36.9821,0.135485
0.05824,36.9324,0.144234
0.0583,36.9545,0.180838
0.05886,36.9802,0.213869
0.05886,37.146,0.251358
0.05974,36.3001,0.616925
0.06092,37.032,0.175525
0.06099,37.1631,0.120944
0.06099,37.1925,0.158283
0.06121,37.1383,0.196159
0.06137,36.9608,0.194277
0.06137,36.9691,0.139395
0.06153,37.0747,0.181317
0.06372,37.3517,0.204745
0.06384,37.0197,0.153498
0.06446,37.0786,0.15205
0.06533,37.0851,0.150634
0.06627,37.3617,0.201511
0.06654,37.1627,0.294956
0.06711,37.4237,0.192528
0.06725,37.2344,0.201202
0.06786,37.4935,0.188576
0.06844,37.2381,0.189306
0.06886,37.4213,0.15702
0.06897,37.2817,0.172038
0.07023,37.2944,0.276366
0.07056,37.2961,0.225296
0.07056,37.2775,0.210599
0.07073,37.4787,0.174101
0.07083,37.4814,0.446252
0.07089,37.4543,0.246335
0.0709,37.7291,0.5011
0.07091,37.3712,0.226654
0.07116,37.3552,0.194143
0.07158,37.2494,0.158791
0.07167,37.4155,0.207205
0.07193,37.5618,0.178788
0.07222,37.6319,0.197861
0.07252,37.6225,0.303565
0.07393,37.5535,0.174425
0.0744,37.4346,0.220406
0.07446,37.4501,0.190211
0.0752,37.4763,0.177722
0.0752,37.5656,0.152624
0.0756,37.8142,0.287885
0.07575,37.5461,0.215486
0.07588,37.6342,0.196478
0.07845,37.5715,0.147949
0.07859,37.8315,0.143561
0.07875,38.0154,0.237723
0.07875,38.0942,0.178084
0.07895,37.5988,0.502614
0.07906,37.7843,0.236664
0.07931,37.53,0.14472
0.07991,37.6003,0.155478
0.08009,37.6668,0.116193
0.08167,37.7215,0.217982
0.08245,37.8192,0.215925
0.08282,37.6774,0.264262
0.08309,37.9939,0.193241
0.0841,37.9686,0.219943
0.08572,37.8406,0.125696
0.08704,37.8484,0.215122
0.0887,37.7772,0.251737
0.09039,37.9202,0.215354
0.09089,38.0269,0.165363
0.09205,38.1602,0.264969
0.09293,38.2226,0.492553
0.0995,38.4377,0.192832
0.10165,38.2982,0.16334
0.10221,38.4085,0.185457
0.10246,38.2511,0.197718
0.10294,38.1815,0.184283
0.10361,38.3338,0.123462
0.10374,38.2079,0.194592
0.10507,38.4295,0.234634
0.10661,38.2611,0.193664
0.10707,38.4624,0.14869
0.10711,38.4295,0.208727
0.10713,38.7801,0.467763
0.10774,38.4984,0.178023
0.10794,38.4017,0.185149
0.10908,38.4016,0.130417
0.11001,38.5701,0.177701
0.11259,38.6214,0.160952
0.11388,38.3876,0.193044
0.1165,38.5408,0.157601
0.11653,38.6302,0.18377
0.1176,38.5727,0.23811
0.11792,38.6088,0.212712
0.11818,38.4157,0.124156
0.11901,38.5629,0.210657
0.12014,38.5958,0.198366
0.12058,38.7926,0.250808
0.12086,38.6348,0.30142
0.12207,38.5945,0.15559
0.12231,38.6119,0.22956
0.12278,38.6853,0.14204
0.12316,38.5967,0.273311
0.12357,38.6164,0.159899
0.12377,38.8009,0.332272
0.12383,38.8242,0.147879
0.12393,38.6504,0.143276
0.12405,38.835,0.21988
0.12472,38.7616,0.12294
0.1256,39.1417,0.297722
0.12623,38.4956,0.292103
0.12706,38.8125,0.258272
0.1271,38.6849,0.279584
0.1272,38.7429,0.157206
0.12732,38.7841,0.174841
0.1292,38.7547,0.148545
0.12921,38.8403,0.211075
0.1295,38.833,0.248982
0.12958,38.8429,0.140171
0.13169,38.802,0.13184
0.13281,38.7841,0.119156
0.13366,38.8266,0.28243
0.13372,38.8434,0.155367
0.13477,39.2366,0.19752
0.13535,39.0775,0.312165
0.13614,38.9771,0.204855
0.13658,38.8475,0.193696
0.137,39.0095,0.222665
0.13713,38.9616,0.257725
0.13745,39.3511,0.228804
0.13822,38.8857,0.125613
0.13826,38.9503,0.157441
0.1384,39.0229,0.121281
0.13851,39.0401,0.31794
0.13875,38.9999,0.173939
0.1388,39.0467,0.127924
0.13955,39.0213,0.143245
0.14082,39.1775,0.182028
0.14104,39.2835,0.201715
0.14123,39.0407,0.210706
0.14134,39.1237,0.259463
0.14325,39.047,0.158316
0.14345,39.5154,0.369665
0.14359,39.1135,0.126647
0.14404,39.0756,0.168444
0.14423,39.016,0.239442
0.14542,39.1518,0.208421
0.14638,39.1857,0.205643
0.14652,39.158,0.185624
0.14737,39.0154,0.19564
0.14747,38.9672,0.169668
0.14771,39.134,0.186845
0.14778,39.161,0.168022
0.14803,39.2285,0.183004
0.14806,39.0382,0.155606
0.14834,39.0239,0.140105
0.14898,39.1606,0.172844
0.1494,39.1104,0.173123
0.1505,39.1058,0.167881
0.15084,39.1687,0.131373
0.15195,39.0477,0.156456
0.15291,39.3239,0.171081
0.15318,39.2175,0.124868
0.15336,39.0991,0.157633
0.15341,39.2564,0.177329
0.15357,39.3639,0.173378
0.15511,39.2076,0.165696
0.15526,39.278,0.155517
0.15536,39.3994,0.173773
0.15601,38.9704,0.177159
0.15671,39.2087,0.208548
0.15856,39.0794,0.161473
0.15921,39.4267,0.282399
0.15931,38.9503,0.141359
0.15948,39.0908,0.140474
0.16004,39.0428,0.269298
0.16008,39.2286,0.165527
0.16053,39.2057,0.215367
0.16061,39.4242,0.258956
0.16077,39.2162,0.207521
0.16122,39.3106,0.244838
0.16236,39.3252,0.222431
0.16375,39.2807,0.199176
0.16448,39.2634,0.197482
0.16471,39.3293,0.136814
0.16495,39.3182,0.148483
0.16603,39.4938,0.240376
0.16606,39.1817,0.191603
0.16828,39.2757,0.163613
0.16924,39.5155,0.180867
0.16971,39.6721,0.273568
0.17042,39.4742,0.129908
0.17124,39.5424,0.274175
0.17169,39.4603,0.21301
0.17256,39.5021,0.175342
0.1727,39.2676,0.149932
0.17297,39.7263,0.251121
0.17331,39.3871,0.129054
0.17374,39.5403,0.181179
0.17378,39.3493,0.149076
0.17392,39.5986,0.317382
0.17417,39.5734,0.134443
0.1742,39.3317,0.151928
0.17438,39.5053,0.181979
0.17443,39.5546,0.22939
0.17444,39.4849,0.160388
0.17498,39.7434,0.18
0.17666,39.5164,0.132749
0.17713,39.5095,0.173535
0.17737,39.4771,0.135602
0.17786,39.3394,0.255935
0.17791,39.6477,0.128745
0.17852,39.9669,0.206103
0.17901,39.641,0.155005
0.17911,39.7672,0.19965
0.17931,39.5355,0.228237
0.17952,39.5509,0.279272
0.17973,39.5519,0.172535
0.17975,39.5962,0.207177
0.18004,39.9979,0.266717
0.1805,39.3688,0.134945
0.18073,39.5035,0.130991
0.18078,39.7166,0.177112
0.18082,39.6391,0.131234
0.18086,39.6151,0.244722
0.18092,39.6213,0.206231
0.18126,39.6585,0.224342
0.18136,39.4868,0.13131
0.18145,39.3953,0.233619
0.18217,39.5863,0.199241
0.18229,39.5259,0.147406
0.18231,39.6885,0.150029
0.18252,39.7821,0.175251
0.1836,39.5995,0.29295
0.18375,39.68,0.149144
0.18389,39.752,0.195575
0.18402,39.796,0.216702
0.18458,39.9384,0.281171
0.18459,39.7891,0.140077
0.18484,39.6548,0.2755
0.18493,39.613,0.132133
0.18506,39.7435,0.157021
0.18515,39.6347,0.158153
0.18522,39.5427,0.170059
0.18527,39.7882,0.136717
0.18667,39.7559,0.141963
0.18728,39.7694,0.134017
0.18809,39.7451,0.189553
0.18906,39.4384,0.147113
0.18908,39.8089,0.254842
0.18929,39.9359,0.227356
0.18929,40.1408,0.198697
0.18948,39.7413,0.207448
0.18952,39.7624,0.237114
0.18995,39.7286,0.223097
0.19025,39.8807,0.155666
0.19042,39.6892,0.293734
0.19044,39.9182,0.152469
0.19413,39.7983,0.217185
0.19434,39.8787,0.220354
0.19546,40.1343,0.403052
0.19553,39.7111,0.154272
0.19557,39.9082,0.194065
0.19568,39.958,0.210601
0.19616,39.7288,0.121857
0.19621,39.7747,0.155637
0.19627,39.8397,0.253215
0.19635,39.8927,0.292175
0.19733,39.8018,0.138981
0.19741,39.6932,0.128057
0.19782,39.492,0.187234
0.19817,39.7561,0.180536
0.19828,39.8879,0.172306
0.19861,40.3246,0.237064
0.19877,39.8881,0.209756
0.19878,39.889,0.172401
0.19908,40.0216,0.215956
0.19953,39.8511,0.252789
0.19961,39.6764,0.244669
0.1997,39.8965,0.169412
0.20077,39.6837,0.193097
0.20083,39.9838,0.251511
0.20087,39.7672,0.314972
0.20128,39.8575,0.215266
0.20231,39.6184,0.196276
0.20249,39.9949,0.157404
0.20279,39.8373,0.182984
0.2032,39.9658,0.144119
0.20329,39.8822,0.164646
0.20331,39.9277,0.171689
0.20334,39.9335,0.214434
0.20382,39.9041,0.169342
0.20469,39.8809,0.157717
0.20483,39.8427,0.200513
0.20523,40.1661,0.226108
0.20562,39.8126,0.172847
0.20691,39.9225,0.278525
0.20748,40.316,0.332572
0.20751,40.0725,0.146505
0.2084,39.7299,0.270839
0.20856,39.8758,0.144273
0.20868,40.1034,0.237981
0.2087,39.8639,0.195843
0.20879,39.8798,0.157351
0.20948,39.8413,0.260744
0.21015,40.1479,0.146409
0.21037,39.4543,0.184063
0.21084,39.9632,0.221376
0.21095,39.806,0.153359
0.21114,39.9552,0.161016
0.21134,40.1415,0.264746
0.21174,39.9676,0.228911
0.212,39.9136,0.192614
0.21225,39.9374,0.242226
0.2135,40.0218,0.16306
0.21365,40.0084,0.188405
0.21398,39.8874,0.195634
0.2144,40.0179,0.297682
0.21507,39.8825,0.477123
0.21521,40.4641,0.227836
0.21578,40.2253,0.257304
0.2165,39.8253,0.138936
0.21689,40.0672,0.188459
0.21692,40.0932,0.183323
0.21742,40.1395,0.268256
0.21794,39.9942,0.17274
0.21845,40.2216,0.202626
0.21881,40.1416,0.24612
0.21897,40.1925,0.23921
0.21898,40.1292,0.21715
0.21899,40.0296,0.127998
0.21941,40.0048,0.20721
0.2195,40.1098,0.157737
0.21972,40.0616,0.121352
0.21978,40.0882,0.171261
0.2199,40.2387,0.218533
0.22017,39.9228,0.241441
0.22066,40.1876,0.22365
0.22083,40.0798,0.265452
0.22132,40.0441,0.140687
0.22132,40.0588,0.202968
0.2215,40.1937,0.163954
0.22299,40.3257,0.27993
0.22349,40.1511,0.165084
0.22385,40.0162,0.170696
0.22449,40.1293,0.195353
0.22449,39.9449,0.244287
0.22493,40.1126,0.158331
0.22542,40.1491,0.171928
0.22543,40.1329,0.186984
0.22551,40.1856,0.19559
0.22578,39.9865,0.17388
0.22645,40.3912,0.199257
0.22726,40.097,0.226887
0.22818,40.2236,0.181397
0.22865,40.1604,0.307057
0.22928,40.2229,0.200596
0.22978,40.1351,0.186118
0.2302,40.1283,0.225836
0.23041,40.3062,0.258704
0.23082,40.0717,0.295617
0.23086,40.1049,0.202919
0.23092,40.2958,0.224673
0.23125,40.3169,0.187823
0.23162,40.201,0.225294
0.23164,40.0875,0.235724
0.23205,40.2045,0.157205
0.23282,39.8341,0.17888
0.23367,40.1857,0.253626
0.23378,40.4148,0.194504
0.23391,40.1788,0.290889
0.23395,40.1389,0.21239
0.23472,40.1912,0.326877
0.23481,40.2784,0.165515
0.23494,40.158,0.181242
0.2352,40.1629,0.273826
0.23556,40.2336,0.212494
0.23639,40.3805,0.153376
0.23662,40.2636,0.154383
0.23664,40.4674,0.191234
0.23685,40.119,0.235106
0.23693,40.2279,0.208496
0.23721,40.2245,0.202153
0.23746,40.7365,0.304522
0.23789,40.2317,0.170143
0.2395,39.9059,0.206653
0.23981,40.13,0.178758
0.2402,40.3847,0.262843
0.24085,40.4016,0.164535
0.24122,40.3291,0.127834
0.24151,40.1214,0.182146
0.24164,40.172,0.260278
0.2422,40.564,0.219703
0.2428,40.4217,0.218194
0.24284,40.5734,0.257709
0.24329,40.2516,0.140544
0.24354,40.538,0.305126
0.2441,40.2956,0.241308
0.24444,40.2064,0.220053
0.24459,40.1263,0.184175
0.24511,40.3336,0.207796
0.24523,40.4957,0.179625
0.24553,40.3582,0.217801
0.24585,40.4318,0.165167
0.24617,40.3473,0.146956
0.2465,40.378,0.16921
0.24656,40.2829,0.213035
0.2466,40.3907,0.152782
0.24711,40.1983,0.134755
0.24846,40.203,0.175101
0.2486,40.4912,0.214234
0.24861,40.4276,0.193762
0.24862,40.3657,0.260166
0.24865,40.3256,0.176269
0.24896,40.427,0.178589
0.24909,40.3167,0.165166
0.24972,40.6733,0.218948
0.24983,40.2961,0.205026
0.24986,40.3915,0.161473
0.25019,40.5965,0.222865
0.25022,40.3764,0.216542
0.25043,40.4145,0.177575
0.25051,40.5692,0.186783
0.25063,40.3009,0.186331
0.2509,40.3873,0.200797
0.25199,40.4698,0.205582
0.2526,40.4622,0.164293
0.2526,40.4066,0.257739
0.2533,40.3688,0.154711
0.25358,40.0303,0.261432
0.25407,40.4546,0.165575
0.25616,40.6458,0.192289
0.2562,40.5593,0.27033
0.25637,40.3729,0.205546
0.25683,40.5023,0.250287
0.25731,40.5776,0.248499
0.25736,40.4941,0.191714
0.25772,40.6088,0.223687
0.25813,40.528,0.229632
0.25859,40.4663,0.207532
0.25865,40.51,0.147331
0.25904,40.5418,0.161457
0.25919,40.2879,0.176551
0.25923,40.4255,0.16069
0.25948,40.5238,0.232277
0.25952,40.442,0.167819
0.26062,40.5033,0.169147
0.26094,40.6128,0.183961
0.26141,40.447,0.205762
0.26162,40.4182,0.22392
0.26172,40.6874,0.25753
0.26173,40.681,0.231725
0.26175,40.392,0.224408
0.26184,40.6935,0.247658
0.262,40.7216,0.215206
0.26303,41.2641,0.513925
0.26323,40.6388,0.167936
0.2636,40.3997,0.175278
0.26393,40.5588,0.165516
0.26397,40.3035,0.204064
0.26408,40.6342,0.380088
0.26419,40.5074,0.236921
0.2646,40.5153,0.196115
0.26463,40.6719,0.255049
0.26582,40.6087,0.218063
0.26583,40.3244,0.204333
0.2664,40.2901,0.263599
0.267,40.5463,0.203116
0.26791,40.5103,0.200253
0.26818,40.4623,0.230467
0.26859,40.579,0.189225
0.2686,40.4553,0.238883
0.26887,40.6039,0.215471
0.2702,40.6363,0.195143
0.27021,40.5089,0.16264
0.27057,40.5139,0.207561
0.27094,40.4887,0.163916
0.27141,40.5677,0.120414
0.27276,40.5415,0.171085
0.27351,40.4721,0.206932
0.27456,40.7399,0.291821
0.27509,40.7769,0.237894
0.27516,40.5286,0.240354
0.27585,40.6631,0.211862
0.27631,40.6749,0.178025
0.27668,40.8504,0.270893
0.27776,40.6186,0.243246
0.27782,40.9187,0.175971
0.27935,40.7037,0.162102
0.2799,40.5056,0.197483
0.27995,40.5664,0.150935
0.2806,40.6663,0.150697
0.28132,40.6224,0.172665
0.28207,40.5986,0.164427
0.28266,40.744,0.296127
0.28344,40.6596,0.18239
0.28405,40.5735,0.151751
0.28446,40.5431,0.184598
0.28446,40.6919,0.205322
0.28478,41.1135,0.350286
0.28557,40.7046,0.184018
0.28588,40.671,0.171088
0.28665,40.6389,0.215826
0.28734,40.5691,0.248937
0.28758,40.5379,0.237355
0.28775,40.8753,0.225614
0.28814,40.7075,0.186062
0.28844,40.749,0.135178
0.28854,40.7458,0.1632
0.28894,40.9433,0.22442
0.28901,40.7428,0.226897
0.28905,40.6763,0.165869
0.28907,40.702,0.275906
0.28949,40.9765,0.254687
0.28995,40.7393,0.270091
0.29008,40.7298,0.232933
0.29045,40.7861,0.229265
0.29123,40.484,0.217476
0.29193,40.7606,0.175644
0.29196,40.7653,0.170069
0.29215,40.7505,0.482974
0.29221,40.4229,0.291222
0.29251,40.6378,0.227227
0.29256,40.6952,0.223209
0.29293,40.7458,0.172198
0.29298,40.8268,0.201757
0.29365,40.857,0.203047
0.29504,40.762,0.171668
0.2958,41.0209,0.306727
0.29587,40.9989,0.163566
0.29647,40.9938,0.365057
0.29692,40.6595,0.200814
0.29695,40.7505,0.208762
0.29853,41.2705,0.23116
0.29855,40.6539,0.271544
0.29893,40.9195,0.253616
0.29933,41.0113,0.340612
0.29945,41.0213,0.194112
0.29947,40.7335,0.184499
0.3002,40.9837,0.196309
0.3003,40.8795,0.245709
0.30089,41.1729,0.293486
0.30142,40.8585,0.189791
0.30152,41.1086,0.20427
0.30251,40.8894,0.223122
0.30304,40.8204,0.273372
0.30352,40.9204,0.139941
0.30365,41.0778,0.195672
0.30404,40.719,0.220442
0.30406,40.7052,0.180508
0.30476,41.0411,0.241296
0.30486,40.9018,0.137489
0.30526,40.5924,0.30552
0.30538,40.9054,0.131087
0.30548,41.0041,0.224608
0.30581,40.9451,0.163275
0.30652,40.8959,0.199749
0.30681,41.16,0.237566
0.30691,40.9573,0.147609
0.30818,41.2018,0.137016
0.30834,40.9533,0.252626
0.30878,40.9954,0.150006
0.30922,41.046,0.24918
0.30938,40.9757,0.269028
0.30949,41.0177,0.299213
0.30962,40.72,0.255756
0.31052,40.6197,0.335336
0.31061,40.9962,0.219739
0.31088,41.046,0.180631
0.31144,41.0123,0.139148
0.31179,41.0377,0.209189
0.31203,40.9503,0.158158
0.31262,40.9565,0.147254
0.31267,41.0352,0.278167
0.3127,40.6239,0.204424
0.31296,41.0195,0.2017
0.31303,41.0061,0.174721
0.31387,41.0228,0.212727
0.31453,41.1251,0.153352
0.31506,41.0194,0.226199
0.3152,40.8837,0.218301
0.31588,41.2033,0.231736
0.31593,40.933,0.226031
0.31623,41.1979,0.272758
0.31782,41.0738,0.194052
0.31804,41.0772,0.165019
0.31822,41.0199,0.151096
0.3185,41.3345,0.326812
0.31901,41.141,0.17561
0.31901,40.8941,0.20208
0.32096,41.2315,0.20553
0.32104,40.9546,0.154025
0.32118,41.1921,0.292199
0.32206,40.7271,0.197428
0.32223,40.8628,0.155864
0.32223,40.8774,0.136121
0.32276,40.9316,0.210177
0.32446,41.0699,0.123552
0.32548,41.2273,0.19137
0.3256,41.2625,0.253854
0.3258,41.1639,0.269927
0.32581,41.0478,0.13912
0.32632,41.0504,0.154865
0.32804,41.0002,0.169699
0.32842,41.3079,0.307244
0.32848,41.351,0.277388
0.32851,40.934,0.294415
0.32868,41.0716,0.148043
0.32868,41.1,0.141621
0.32871,40.9276,0.220549
0.32907,41.0566,0.16293
0.32941,41.4109,0.309396
0.32952,41.2391,0.16024
0.32968,41.1031,0.111583
0.32995,40.8444,0.208068
0.33047,41.2306,0.128807
0.33056,41.1674,0.21272
0.33063,41.1689,0.229507
0.33089,41.1586,0.237926
0.3309,40.996,0.210322
0.33103,41.0098,0.134432
0.33147,41.0301,0.217018
0.33147,41.2335,0.284201
0.33147,41.1012,0.163826
0.33189,41.0149,0.141445
0.33237,40.977,0.156927
0.33298,41.3299,0.199859
0.3335,41.0025,0.139304
0.3335,41.0366,0.174041
0.3345,41.1204,0.234169
0.33498,41.0251,0.16973
0.3351,41.0242,0.175867
0.33671,41.0367,0.182251
0.33749,41.1678,0.277342
0.33751,41.0098,0.235699
0.33762,41.1477,0.174019
0.33778,41.1537,0.232298
0.33818,41.145,0.20951
0.33848,41.1131,0.198585
0.33897,41.0555,0.355487
0.34061,41.1737,0.190519
0.34098,41.0587,0.192415
0.34111,41.0641,0.25367
0.34169,41.2122,0.319871
0.34446,41.3081,0.150058
0.34448,41.2914,0.297982
0.34487,41.2333,0.169534
0.34545,41.2033,0.228622
0.34602,41.3318,0.13399
0.34696,41.4163,0.36936
0.34717,41.1174,0.242775
0.34881,41.3721,0.21674
0.3491,41.2499,0.156289
0.34912,41.282,0.204259
0.34932,41.1406,0.155629
0.34939,41.2033,0.166428
0.34949,41.005,0.224702
0.34949,41.3756,0.169292
0.34949,41.1526,0.204053
0.34968,41.4873,0.286414
0.35015,41.1867,0.144515
0.35059,41.2342,0.160871
0.35099,41.2532,0.159103
0.35149,41.4798,0.207758
0.35149,41.3343,0.136315
0.35372,41.3657,0.190035
0.35519,41.4647,0.221402
0.35774,41.3574,0.290713
0.358,41.3539,0.213552
0.35842,41.2423,0.214298
0.3585,41.1484,0.287731
0.35909,41.1532,0.304482
0.35909,41.4429,0.168965
0.35946,41.4213,0.152092
0.36017,41.187,0.189244
0.36034,41.0791,0.2287
0.36091,41.4328,0.195675
0.36147,41.1159,0.286753
0.3628,41.2452,0.208254
0.36325,41.364,0.2134
0.36499,41.4626,0.290313
0.36623,41.136,0.224608
0.36656,41.2327,0.153297
0.36713,41.2088,0.149493
0.3679,41.2627,0.163359
0.36799,41.4699,0.156057
0.36839,41.5479,0.335343
0.36857,41.463,0.344494
0.36962,41.4498,0.242857
0.36987,41.2185,0.253612
0.37023,41.3794,0.186837
0.37052,41.3759,0.160993
0.37053,41.3833,0.157731
0.37057,41.6395,0.255207
0.37062,41.273,0.281113
0.37062,41.0698,0.133144
0.37095,41.4098,0.389586
0.37138,41.334,0.165922
0.37153,41.3842,0.11347
0.37153,41.4289,0.1632
0.37353,41.3114,0.13027
0.37436,41.4722,0.233228
0.37676,41.4155,0.152336
0.37805,41.3598,0.221544
0.37852,41.4271,0.180392
0.37991,41.2959,0.218255
0.37997,41.4154,0.161555
0.38061,41.4614,0.186096
0.38092,41.4511,0.199616
0.38129,41.4549,0.202337
0.38153,41.6775,0.217312
0.38185,41.5615,0.197057
0.38248,41.3726,0.263796
0.38291,41.3678,0.204813
0.38402,41.5182,0.200026
0.386,41.5217,0.149698
0.38672,41.3791,0.269458
0.38744,41.5567,0.272138
0.38781,41.6302,0.282606
0.38895,41.383,0.197743
0.38949,41.544,0.190269
0.39255,41.4742,0.235747
0.3951,41.4677,0.20185
0.39706,41.259,0.166358
0.39944,41.7119,0.286551
0.4005,41.4918,0.15602
0.40221,41.4795,0.197688
0.40293,41.5478,0.289144
0.40368,41.616,0.212116
0.40463,41.6747,0.163837
0.40483,41.3373,0.200221
0.4055,41.7807,0.132801
0.40646,41.6914,0.166642
0.40895,41.7002,0.2385
0.4092,41.7405,0.36265
0.40935,41.7061,0.273629
0.40949,41.6784,0.170063
0.41004,41.6836,0.278663
0.41123,41.662,0.316941
0.4114,41.8335,0.241171
0.41161,41.8131,0.146641
0.41266,41.7893,0.329022
0.41657,41.7295,0.146745
0.41857,41.6174,0.200288
0.41936,41.6863,0.190697
0.41939,41.4604,0.220996
0.4196,41.8662,0.222992
0.41965,41.7981,0.234205
0.41995,41.4394,0.293175
0.42036,41.8343,0.343127
0.42088,41.6178,0.174351
0.42094,41.728,0.248656
0.42195,41.5336,0.269472
0.42247,41.6483,0.230128
0.42249,41.6796,0.274122
0.42348,41.5955,0.1845
0.4236,41.8403,0.399906
0.42399,41.7264,0.131426
0.42459,41.7483,0.193961
0.42568,41.7039,0.193594
0.42602,41.7517,0.173359
0.427,41.813,0.227945
0.42703,41.8348,0.196477
0.42793,42.2757,0.237078
0.42859,41.8825,0.402639
0.42895,41.6443,0.191504
0.42903,41.8266,0.249299
0.42976,41.9219,0.196222
0.4302,41.8354,0.163569
0.43494,41.7828,0.181679
0.43546,41.5839,0.130894
0.43683,42.0051,0.179784
0.4376,41.6253,0.163932
0.43783,41.882,0.355854
0.4389,41.4679,0.209461
0.43891,41.6682,0.278656
0.43935,41.8262,0.200978
0.44013,42.1401,0.44109
0.44067,41.6364,0.157885
0.44149,41.6823,0.181576
0.44245,41.8523,0.17077
0.44263,41.9039,0.137065
0.44361,41.793,0.180208
0.44391,41.8069,0.289089
0.44764,41.8552,0.222321
0.44886,41.8853,0.220164
0.44891,41.9875,0.213951
0.45068,41.6446,0.155357
0.45106,41.9281,0.211716
0.45162,41.5892,0.223723
0.45162,41.9923,0.152341
0.45163,41.7162,0.304189
0.45218,41.9959,0.318935
0.45328,41.7953,0.206024
0.45346,41.8863,0.141558
0.45458,41.7873,0.207487
0.45477,41.8839,0.282863
0.45885,41.9679,0.250735
0.46064,42.0021,0.189025
0.46104,42.0162,0.228663
0.46164,41.9839,0.135783
0.46643,42.3424,0.395571
0.46654,42.048,0.133213
0.46842,41.9733,0.20437
0.46887,41.7631,0.232472
0.47042,42.2151,0.403614
0.47065,42.0135,0.178608
0.47163,41.9798,0.209178
0.47204,42.0374,0.255487
0.47565,41.938,0.175042
0.47786,42.2269,0.226675
0.47941,41.8695,0.202088
0.47946,42.0107,0.197147
0.47988,41.8956,0.236258
0.48064,42.0041,0.158073
0.48065,41.9748,0.136578
0.48164,42.3055,0.209151
0.48888,42.0842,0.197899
0.49244,42.2783,0.334315
0.49499,42.0821,0.162788
0.49566,42.1453,0.117866
0.49579,42.0817,0.151559
0.49739,42.1268,0.224236
0.50067,42.257,0.252376
0.50098,42.1165,0.281843
0.50282,42.161,0.216875
0.50285,42.0703,0.311707
0.50306,42.1484,0.310109
0.50316,42.1444,0.227088
0.50593,42.079,0.164502
0.50615,42.1043,0.149287
0.50725,42.2358,0.178949
0.50739,42.2419,0.287557
0.50825,42.0193,0.182324
0.51016,42.0945,0.141859
0.51095,42.0583,0.237556
0.51169,42.3885,0.225672
0.51387,42.2567,0.358645
0.51437,42.2259,0.194295
0.51469,42.3259,0.402018
0.51726,42.0932,0.188517
0.51883,42.1949,0.248961
0.51885,42.1824,0.207812
0.51941,42.2438,0.313952
0.51968,42.2905,0.194591
0.52271,42.3496,0.272593
0.524,42.1774,0.368248
0.5262,42.1702,0.221632
0.52859,42.0855,0.186889
0.52937,42.2913,0.138414
0.53099,41.8802,0.232749
0.53111,42.5109,0.288005
0.53124,42.5253,0.379971
0.53225,41.9821,0.220331
0.53271,42.2472,0.293113
0.53372,42.1649,0.272484
0.53435,42.1433,0.223672
0.53534,42.3205,0.202915
0.53572,42.2134,0.20776
0.53942,42.3338,0.24298
0.54097,42.2791,0.23188
0.54152,42.53,0.240962
0.54545,42.5633,0.18949
0.54834,42.0235,0.362217
0.54881,42.1695,0.377591
0.55021,42.3253,0.19401
0.55033,42.3728,0.2067
0.55046,42.4104,0.375291
0.55267,42.1938,0.242653
0.55375,42.49,0.205365
0.55384,42.0827,0.175342
0.55782,42.4389,0.193312
0.55882,42.7331,0.382347
0.55882,42.2975,0.35519
0.56181,42.2937,0.226224
0.56269,42.6016,0.263864
0.56283,42.4296,0.233154
0.56437,42.3928,0.219457
0.56437,42.4881,0.205824
0.56437,42.3969,0.295284
0.56481,42.4873,0.190849
0.56879,42.2407,0.260944
0.57542,42.1912,0.452062
0.57577,42.5915,0.211441
0.57619,42.4887,0.200291
0.57668,42.4263,0.164644
0.57737,42.645,0.289693
0.5783,42.4174,0.243357
0.57831,42.4512,0.23966
0.57882,42.4272,0.212684
0.57891,42.5317,0.230108
0.57967,42.3923,0.229578
0.58067,42.573,0.261104
0.5808,42.7061,0.238297
0.58301,42.5408,0.165845
0.5833,42.7974,0.184233
0.58382,42.4765,0.196641
0.58382,42.6489,0.182769
0.5839,42.4199,0.197532
0.58582,42.707,0.371991
0.5873,42.6241,0.201234
0.58879,42.5021,0.218369
0.59029,42.5156,0.246781
0.59179,42.4508,0.254399
0.60067,42.6116,0.277528
0.60155,42.7562,0.393855
0.60328,42.7503,0.19827
0.60626,42.6158,0.273748
0.60827,42.5904,0.226786
0.60876,42.4282,0.349285
0.60878,42.6179,0.229166
0.60981,42.6876,0.320347
0.61071,42.6686,0.182249
0.61127,42.9049,0.24621
0.61177,42.701,0.162208
0.61577,42.7085,0.346221
0.61875,42.7164,0.387817
0.61941,42.6948,0.273973
0.61983,42.7557,0.15249
0.6207,42.6988,0.266773
0.62183,42.5894,0.274297
0.62525,42.6577,0.213447
0.62725,42.585,0.242543
0.63077,42.6632,0.201051
0.63183,42.3111,0.325833
0.63225,42.8493,0.322534
0.63399,42.5972,0.145119
0.63777,42.5298,0.442055
0.63794,42.8637,0.309645
0.63824,42.6594,0.366523
0.63873,42.7804,0.26025
0.63934,42.79,0.16971
0.64185,42.8476,0.255519
0.64311,42.3609,0.406947
0.64371,42.7992,0.308662
0.64371,42.8034,0.315374
0.6477,42.819,0.287168
0.64852,43.0397,0.271027
0.6487,42.7335,0.309502
0.64962,42.7805,0.147114
0.66213,42.9793,0.278466
0.6647,42.8698,0.232426
0.67072,43.0677,0.273465
0.67773,43.2251,0.310626
0.6819,42.8376,0.23784
0.68372,43.1716,0.406839
0.68519,43.0166,0.365177
0.68872,42.8137,0.224893
0.68935,42.8535,0.154427
0.68936,43.0444,0.270648
0.69072,42.9143,0.425
0.69318,42.9162,0.316876
0.69718,42.9692,0.211018
0.69818,42.9671,0.341743
0.69918,42.9402,0.337384
0.69918,43.0691,0.213646
0.69932,43.1107,0.153542
0.69992,43.1147,0.294144
0.7007,42.917,0.221555
0.70117,43.0968,0.260185
0.70192,42.8962,0.461925
0.70192,43.0433,0.251306
0.71571,42.9944,0.244445
0.71874,42.8739,0.186486
0.71968,43.1638,0.202759
0.71969,42.97,0.34116
0.72015,43.1612,0.241658
0.72074,43.0459,0.303977
0.72674,43.0811,0.246891
0.72774,43.008,0.25567
0.72866,43.005,0.282209
0.73014,42.9186,0.320827
0.73161,43.1799,0.194559
0.73368,42.9845,0.194032
0.73395,43.22,0.387349
0.73495,43.2537,0.222986
0.73568,43.1807,0.255688
0.73596,43.1675,0.424782
0.73675,42.992,0.213187
0.74196,43.4813,0.324017
0.74276,43.0825,0.326063
0.74573,43.1675,0.193302
0.74607,42.9817,0.253305
0.74911,42.9396,0.261096
0.7493,43.1772,0.160977
0.75074,42.9012,0.317571
0.75899,43.2469,0.231584
0.76076,43.0667,0.199341
0.7611,43.1767,0.235082
0.76165,43.131,0.238347
0.76566,43.2369,0.223812
0.76666,43.4224,0.2487
0.76674,43.3623,0.268898
0.76709,43.5587,0.255729
0.76865,43.2929,0.310504
0.76932,43.2168,0.160486
0.77309,43.3568,0.293843
0.77929,43.0395,0.309918
0.78807,43.3042,0.230473
0.78907,43.3837,0.269829
0.78928,43.1995,0.163342
0.79662,42.9026,0.371115
0.79863,43.4338,0.286876
0.83981,43.36,0.210118
0.83981,43.2012,0.389488
0.85482,43.6168,0.298695
0.93585,43.5331,0.238415
0.97423,44.1111,0.199702
1.01242,44.1177,0.36609
1.01988,44.2757,0.224284
1.02088,43.9706,0.474703
1.02789,44.5364,0.352352
1.04817,44.4229,0.488011
1.12092,44.4405,0.221994
1.23225,44.3207,0.609899
1.23597,44.905,0.2724
1.29911,44.8641,0.273963
1.3041,44.7206,0.315363
1.30611,45.0197,0.444343
1.31317,44.7867,0.315195
1.3291,44.8745,0.23681
1.34101,44.7541,0.305203
1.35136,44.5492,0.317314
1.35608,44.8094,0.236747
1.39103,44.7944,0.37337
1.41633,44.4579,0.735281
1.5429,45.0902,0.370031
1.54901,45.293,0.232206
1.61505,45.1595,0.331927
1.69706,45.2863,0.379521
1.80119,45.4865,0.280685
1.91165,45.4233,0.357624
2.26137,46.1828,0.280011
