z,Sigma_at_L200,growth_delta_model_over_lcdm,lcdm_kernel_weight_unnormalized
9.999999999999999547e-08,7.214310517828108615e-01,9.550899794816100075e-01,2.249274359925875590e-12
7.810966868938951958e-03,7.191934142925550111e-01,9.551161396301315332e-01,2.265479871961069781e-12
1.568294494130556549e-02,7.169848285758346762e-01,9.551473690348060153e-01,2.281596222195872803e-12
2.361641077358844765e-02,7.148066623787527885e-01,9.551836834758508088e-01,2.297618390709267650e-12
3.161184464464315141e-02,7.126602530339610775e-01,9.552250903020933492e-01,2.313541563878798150e-12
3.966973058476746389e-02,7.105469348588466794e-01,9.552716029778759443e-01,2.329360929645962309e-12
4.779055640500375762e-02,7.084680375846763578e-01,9.553232230209689479e-01,2.345071681685591154e-12
5.597481372667035410e-02,7.064248847599849945e-01,9.553799590546684373e-01,2.360669023636038664e-12
6.422299801112336948e-02,7.044187921310061107e-01,9.554418081947819719e-01,2.376148173383369888e-12
7.253560858975112435e-02,7.024510660020847341e-01,9.555087732005757006e-01,2.391504367392412393e-12
8.091314869420296318e-02,7.005230015791403808e-01,9.555808488356752894e-01,2.406732865077305181e-12
8.935612548685385736e-02,6.986358812993730405e-01,9.556580293863906617e-01,2.421828953203858113e-12
9.786505009150736623e-02,6.967909731505219639e-01,9.557403080147304220e-01,2.436787950315856360e-12
1.064404376243381495e-01,6.949895289830978484e-01,9.558276704461029505e-01,2.451605211177123281e-12
1.150828072250761613e-01,6.932327828191024999e-01,9.559201071521110649e-01,2.466276131221082865e-12
1.237926820884346774e-01,6.915219491608460833e-01,9.560175965356739747e-01,2.480796150999255476e-12
1.325705894957834863e-01,6.898582213035471256e-01,9.561201256695566197e-01,2.495160760620075425e-12
1.414170608470697033e-01,6.882427696554698215e-01,9.562276684099672019e-01,2.509365504169227038e-12
1.503326316929878281e-01,6.866767400694093748e-01,9.563402051332842158e-01,2.523405984102623170e-12
1.593178417674011305e-01,6.851612521893817309e-01,9.564577059660948066e-01,2.537277865603094000e-12
1.683732350200161099e-01,6.836973978164031518e-01,9.565801432064733323e-01,2.550976880891776792e-12
1.774993596493124881e-01,6.822862392972669499e-01,9.567074853600013862e-01,2.564498833485250183e-12
1.866967681357300790e-01,6.809288079402260330e-01,9.568396951836729558e-01,2.577839602389419869e-12
1.959660172751152007e-01,6.796261024614873580e-01,9.569767401813511487e-01,2.590995146221240036e-12
2.053076682124279906e-01,6.783790874663924164e-01,9.571185766342346080e-01,2.603961507249468849e-12
2.147222864757133420e-01,6.771886919691330053e-01,9.572651682555269881e-01,2.616734815345739051e-12
2.242104420103369078e-01,6.760558079547878130e-01,9.574164648444196679e-01,2.629311291837367351e-12
2.337727092134887497e-01,6.749812889874113875e-01,9.575724244880791103e-01,2.641687253253588371e-12
2.434096669689563563e-01,6.739659488678171329e-01,9.577329933029697928e-01,2.653859114956980526e-12
2.531218986821692774e-01,6.730105603446105977e-01,9.578981216595133796e-01,2.665823394652236938e-12
2.629099923155175933e-01,6.721158538819136385e-01,9.580677547969324026e-01,2.677576715764607336e-12
2.727745404239460547e-01,6.712825164871036865e-01,9.582418357130736419e-01,2.689115810680692743e-12
2.827161401908265259e-01,6.705111906017544587e-01,9.584203094338235029e-01,2.700437523844588968e-12
2.927353934641103161e-01,6.698024730588146847e-01,9.586031104614337606e-01,2.711538814702738044e-12
3.028329067927632012e-01,6.691569141089040995e-01,9.587901805546547029e-01,2.722416760491234064e-12
3.130092914634849399e-01,6.685750165184289884e-01,9.589814487503645069e-01,2.733068558859743079e-12
3.232651635377151722e-01,6.680572347420379309e-01,9.591768519968877360e-01,2.743491530326592525e-12
3.336011438889294189e-01,6.676039741717411102e-01,9.593763163544340999e-01,2.753683120560103036e-12
3.440178582402249607e-01,6.672155904648142677e-01,9.595797737746305511e-01,2.763640902481641035e-12
3.545159372022015920e-01,6.668923889523905579e-01,9.597871502445248781e-01,2.773362578186383812e-12
3.650960163111378054e-01,6.666346241304255127e-01,9.599983709864516879e-01,2.782845980678278352e-12
3.757587360674646271e-01,6.664424992344863963e-01,9.602133608106522278e-01,2.792089075416211134e-12
3.865047419745409329e-01,6.663161658995844228e-01,9.604320375306197866e-01,2.801089961668906144e-12
3.973346845777308567e-01,6.662557239060260539e-01,9.606543247078923597e-01,2.809846873676551007e-12
4.082492195037867311e-01,6.662612210120135714e-01,9.608801346849039637e-01,2.818358181617815956e-12
4.192490075005399497e-01,6.663326528734755394e-01,9.611093893975831692e-01,2.826622392381293861e-12
4.303347144769011368e-01,6.664699630513614137e-01,9.613419995136902596e-01,2.834638150141073743e-12
4.415070115431735109e-01,6.666730431063749851e-01,9.615778836754367287e-01,2.842404236736581066e-12
4.527665750516803866e-01,6.669417327808768725e-01,9.618169524736680520e-01,2.849919571857436440e-12
4.641140866377109764e-01,6.672758202674318184e-01,9.620591178726304316e-01,2.857183213034530317e-12
4.755502332607849936e-01,6.676750425632280717e-01,9.623042913221279138e-01,2.864194355439075856e-12
4.870757072462401083e-01,6.681390859093545576e-01,9.625523787519921770e-01,2.870952331491857365e-12
4.986912063271444762e-01,6.686675863136758435e-01,9.628032916016652232e-01,2.877456610285425659e-12
5.103974336865358952e-01,6.692601301558153137e-01,9.630569333521336040e-01,2.883706796822435163e-12
5.221950979999918641e-01,6.699162548725241528e-01,9.633132154986884244e-01,2.889702631073747724e-12
5.340849134785311536e-01,6.706354497214958021e-01,9.635720404509167114e-01,2.895443986860426524e-12
5.460675999118509427e-01,6.714171566214708342e-01,9.638333180741462947e-01,2.900930870564083961e-12
5.581438827119024060e-01,6.722607710662749092e-01,9.640969500195051278e-01,2.906163419670509005e-12
5.703144929568049193e-01,6.731656431102386318e-01,9.643628426109613905e-01,2.911141901151794820e-12
5.825801674351052117e-01,6.741310784222662722e-01,9.646308991281659084e-01,2.915866709692602613e-12
5.949416486903807977e-01,6.751563394056461220e-01,9.649010216676379148e-01,2.920338365766447703e-12
6.073996850661921298e-01,6.762406463805427093e-01,9.651731168127676286e-01,2.924557513568250839e-12
6.199550307513871372e-01,6.773831788259579989e-01,9.654470849266780785e-01,2.928524918809598139e-12
6.326084458257571486e-01,6.785830766778174761e-01,9.657228340289936153e-01,2.932241466383439775e-12
6.453606963060520840e-01,6.798394416797223228e-01,9.660002642681830842e-01,2.935708157905128391e-12
6.582125541923530276e-01,6.811513387827931032e-01,9.662792829832033137e-01,2.938926109136909465e-12
6.711647975148081757e-01,6.825177975909493266e-01,9.665597911591398139e-01,2.941896547303094584e-12
6.842182103807332716e-01,6.839378138478837688e-01,9.668416945712634547e-01,2.944620808303303698e-12
6.973735830220808563e-01,6.854103509619324797e-01,9.671248966831104132e-01,2.947100333831238329e-12
7.106317118432785573e-01,6.869343415649873386e-01,9.674093025242392896e-01,2.949336668406482077e-12
7.239933994694427444e-01,6.885086891015704813e-01,9.676948194489137789e-01,2.951331456326978627e-12
7.374594547949679946e-01,6.901322694441637262e-01,9.679813515893221920e-01,2.953086438549700936e-12
7.510306930324961439e-01,6.918039325308817933e-01,9.682688091282344311e-01,2.954603449507103676e-12
7.647079357622682538e-01,6.935225040215875492e-01,9.685570965501273388e-01,2.955884413866925095e-12
7.784920109818609379e-01,6.952867869685646074e-01,9.688461252603107754e-01,2.956931343242784573e-12
7.923837531563129311e-01,6.970955634979005833e-01,9.691358012913973141e-01,2.957746332862965133e-12
8.063840032686413473e-01,6.989475964977759359e-01,9.694260367730483940e-01,2.958331558204700354e-12
8.204936088707538433e-01,7.008416313099181671e-01,9.697167416295731091e-01,2.958689271601093631e-12
8.347134241347584638e-01,7.027763974205438746e-01,9.700078284670775597e-01,2.958821798827702851e-12
8.490443099046727227e-01,7.047506101471970874e-01,9.702992113783549533e-01,2.958731535675644611e-12
8.634871337485382492e-01,7.067629723179841283e-01,9.705908035272832191e-01,2.958420944517882273e-12
8.780427700109421085e-01,7.088121759398000599e-01,9.708825225744079912e-01,2.957892550875191711e-12
8.927120998659476836e-01,7.108969038522584549e-01,9.711742828213191236e-01,2.957148939988047775e-12
9.074960113704405584e-01,7.130158313641521417e-01,9.714660044405372119e-01,2.956192753400528311e-12
9.223953995178882925e-01,7.151676278693936961e-01,9.717576044356917020e-01,2.955026685562000529e-12
9.374111662925233013e-01,7.173509584395256766e-01,9.720490053480431714e-01,2.953653480452208362e-12
9.525442207239466219e-01,7.195644853900191595e-01,9.723401279247168016e-01,2.952075928235046980e-12
9.677954789421593373e-01,7.218068698177304565e-01,9.726308965277977725e-01,2.950296861946130551e-12
9.831658642330244335e-01,7.240767731070307800e-01,9.729212364339085983e-01,2.948319154218947489e-12
9.986563070941593123e-01,7.263728584022741686e-01,9.732110734127348284e-01,2.946145714054113914e-12
1.014267745291267842e+00,7.286937920444270800e-01,9.735003365729661962e-01,2.943779483636042167e-12
1.030001123914910277e+00,7.310382449698388241e-01,9.737889538419898239e-01,2.941223435200987023e-12
1.045857395437718385e+00,7.334048940692897700e-01,9.740768576857188332e-01,2.938480567960191493e-12
1.061837519772055982e+00,7.357924235056155782e-01,9.743639790806924994e-01,2.935553905081629983e-12
1.077942464328131011e+00,7.381995259883646909e-01,9.746502536122962912e-01,2.932446490733457579e-12
1.094173204072559358e+00,7.406249040041068543e-01,9.749356163078503057e-01,2.929161387192136951e-12
1.110530721587389635e+00,7.430672710011660964e-01,9.752200053921366019e-01,2.925701672017856878e-12
1.127016007129586717e+00,7.455253525277139026e-01,9.755033598249225335e-01,2.922070435299654070e-12
1.143630058690978668e+00,7.479978873223043223e-01,9.757856202899355402e-01,2.918270776972319968e-12
1.160373882058675754e+00,7.504836283560964993e-01,9.760667296129227344e-01,2.914305804207031637e-12
1.177248490875957065e+00,7.529813438261450109e-01,9.763466309324598802e-01,2.910178628877264162e-12
1.194254906703636321e+00,7.554898180992960510e-01,9.766252706260144523e-01,2.905892365101462833e-12
1.211394159081905064e+00,7.580078526063614985e-01,9.769025954221958186e-01,2.901450126863562788e-12
1.228667285592659031e+00,7.605342666863802448e-01,9.771785553511835865e-01,2.896855025712324276e-12
1.246075331922311458e+00,7.630678983809109361e-01,9.774531004458775207e-01,2.892110168540225481e-12
1.263619351925097778e+00,7.656076051784242997e-01,9.777261838266778637e-01,2.887218655442405273e-12
1.281300407686873699e+00,7.681522647089862321e-01,9.779977593426234517e-01,2.882183577655971315e-12
1.299119569589412659e+00,7.707007753895394053e-01,9.782677826153264311e-01,2.877008015579841958e-12
1.317077916375204882e+00,7.732520570201981691e-01,9.785362108579137574e-01,2.871695036875014494e-12
1.335176535212761806e+00,7.758050513320816632e-01,9.788030026531945316e-01,2.866247694645101825e-12
1.353416521762432323e+00,7.783587224873032007e-01,9.790681192176926562e-01,2.860669025696707825e-12
1.371798980242731947e+00,7.809120575318284629e-01,9.793315223579556195e-01,2.854962048879143367e-12
1.390325023497191337e+00,7.834640668020033116e-01,9.795931762006723220e-01,2.849129763502781466e-12
1.408995773061723522e+00,7.860137842856257384e-01,9.798530461912776657e-01,2.843175147835265141e-12
1.427812359232522699e+00,7.885602679385209646e-01,9.801110993134566352e-01,2.837101157674618029e-12
1.446775921134488607e+00,7.911025999576341006e-01,9.803673038008682283e-01,2.830910724998231856e-12
1.465887606790187370e+00,7.936398870117264970e-01,9.806216294454596083e-01,2.824606756686563110e-12
1.485148573189352783e+00,7.961712604308126551e-01,9.808740476413558840e-01,2.818192133320278733e-12
1.504559986358925849e+00,7.986958763555246366e-01,9.811245318039337748e-01,2.811669708049545060e-12
1.524123021433645642e+00,8.012129158476375412e-01,9.813730559370498208e-01,2.805042305534027772e-12
1.543838862727189953e+00,8.037215849630249265e-01,9.816195964348131131e-01,2.798312720952079769e-12
1.563708703803871058e+00,8.062211147883467932e-01,9.818641304186348506e-01,2.791483719077635075e-12
1.583733747550893689e+00,8.087107614428040714e-01,9.821066367900680438e-01,2.784558033423097452e-12
1.603915206251173231e+00,8.111898060463081928e-01,9.823470951262217588e-01,2.777538365446686096e-12
1.624254301656727462e+00,8.136575546554398741e-01,9.825854868896497507e-01,2.770427383822403915e-12
1.644752265062638941e+00,8.161133381685794497e-01,9.828217947964346113e-01,2.763227723771007953e-12
1.665410337381594053e+00,8.185565122016005279e-01,9.830560029116529597e-01,2.755941986450119995e-12
1.686229769219009134e+00,8.209864569355223018e-01,9.832880966139919687e-01,2.748572738401756352e-12
1.707211820948736580e+00,8.234025769375168391e-01,9.835180623057446780e-01,2.741122511055418900e-12
1.728357762789366925e+00,8.258043009566614634e-01,9.837458882361738155e-01,2.733593800284946798e-12
1.749668874881127323e+00,8.281910816958215626e-01,9.839715626274587734e-01,2.725989066017317008e-12
1.771146447363376453e+00,8.305623955610351716e-01,9.841950760705280299e-01,2.718310731891523977e-12
1.792791780452709594e+00,8.329177423897581312e-01,9.844164190239892420e-01,2.710561184965737104e-12
1.814606184521670329e+00,8.352566451593106400e-01,9.846355845848958621e-01,2.702742775470926120e-12
1.836590980178079757e+00,8.375786496768481415e-01,9.848525656389381933e-01,2.694857816609125957e-12
1.858747498344981874e+00,8.398833242521511755e-01,9.850673569189020151e-01,2.686908584394510233e-12
1.881077080341216679e+00,8.421702593545127291e-01,9.852799540877059670e-01,2.678897317535590710e-12
1.903581077962621437e+00,8.444390672549664245e-01,9.854903532445017378e-01,2.670826217356681990e-12
1.926260853563865449e+00,8.466893816550757901e-01,9.856985523355797918e-01,2.662697447756967388e-12
1.949117780140926071e+00,8.489208573034714433e-01,9.859045488674628155e-01,2.654513135205404170e-12
1.972153241414205560e+00,8.511331696012920389e-01,9.861083429962658187e-01,2.646275368769848560e-12
1.995368631912301627e+00,8.533260141976533042e-01,9.863099341141884357e-01,2.637986200178677049e-12
2.018765357056427678e+00,8.554991065762294067e-01,9.865093240524838158e-01,2.629647643913377724e-12
2.042344833245495650e+00,8.576521816340052506e-01,9.867065140891986275e-01,2.621261677330425308e-12
2.066108487941863636e+00,8.597849932532128925e-01,9.869015074507530016e-01,2.612830240810982274e-12
2.090057759757750322e+00,8.618973138674328460e-01,9.870943074157522146e-01,2.604355237936867786e-12
2.114194098542325762e+00,8.639889340228064096e-01,9.872849179066850445e-01,2.595838535691313790e-12
2.138518965469485167e+00,8.660596619352611825e-01,9.874733443735497218e-01,2.587281964683126920e-12
2.163033833126303929e+00,8.681093230446215170e-01,9.876595916684387522e-01,2.578687319392781191e-12
2.187740185602186305e+00,8.701377595664325781e-01,9.878436671892847354e-01,2.570056358439169209e-12
2.212639518578710440e+00,8.721448300422920408e-01,9.880255768108350267e-01,2.561390804865632582e-12
2.237733339420172829e+00,8.741304088894449320e-01,9.882053293145329764e-01,2.552692346444035208e-12
2.263023167264842872e+00,8.760943859503601550e-01,9.883829320315261624e-01,2.543962635995628172e-12
2.288510533116928425e+00,8.780366660429711478e-01,9.885583944647124977e-01,2.535203291727524444e-12
2.314196979939261656e+00,8.799571685122246079e-01,9.887317255354158840e-01,2.526415897583610055e-12
2.340084062746704774e+00,8.818558267835489017e-01,9.889029351058458150e-01,2.517602003608831129e-12
2.366173348700290280e+00,8.837325879188144828e-01,9.890720340135888966e-01,2.508763126325720199e-12
2.392466417202093520e+00,8.855874121753279926e-01,9.892390324882903707e-01,2.499900749122171447e-12
2.418964859990847316e+00,8.874202725683651982e-01,9.894039428563441430e-01,2.491016322649479372e-12
2.445670281238302213e+00,8.892311544377149435e-01,9.895667759342490211e-01,2.482111265229661018e-12
2.472584297646342133e+00,8.910200550186765378e-01,9.897275451687138625e-01,2.473186963271175224e-12
2.499708538544855863e+00,8.927869830179187005e-01,9.898862621421500307e-01,2.464244771692136981e-12
2.527044645990372373e+00,8.945319581945780918e-01,9.900429407996641507e-01,2.455286014350225974e-12
2.554594274865471082e+00,8.962550109469489268e-01,9.901975939217186884e-01,2.446311984478448001e-12
2.582359092978965265e+00,8.979561819050818627e-01,9.903502355599327345e-01,2.437323945126007692e-12
2.610340781166866186e+00,8.996355215295859242e-01,9.905008800203595198e-01,2.428323129603564731e-12
2.638541033394139923e+00,9.012930897168999200e-01,9.906495411412884478e-01,2.419310741932162706e-12
2.666961556857256443e+00,9.029289554112729377e-01,9.907962345869327780e-01,2.410287957295177897e-12
2.695604072087541603e+00,9.045431962236705203e-01,9.909409743408076343e-01,2.401255922492655094e-12
2.724470313055333381e+00,9.061358980577964850e-01,9.910837768355945654e-01,2.392215756397434294e-12
2.753562027274955248e+00,9.077071547434025778e-01,9.912246564326081533e-01,2.383168550412499990e-12
2.782880975910507093e+00,9.092570676770298510e-01,9.913636299015210485e-01,2.374115368929015473e-12
2.812428933882483939e+00,9.107857454703105482e-01,9.915007123891075302e-01,2.365057249784538080e-12
2.842207689975223328e+00,9.122933036059366341e-01,9.916359205762584894e-01,2.355995204720918184e-12
2.872219046945202248e+00,9.137798641013822332e-01,9.917692706955727466e-01,2.346930219841455026e-12
2.902464821630165837e+00,9.152455551804504763e-01,9.919007789557839905e-01,2.337863256066871540e-12
2.932946845059118957e+00,9.166905109526972684e-01,9.920304627537207542e-01,2.328795249589689353e-12
2.963666962563173524e+00,9.181148711007691698e-01,9.921583380000138508e-01,2.319727112326658205e-12
2.994627033887262701e+00,9.195187805756762645e-01,9.922844227454976629e-01,2.310659732368868627e-12
3.025828933302724177e+00,9.209023893000083394e-01,9.924087329265328661e-01,2.301593974429208989e-12
3.057274549720767620e+00,9.222658518790867177e-01,9.925312868007190037e-01,2.292530680286898342e-12
3.088965786806825875e+00,9.236093273200350895e-01,9.926521007018241916e-01,2.283470669228739610e-12
3.120904563095798778e+00,9.249329787587353691e-01,9.927711926657490915e-01,2.274414738486910186e-12
3.153092812108198473e+00,9.262369731946304974e-01,9.928885797999644769e-01,2.265363663672960331e-12
3.185532482467204218e+00,9.275214812333197889e-01,9.930042795027488323e-01,2.256318199207860254e-12
3.218225538016623588e+00,9.287866768368847614e-01,9.931183098013686150e-01,2.247279078747835766e-12
3.251173957939783588e+00,9.300327370818777251e-01,9.932306875497199927e-01,2.238247015605810736e-12
3.284379736879347700e+00,9.312598419248907522e-01,9.933414313415238617e-01,2.229222703168309763e-12
3.317844885058065518e+00,9.324681739756216503e-01,9.934505577556393963e-01,2.220206815307606162e-12
3.351571428400471842e+00,9.336579182773423469e-01,9.935580854984413790e-01,2.211200006789015517e-12
3.385561408655529458e+00,9.348292620946705433e-01,9.936640312070513792e-01,2.202202913673160326e-12
3.419816883520235162e+00,9.359823947085388340e-01,9.937684133611540682e-01,2.193216153713134220e-12
3.454339926764187663e+00,9.371175072182525989e-01,9.938712490643631936e-01,2.184240326746409480e-12
3.489132628355134713e+00,9.382347923505186538e-01,9.939725560806649263e-01,2.175276015081425630e-12
3.524197094585489687e+00,9.393344442753284174e-01,9.940723522463623674e-01,2.166323783878773084e-12
3.559535448199846908e+00,9.404166584285704733e-01,9.941706546108722842e-01,2.157384181526872490e-12
3.595149828523488633e+00,9.414816313412478488e-01,9.942674815136141042e-01,2.148457740012141282e-12
3.631042391591896568e+00,9.425295604751701140e-01,9.943628494906028292e-01,2.139544975283529517e-12
3.667215310281272789e+00,9.435606440649887405e-01,9.944567769359679010e-01,2.130646387611452034e-12
3.703670774440084301e+00,9.445750809664436032e-01,9.945492801737162436e-01,2.121762461941015178e-12
3.740410991021632547e+00,9.455730705106843992e-01,9.946403774483328908e-01,2.112893668239576444e-12
3.777438184217656314e+00,9.465548123645314282e-01,9.947300852472032995e-01,2.104040461838572421e-12
3.814754595592983577e+00,9.475205063965376207e-01,9.948184210895489876e-01,2.095203283769629581e-12
3.852362484221231842e+00,9.484703525487154785e-01,9.949054020594559899e-01,2.086382561094949827e-12
3.890264126821566304e+00,9.494045507137881534e-01,9.949910448548932029e-01,2.077578707231966360e-12
3.928461817896530484e+00,9.503233006178289921e-01,9.950753670058506417e-01,2.068792122272302589e-12
3.966957869870951114e+00,9.512268017081492166e-01,9.951583845284009966e-01,2.060023193295017510e-12
4.005754613231928829e+00,9.521152530462962948e-01,9.952401149808988157e-01,2.051272294674181993e-12
4.044854396669921748e+00,9.529888532060264428e-01,9.953205739926267448e-01,2.042539788380809399e-12
4.084259587220931742e+00,9.538478001761133696e-01,9.953997789939996732e-01,2.033826024279159106e-12
4.123972570409799587e+00,9.546922912678589279e-01,9.954777455723384794e-01,2.025131340417459800e-12
4.163995750394622775e+00,9.555225230271703341e-01,9.955544905071118666e-01,2.016456063313094128e-12
4.204331550112295979e+00,9.563386911510706190e-01,9.956300297947471289e-01,2.007800508232262887e-12
4.244982411425196389e+00,9.571409904085116382e-01,9.957043793981502633e-01,1.999164979464212360e-12
4.285950795269006797e+00,9.579296145653585226e-01,9.957775556801187200e-01,1.990549770590042172e-12
4.327239181801694201e+00,9.587047563134167838e-01,9.958495738247676865e-01,1.981955164746165537e-12
4.368850070553660814e+00,9.594666072033765092e-01,9.959204502227836375e-01,1.973381434882465146e-12
4.410785980579055909e+00,9.602153575815478570e-01,9.959901995470189506e-01,1.964828844015207674e-12
4.453049450608278725e+00,9.609511965302652836e-01,9.960588380866228775e-01,1.956297645474773872e-12
4.495643039201666191e+00,9.616743118118397105e-01,9.961263803218732837e-01,1.947788083148274116e-12
4.538569324904385027e+00,9.623848898159401699e-01,9.961928419813331770e-01,1.939300391717095856e-12
4.581830906402535319e+00,9.630831155102878016e-01,9.962582377839318548e-01,1.930834796889465771e-12
4.625430402680463793e+00,9.637691723945486233e-01,9.963225827121096057e-01,1.922391515628075085e-12
4.669370453179322311e+00,9.644432424573126106e-01,9.963858917567262052e-01,1.913970756372868637e-12
4.713653717956847622e+00,9.651055061360496179e-01,9.964481790830017616e-01,1.905572719259010600e-12
4.758282877848398762e+00,9.657561422799346706e-01,9.965094597267514231e-01,1.897197596330153296e-12
4.803260634629251236e+00,9.663953281154373798e-01,9.965697472528390888e-01,1.888845571747054731e-12
4.848589711178157735e+00,9.670232392145742262e-01,9.966290566265162409e-01,1.880516821991600994e-12
4.894272851642187838e+00,9.676400494657205753e-01,9.966874011170165915e-01,1.872211516066339755e-12
4.940312821602852011e+00,9.682459310468880531e-01,9.967447952186841986e-01,1.863929815689564829e-12
4.986712408243525019e+00,9.688410544013696946e-01,9.968012522925031593e-01,1.855671875486048359e-12
5.033474420518181169e+00,9.694255882156598281e-01,9.968567861964221510e-01,1.847437843173473106e-12
5.080601689321437853e+00,9.699996993995593231e-01,9.969114104629537287e-01,1.839227859744659368e-12
5.128097067659941999e+00,9.705635530683766055e-01,9.969651381416391178e-01,1.831042059645628938e-12
5.175963430825076372e+00,9.711173125271396200e-01,9.970179828319850612e-01,1.822880570949615954e-12
5.224203676567029220e+00,9.716611392567334748e-01,9.970699569255020434e-01,1.814743515527076345e-12
5.272820725270222830e+00,9.721951929018852745e-01,9.971210739817597535e-01,1.806631009211742723e-12
5.321817520130101897e+00,9.727196312609145412e-01,9.971713460323089473e-01,1.798543161962869720e-12
5.371197027331316320e+00,9.732346102771732843e-01,9.972207862504333109e-01,1.790480078023662302e-12
5.420962236227283348e+00,9.737402840321025543e-01,9.972694066418559267e-01,1.782441856075994690e-12
5.471116159521162814e+00,9.742368047398319852e-01,9.973172198536635058e-01,1.774428589391505521e-12
5.521661833448238355e+00,9.747243227432516033e-01,9.973642379758939081e-01,1.766440365979101160e-12
5.572602317959725049e+00,9.752029865114909546e-01,9.974104729040060846e-01,1.758477268728980034e-12
5.623940696908020342e+00,9.756729426387356074e-01,9.974559367948802047e-01,1.750539375553196395e-12
5.675680078233384940e+00,9.761343358443215212e-01,9.975006408638408262e-01,1.742626759522883035e-12
5.727823594152102515e+00,9.765873089740425561e-01,9.975445972546298501e-01,1.734739489002169327e-12
5.780374401346089819e+00,9.770320030026130587e-01,9.975878167869320912e-01,1.726877627778871920e-12
5.833335681154006025e+00,9.774685570372271259e-01,9.976303112971114384e-01,1.719041235192010208e-12
5.886710639763839126e+00,9.778971083221594807e-01,9.976720914875437662e-01,1.711230366256250564e-12
5.940502508407004001e+00,9.783177922443531127e-01,9.977131687702041063e-01,1.703445071783280149e-12
5.994714543553958386e+00,9.787307423399431716e-01,9.977535538584931807e-01,1.695685398500250653e-12
6.049350027111343842e+00,9.791360903016645967e-01,9.977932575025227901e-01,1.687951389165283690e-12
6.104412266620663274e+00,9.795339659870978544e-01,9.978322904618327494e-01,1.680243082680148911e-12
6.159904595458520760e+00,9.799244974277031561e-01,9.978706628144694557e-01,1.672560514200152808e-12
6.215830373038411238e+00,9.803078108386007461e-01,9.979083853286249139e-01,1.664903715241305658e-12
6.272192985014098277e+00,9.806840306290519615e-01,9.979454676709277328e-01,1.657272713784830218e-12
6.328995843484573669e+00,9.810532794135993218e-01,9.979819203749157319e-01,1.649667534379046912e-12
6.386242387200622872e+00,9.814156780238274536e-01,9.980177529208876797e-01,1.642088198238736681e-12
6.443936081772999813e+00,9.817713455207028872e-01,9.980529755086997579e-01,1.634534723341989370e-12
6.502080419882227957e+00,9.821203992074583056e-01,9.980875975686730461e-01,1.627007124524634193e-12
6.560678921490044502e+00,9.824629546429832772e-01,9.981216287468775983e-01,1.619505413572281347e-12
6.619735134052487702e+00,9.827991256556889432e-01,9.981550784848177704e-01,1.612029599310031324e-12
6.679252632734661965e+00,9.831290243578114652e-01,9.981879557875120712e-01,1.604579687689922603e-12
6.739235020627165618e+00,9.834527611601245889e-01,9.982202701220164176e-01,1.597155681876146202e-12
6.799685928964215975e+00,9.837704447870287972e-01,9.982520300796532409e-01,1.589757582328096542e-12
6.860609017343485050e+00,9.840821822919891826e-01,9.982832449584003731e-01,1.582385386881298233e-12
6.922007973947634341e+00,9.843880790732940644e-01,9.983139231137426739e-01,1.575039090826254398e-12
6.983886515767609993e+00,9.846882388901055938e-01,9.983440735883863937e-01,1.567718686985286216e-12
7.046248388827639708e+00,9.849827638787795880e-01,9.983737046418249550e-01,1.560424165787381462e-12
7.109097368412025553e+00,9.852717545694266166e-01,9.984028248661986904e-01,1.553155515341114839e-12
7.172437259293692691e+00,9.855553099026936881e-01,9.984314424967549728e-01,1.545912721505699076e-12
7.236271895964518031e+00,9.858335272467416699e-01,9.984595655394407077e-01,1.538695767960169013e-12
7.300605142867469866e+00,9.861065024143987889e-01,9.984872022558356486e-01,1.531504636270802075e-12
7.365440894630552293e+00,9.863743296804673433e-01,9.985143602490461623e-01,1.524339305956751294e-12
7.430783076302578394e+00,9.866371017991665271e-01,9.985410476689993153e-01,1.517199754553989240e-12
7.496635643590789044e+00,9.868949100216903858e-01,9.985672718502378586e-01,1.510085957677575169e-12
7.563002583100322695e+00,9.871478441138641369e-01,9.985930407534887587e-01,1.502997889082295083e-12
7.629887912575558317e+00,9.873959923738815370e-01,9.986183615854946627e-01,1.495935520721704769e-12
7.697295681143343060e+00,9.876394416501068640e-01,9.986432419457629273e-01,1.488898822805623702e-12
7.765229969558119727e+00,9.878782773589258603e-01,9.986676889864053441e-01,1.481887763856119579e-12
7.833694890448969161e+00,9.881125835026318693e-01,9.986917097938349253e-01,1.474902310761993597e-12
7.902694588568581757e+00,9.883424426873318458e-01,9.987153115310217766e-01,1.467942428831869244e-12
7.972233241044173191e+00,9.885679361408593602e-01,9.987385009029212668e-01,1.461008081845823844e-12
8.042315057630361252e+00,9.887891437306828291e-01,9.987612850095595185e-01,1.454099232105681785e-12
8.112944280964020649e+00,9.890061439817956490e-01,9.987836702686700985e-01,1.447215840483959535e-12
8.184125186821118447e+00,9.892190140945776866e-01,9.988056636455235893e-01,1.440357866471506885e-12
8.255862084375561238e+00,9.894278299626175777e-01,9.988272714094014182e-01,1.433525268223876928e-12
8.328159316460087780e+00,9.896326661904848443e-01,9.988485002404661195e-01,1.426718002606455864e-12
8.401021259829141385e+00,9.898335961114427262e-01,9.988693563277840637e-01,1.419936025238380925e-12
8.474452325423857957e+00,9.900306918050926219e-01,9.988898459206567715e-01,1.413179290535294663e-12
8.548456958639086167e+00,9.902240241149420363e-01,9.989099751940484495e-01,1.406447751750909564e-12
8.623039639592505523e+00,9.904136626658865961e-01,9.989297500436625787e-01,1.399741361017506176e-12
8.698204883395849407e+00,9.905996758816006942e-01,9.989491766215263802e-01,1.393060069385300522e-12
8.773957240428236659e+00,9.907821310018267713e-01,9.989682605288677797e-01,1.386403826860753710e-12
8.850301296611647217e+00,9.909610940995602357e-01,9.989870078269026399e-01,1.379772582443854230e-12
8.927241673688547152e+00,9.911366300981199196e-01,9.990054239564426508e-01,1.373166284164379813e-12
9.004783029501679081e+00,9.913088027881011843e-01,9.990235147575482477e-01,1.366584879117172558e-12
9.082930058276039276e+00,9.914776748442044596e-01,9.990412855711315876e-01,1.360028313496460870e-12
9.161687490903062780e+00,9.916433078419352176e-01,9.990587418870299219e-01,1.353496532629241736e-12
9.241060095227018323e+00,9.918057622741698331e-01,9.990758890052305885e-01,1.346989481007736249e-12
9.321052676333648535e+00,9.919650975675833315e-01,9.990927320959744895e-01,1.340507102320986659e-12
9.401670076841064372e+00,9.921213720989354723e-01,9.991092764641810176e-01,1.334049339485559593e-12
9.482917177192904390e+00,9.922746432112097281e-01,9.991255269885972456e-01,1.327616134675408776e-12
9.564798895953789071e+00,9.924249672296039382e-01,9.991414889180741943e-01,1.321207429350939436e-12
9.647320190107087967e+00,9.925723994773681946e-01,9.991571669656591492e-01,1.314823164287235445e-12
9.730486055354999664e+00,9.927169942914866319e-01,9.991725662121240248e-01,1.308463279601533988e-12
9.814301526420983635e+00,9.928588050382018970e-01,9.991876912583242953e-01,1.302127714779929204e-12
9.898771677354574194e+00,9.929978841283790825e-01,9.992025469038631202e-01,1.295816408703331436e-12
9.983901621838521478e+00,9.931342830327062332e-01,9.992171376869931620e-01,1.289529299672719871e-12
1.006969651349838735e+01,9.932680522967319847e-01,9.992314681291738498e-01,1.283266325433667756e-12
1.015616154621453227e+01,9.933992415557352240e-01,9.992455427849474825e-01,1.277027423200210679e-12
1.024330195443654468e+01,9.935278995494284393e-01,9.992593658970212456e-01,1.270812529678028631e-12
1.033112301350012530e+01,9.936540741364916496e-01,9.992729419907270261e-01,1.264621581086989097e-12
1.041963003994644765e+01,9.937778123089360260e-01,9.992862751428401857e-01,1.258454513183055634e-12
1.050882839184400908e+01,9.938991602062972053e-01,9.992993697541647791e-01,1.252311261279570398e-12
1.059872346911300767e+01,9.940181631296559628e-01,9.993122297827661260e-01,1.246191760267957496e-12
1.068932071385223281e+01,9.941348655554880231e-01,9.993248594065250456e-01,1.240095944637831185e-12
1.078062561066853497e+01,9.942493111493395652e-01,9.993372625041578861e-01,1.234023748496525698e-12
1.087264368700884098e+01,9.943615427793307537e-01,9.993494430201083079e-01,1.227975105588092322e-12
1.096538051349478415e+01,9.944716025294857431e-01,9.993614048491659130e-01,1.221949949311740928e-12
1.105884170425994029e+01,9.945795317128898194e-01,9.993731516763254552e-01,1.215948212739768137e-12
1.115303291728969448e+01,9.946853708846725706e-01,9.993846873873797332e-01,1.209969828634959821e-12
1.124795985476376892e+01,9.947891598548196379e-01,9.993960155049040894e-01,1.204014729467517607e-12
1.134362826340142405e+01,9.948909377008106070e-01,9.994071398254958938e-01,1.198082847431478293e-12
1.144004393480935100e+01,9.949907427800854798e-01,9.994180637508988108e-01,1.192174114460682512e-12
1.153721270583228709e+01,9.950886127423395067e-01,9.994287909033923167e-01,1.186288462244264581e-12
1.163514045890638293e+01,9.951845845416469327e-01,9.994393245933075320e-01,1.180425822241713198e-12
1.173383312241529097e+01,9.952786944484148801e-01,9.994496682535266574e-01,1.174586125697493123e-12
1.183329667104907479e+01,9.953709780611673663e-01,9.994598252032772523e-01,1.168769303655224770e-12
1.193353712616590379e+01,9.954614703181610125e-01,9.994697986398012324e-01,1.162975286971486179e-12
1.203456055615657760e+01,9.955502055088332192e-01,9.994795918872613205e-01,1.157204006329183002e-12
1.213637307681189625e+01,9.956372172850834756e-01,9.994892079869319712e-01,1.151455392250543884e-12
1.223898085169289551e+01,9.957225386723899119e-01,9.994986502021160346e-01,1.145729375109735372e-12
1.234239009250398666e+01,9.958062020807602055e-01,9.995079214544233537e-01,1.140025885145099786e-12
1.244660705946899526e+01,9.958882393155208401e-01,9.995170248729783324e-01,1.134344852471035638e-12
1.255163806171014862e+01,9.959686815879431609e-01,9.995259632816001494e-01,1.128686207089540401e-12
1.265748945763001920e+01,9.960475595257092252e-01,9.995347396566829357e-01,1.123049878901394405e-12
1.276416765529645048e+01,9.961249031832192236e-01,9.995433568229140642e-01,1.117435797717016983e-12
1.287167911283049193e+01,9.962007420517392520e-01,9.995518175504519709e-01,1.111843893267013827e-12
1.298003033879736279e+01,9.962751050693943178e-01,9.995601246730519973e-01,1.106274095212391135e-12
1.308922789260047104e+01,9.963480206310051379e-01,9.995682808149558563e-01,1.100726333154481981e-12
1.319927838487850380e+01,9.964195165977717261e-01,9.995762887715078371e-01,1.095200536644558654e-12
1.331018847790563164e+01,9.964896203068053238e-01,9.995841510508389760e-01,1.089696635193168532e-12
1.342196488599482507e+01,9.965583585805092293e-01,9.995918703465617172e-01,1.084214558279182980e-12
1.353461437590433114e+01,9.966257577358108577e-01,9.995994490683921541e-01,1.078754235358569390e-12
1.364814376724731915e+01,9.966918435932465847e-01,9.996068897859462510e-01,1.073315595872905319e-12
1.376255993290474144e+01,9.967566414859007073e-01,9.996141949014144545e-01,1.067898569257629701e-12
1.387786979944138643e+01,9.968201762682004086e-01,9.996213668117988060e-01,1.062503084950034545e-12
1.399408034752521068e+01,9.968824723245678365e-01,9.996284079248062282e-01,1.057129072397020567e-12
1.411119861234993955e+01,9.969435535779315183e-01,9.996353205039608669e-01,1.051776461062615727e-12
1.422923168406096117e+01,9.970034434980987736e-01,9.996421069360942324e-01,1.046445180435245569e-12
1.434818670818455821e+01,9.970621651099903504e-01,9.996487693738573821e-01,1.041135160034803238e-12
1.446807088606047742e+01,9.971197410017390572e-01,9.996553101283167653e-01,1.035846329419471899e-12
1.458889147527789554e+01,9.971761933326545035e-01,9.996617312571330904e-01,1.030578618192356521e-12
1.471065579011477631e+01,9.972315438410552790e-01,9.996680349698867651e-01,1.025331956007895132e-12
1.483337120198066650e+01,9.972858138519700155e-01,9.996742233084244811e-01,1.020106272578068332e-12
1.495704513986295048e+01,9.973390242847094411e-01,9.996802983445743918e-01,1.014901497678418762e-12
1.508168509077658292e+01,9.973911956603114248e-01,9.996862621176070274e-01,1.009717561153878330e-12
1.520729860021734936e+01,9.974423481088596777e-01,9.996921165794424580e-01,1.004554392924390453e-12
1.533389327261864743e+01,9.974925013766783310e-01,9.996978637619355901e-01,9.994119229903883097e-13
1.546147677181185642e+01,9.975416748334049455e-01,9.997035055124942060e-01,9.942900814380644839e-13
1.559005682149028793e+01,9.975898874789415061e-01,9.997090438080757924e-01,9.891887984444768239e-13
1.571964120567676382e+01,9.976371579502878451e-01,9.997144804064084234e-01,9.841080042825044592e-13
1.585023776919485172e+01,9.976835045282561598e-01,9.997198172010451911e-01,9.790476293256184263e-13
1.598185441814377761e+01,9.977289451440711776e-01,9.997250559275148163e-01,9.740076040525093172e-13
1.611449912037703669e+01,9.977734973858554124e-01,9.997301983726287755e-01,9.689878590515602335e-13
1.624817990598478445e+01,9.978171785050017339e-01,9.997352462606182710e-01,9.639883250251676744e-13
1.638290486777993138e+01,9.978600054224364690e-01,9.997402012737283128e-01,9.590089327939196473e-13
1.651868216178807813e+01,9.979019947347717023e-01,9.997450651366394103e-01,9.540496133006287787e-13
1.665552000774127706e+01,9.979431627203511068e-01,9.997498394348787176e-01,9.491102976142386024e-13
1.679342668957563234e+01,9.979835253451890820e-01,9.997545258548536928e-01,9.441909169335810105e-13
1.693241055593280464e+01,9.980230982688066410e-01,9.997591258988623997e-01,9.392914025910252599e-13
1.707248002066540593e+01,9.980618968499623822e-01,9.997636411844394999e-01,9.344116860559819781e-13
1.721364356334638401e+01,9.980999361522849833e-01,9.997680731873899163e-01,9.295516989382912516e-13
1.735590972978234703e+01,9.981372309498034445e-01,9.997724234442807445e-01,9.247113729914986328e-13
1.749928713253091317e+01,9.981737957323808530e-01,9.997766934119630688e-01,9.198906401160087660e-13
1.764378445142209983e+01,9.982096447110505588e-01,9.997808845391337185e-01,9.150894323621216813e-13
1.778941043408379841e+01,9.982447918232577599e-01,9.997849982856702455e-01,9.103076819329761928e-13
1.793617389647132399e+01,9.982792507380074953e-01,9.997890360125497589e-01,9.055453211873700066e-13
1.808408372340112891e+01,9.983130348609194904e-01,9.997929991544920458e-01,9.008022826424842067e-13
1.823314886908866939e+01,9.983461573391939625e-01,9.997968889962940420e-01,8.960784989765077763e-13
1.838337835769049278e+01,9.983786310664863883e-01,9.998007069154805082e-01,8.913739030311693235e-13
1.853478128385052415e+01,9.984104686876960066e-01,9.998044541677085784e-01,8.866884278141569284e-13
1.868736681325064808e+01,9.984416826036667247e-01,9.998081320708214204e-01,8.820220065014669037e-13
1.884114418316558925e+01,9.984722849758037588e-01,9.998117418550430680e-01,8.773745724396501674e-13
1.899612270302213801e+01,9.985022877306061195e-01,9.998152847670891408e-01,8.727460591479739995e-13
1.915231175496268179e+01,9.985317025641174959e-01,9.998187620393546027e-01,8.681364003205007980e-13
1.930972079441322364e+01,9.985605409462957605e-01,9.998221748403364195e-01,8.635455298280901950e-13
1.946835935065578838e+01,9.985888141253024264e-01,9.998255243875024956e-01,8.589733817203025212e-13
1.962823702740529797e+01,9.986165331317152782e-01,9.998288117804385866e-01,8.544198902272499661e-13
1.978936350339098027e+01,9.986437087826625092e-01,9.998320381887950692e-01,8.498849897613527209e-13
1.995174853294229678e+01,9.986703516858823626e-01,9.998352046816370020e-01,8.453686149190310035e-13
2.011540194657944980e+01,9.986964722437073894e-01,9.998383123864288402e-01,8.408707004823247852e-13
2.028033365160851176e+01,9.987220806569764298e-01,9.998413623417384821e-01,8.363911814204394028e-13
2.044655363272119075e+01,9.987471869288743198e-01,9.998443556191684012e-01,8.319299928912357361e-13
2.061407195259929992e+01,9.987718008687006543e-01,9.998472932569583138e-01,8.274870702426361722e-13
2.078289875252391639e+01,9.987959320955693832e-01,9.998501762584193209e-01,8.230623490139949263e-13
2.095304425298933282e+01,9.988195900420402396e-01,9.998530056541218292e-01,8.186557649373704179e-13
2.112451875432178383e+01,9.988427839576825562e-01,9.998557823848991388e-01,8.142672539387773508e-13
2.129733263730300763e+01,9.988655229125735779e-01,9.998585074439927389e-01,8.098967521393442807e-13
2.147149636379869619e+01,9.988878158007318264e-01,9.998611817391617196e-01,8.055441958564385694e-13
2.164702047739180912e+01,9.989096713434861829e-01,9.998638062340172716e-01,8.012095216047359031e-13
2.182391560402090036e+01,9.989310980927835759e-01,9.998663818055317787e-01,7.968926660972184226e-13
2.200219245262336543e+01,9.989521044344337186e-01,9.998689093724049126e-01,7.925935662461446811e-13
2.218186181578375482e+01,9.989726985912944501e-01,9.998713898089176544e-01,7.883121591639407418e-13
2.236293457038716426e+01,9.989928886263974572e-01,9.998738239761940649e-01,7.840483821640790570e-13
2.254542167827764487e+01,9.990126824460151544e-01,9.998762127444947856e-01,7.798021727618775780e-13
2.272933418692187146e+01,9.990320878026707208e-01,9.998785569186749989e-01,7.755734686752714000e-13
2.291468323007789820e+01,9.990511122980918479e-01,9.998808573424075030e-01,7.713622078255279625e-13
2.310148002846920789e+01,9.990697633861087557e-01,9.998831147842933698e-01,7.671683283379291293e-13
2.328973589046397308e+01,9.990880483754983610e-01,9.998853300673153921e-01,7.629917685424126785e-13
2.347946221275966749e+01,9.991059744327750458e-01,9.998875039322339120e-01,7.588324669741510857e-13
2.367067048107297467e+01,9.991235485849279119e-01,9.998896371646514014e-01,7.546903623741290970e-13
2.386337227083514634e+01,9.991407777221086306e-01,9.998917305005621259e-01,7.505653936896353723e-13
2.405757924789273616e+01,9.991576686002666685e-01,9.998937846787638861e-01,7.464575000747659422e-13
2.425330316921384011e+01,9.991742278437358848e-01,9.998958004323926785e-01,7.423666208908513296e-13
2.445055588359984000e+01,9.991904619477726124e-01,9.998977784503148003e-01,7.382926957068670089e-13
2.464934933240271775e+01,9.992063772810445554e-01,9.998997194482053263e-01,7.342356642998182195e-13
2.484969555024795795e+01,9.992219800880745018e-01,9.999016240761687824e-01,7.301954666550646982e-13
2.505160666576310291e+01,9.992372764916361838e-01,9.999034930363110973e-01,7.261720429666445038e-13
2.525509490231200971e+01,9.992522724951057311e-01,9.999053269546086531e-01,7.221653336375381656e-13
2.546017257873481654e+01,9.992669739847681587e-01,9.999071265011952869e-01,7.181752792799268740e-13
2.566685211009372125e+01,9.992813867320806676e-01,9.999088922955329251e-01,7.142018207154036182e-13
2.587514600842456147e+01,9.992955163958924247e-01,9.999106249711434691e-01,7.102448989751630172e-13
2.608506688349424962e+01,9.993093685246222657e-01,9.999123251442816329e-01,7.063044553001681291e-13
2.629662744356421911e+01,9.993229485583957628e-01,9.999139934047996947e-01,7.023804311412788907e-13
2.650984049615967209e+01,9.993362618311406598e-01,9.999156303591141270e-01,6.984727681593681367e-13
2.672471894884496990e+01,9.993493135726430054e-01,9.999172365563617770e-01,6.945814082253964215e-13
2.694127581000504179e+01,9.993621089105644284e-01,9.999188125950926320e-01,6.907062934204821960e-13
2.715952418963287585e+01,9.993746528724199996e-01,9.999203590045563361e-01,6.868473660359270518e-13
2.737947730012318459e+01,9.993869503875194571e-01,9.999218763550191680e-01,6.830045685732377329e-13
2.760114845707225228e+01,9.993990062888709058e-01,9.999233651680721202e-01,6.791778437441100814e-13
2.782455108008404920e+01,9.994108253150481014e-01,9.999248259858463106e-01,6.753671344704010672e-13
2.804969869358262713e+01,9.994224121120220961e-01,9.999262593260551668e-01,6.715723838840742621e-13
2.827660492763085998e+01,9.994337712349584679e-01,9.999276656938195229e-01,6.677935353271316821e-13
2.850528351875560062e+01,9.994449071499790227e-01,9.999290456007244865e-01,6.640305323515210935e-13
2.873574831077925040e+01,9.994558242358910771e-01,9.999303995145382151e-01,6.602833187190196899e-13
2.896801325565785490e+01,9.994665267858825475e-01,9.999317279407657910e-01,6.565518384011136309e-13
2.920209241432572256e+01,9.994770190091857298e-01,9.999330313287414507e-01,6.528360355788409253e-13
2.943799995754665488e+01,9.994873050327074404e-01,9.999343101625619568e-01,6.491358546426373453e-13
2.967575016677181665e+01,9.994973889026300684e-01,9.999355648816649067e-01,6.454512401921449789e-13
2.991535743500432076e+01,9.995072745859800989e-01,9.999367959488717483e-01,6.417821370360267403e-13
3.015683626767054548e+01,9.995169659721675481e-01,9.999380037990593939e-01,6.381284901917408950e-13
3.040020128349827644e+01,9.995264668744956449e-01,9.999391888647040094e-01,6.344902448853192190e-13
3.064546721540168406e+01,9.995357810316408687e-01,9.999403515764490047e-01,6.308673465511241560e-13
3.089264891137327851e+01,9.995449121091055655e-01,9.999414923336397143e-01,6.272597408315891120e-13
3.114176133538271785e+01,9.995538637006419203e-01,9.999426115614470367e-01,6.236673735769510752e-13
3.139281956828273579e+01,9.995626393296487278e-01,9.999437096423196003e-01,6.200901908449609213e-13
3.164583880872211097e+01,9.995712424505411864e-01,9.999447869862194693e-01,6.165281389005918002e-13
3.190083437406576294e+01,9.995796764500946008e-01,9.999458439635979801e-01,6.129811642157246009e-13
3.215782170132203532e+01,9.995879446487615505e-01,9.999468809686511417e-01,6.094492134688271569e-13
3.241681634807724777e+01,9.995960503019647447e-01,9.999478983666396648e-01,6.059322335446229497e-13
3.267783399343750261e+01,9.996039966013637867e-01,9.999488965277685271e-01,6.024301715337418390e-13
3.294089043897786695e+01,9.996117866760979576e-01,9.999498758137139731e-01,5.989429747323711970e-13
3.320600160969900827e+01,9.996194235940055739e-01,9.999508365661913256e-01,5.954705906418831116e-13
3.347318355499124465e+01,9.996269103628189212e-01,9.999517791414704870e-01,5.920129669684581563e-13
3.374245244960613377e+01,9.996342499313363161e-01,9.999527038656801370e-01,5.885700516227043141e-13
3.401382459463569319e+01,9.996414451905722975e-01,9.999536110853191051e-01,5.851417927192553018e-13
3.428731641849923051e+01,9.996484989748840588e-01,9.999545011128767591e-01,5.817281385763676829e-13
3.456294447793789715e+01,9.996554140630780072e-01,9.999553742833336978e-01,5.783290377155080855e-13
3.484072545901698703e+01,9.996621931794931193e-01,9.999562309035727736e-01,5.749444388609266866e-13
3.512067617813610809e+01,9.996688389950647569e-01,9.999570712900729408e-01,5.715742909392302940e-13
3.540281358304719816e+01,9.996753541283666111e-01,9.999578957462137430e-01,5.682185430789442185e-13
3.568715475388052738e+01,9.996817411466337733e-01,9.999587045647577721e-01,5.648771446100589006e-13
3.597371690417872259e+01,9.996880025667648217e-01,9.999594980437591651e-01,5.615500450635835027e-13
3.626251738193879248e+01,9.996941408563054798e-01,9.999602764611331684e-01,5.582371941710808225e-13
3.655357367066238083e+01,9.997001584344120673e-01,9.999610401094891632e-01,5.549385418642001863e-13
3.684690339041418383e+01,9.997060576727978543e-01,9.999617892525893836e-01,5.516540382741995381e-13
3.714252429888864526e+01,9.997118408966594316e-01,9.999625241744494186e-01,5.483836337314713656e-13
3.744045429248496504e+01,9.997175103855858724e-01,9.999632451330746630e-01,5.451272787650478258e-13
3.774071140739052765e+01,9.997230683744506852e-01,9.999639523983945288e-01,5.418849241021117271e-13
3.804331382067277900e+01,9.997285170542856703e-01,9.999646462248864554e-01,5.386565206674925667e-13
3.834827985137964390e+01,9.997338585731377902e-01,9.999653268634222103e-01,5.354420195831717575e-13
3.865562796164850567e+01,9.997390950369103857e-01,9.999659945631294011e-01,5.322413721677589757e-13
3.896537675782391119e+01,9.997442285101868498e-01,9.999666495605306071e-01,5.290545299359893091e-13
3.927754499158393742e+01,9.997492610170393146e-01,9.999672921026901973e-01,5.258814445981946576e-13
3.959215156107539713e+01,9.997541945418203513e-01,9.999679224123609877e-01,5.227220680597864421e-13
3.990921551205791218e+01,9.997590310299409033e-01,9.999685407298051221e-01,5.195763524207168064e-13
4.022875603905687569e+01,9.997637723886318994e-01,9.999691472720787511e-01,5.164442499749544598e-13
4.055079248652551627e+01,9.997684204876913228e-01,9.999697422688862414e-01,5.133257132099410324e-13
4.087534435001592925e+01,9.997729771602168469e-01,9.999703259336825134e-01,5.102206948060503582e-13
4.120243127735931665e+01,9.997774442033242615e-01,9.999708984809375645e-01,5.071291476360456376e-13
4.153207306985544278e+01,9.997818233788520192e-01,9.999714601203831821e-01,5.040510247645251904e-13
4.186428968347135537e+01,9.997861164140513512e-01,9.999720110511894910e-01,5.009862794473711362e-13
4.219910123004954983e+01,9.997903250022641686e-01,9.999725514827767503e-01,4.979348651311935322e-13
4.253652797852541312e+01,9.997944508035865319e-01,9.999730816033236547e-01,4.948967354527748121e-13
4.287659035615430980e+01,9.997984954455199080e-01,9.999736016156174356e-01,4.918718442384974656e-13
4.321930894974823900e+01,9.998024605236097706e-01,9.999741117023807080e-01,4.888601455037860540e-13
4.356470450692209795e+01,9.998063476020712104e-01,9.999746120586483489e-01,4.858615934525368073e-13
4.391279793734972259e+01,9.998101582144029997e-01,9.999751028634868977e-01,4.828761424765444950e-13
4.426361031402971236e+01,9.998138938639888895e-01,9.999755843001271183e-01,4.799037471549301038e-13
4.461716287456115992e+01,9.998175560246884697e-01,9.999760565449451466e-01,4.769443622535632655e-13
4.497347702242934986e+01,9.998211461414148182e-01,9.999765197661634186e-01,4.739979427244870071e-13
4.533257432830147593e+01,9.998246656307024915e-01,9.999769741404013201e-01,4.710644437053306865e-13
4.569447653133249077e+01,9.998281158812629688e-01,9.999774198271994541e-01,4.681438205187325214e-13
4.605920554048117310e+01,9.998314982545308816e-01,9.999778569973015729e-01,4.652360286717483853e-13
4.642678343583646239e+01,9.998348140851979204e-01,9.999782858046224465e-01,4.623410238552720133e-13
4.679723246995412467e+01,9.998380646817373041e-01,9.999787064143845772e-01,4.594587619434395580e-13
4.717057506920391319e+01,9.998412513269181456e-01,9.999791189768981736e-01,4.565891989930461599e-13
4.754683383512720241e+01,9.998443752783088279e-01,9.999795236483907113e-01,4.537322912429437881e-13
4.792603154580526592e+01,9.998474377687718295e-01,9.999799205767265775e-01,4.508879951134551861e-13
4.830819115723821255e+01,9.998504400069475606e-01,9.999803099057851252e-01,4.480562672057742364e-13
4.869333580473470846e+01,9.998533831777296488e-01,9.999806917822461338e-01,4.452370643013744034e-13
4.908148880431252792e+01,9.998562684427307889e-01,9.999810663425362511e-01,4.424303433614043014e-13
4.947267365411015305e+01,9.998590969407392670e-01,9.999814337300344524e-01,4.396360615260885648e-13
4.986691403580917381e+01,9.998618697881664907e-01,9.999817940744593070e-01,4.368541761141383098e-13
5.026423381606804952e+01,9.998645880794861940e-01,9.999821475154585526e-01,4.340846446221332734e-13
5.066465704796689806e+01,9.998672528876648702e-01,9.999824941792826438e-01,4.313274247239316196e-13
5.106820797246366084e+01,9.998698652645833240e-01,9.999828341988270530e-01,4.285824742700627305e-13
5.147491101986160089e+01,9.998724262414508956e-01,9.999831676980232009e-01,4.258497512871168176e-13
5.188479081128826209e+01,9.998749368292105810e-01,9.999834948001359303e-01,4.231292139771550305e-13
5.229787216018599594e+01,9.998773980189370469e-01,9.999838156268835432e-01,4.204208207170847296e-13
5.271418007381415549e+01,9.998798107822264303e-01,9.999841302946672617e-01,4.177245300580672218e-13
5.313373975476294220e+01,9.998821760715788098e-01,9.999844389239461728e-01,4.150403007249022724e-13
5.355657660247916141e+01,9.998844948207722405e-01,9.999847416241017806e-01,4.123680916154246330e-13
5.398271621480382976e+01,9.998867679452313473e-01,9.999850385128888908e-01,4.097078617998971861e-13
5.441218438952196124e+01,9.998889963423867044e-01,9.999853296964090754e-01,4.070595705203959623e-13
5.484500712592403460e+01,9.998911808920284416e-01,9.999856152874467830e-01,4.044231771902033859e-13
5.528121062638030736e+01,9.998933224566523004e-01,9.999858953898664859e-01,4.017986413932021273e-13
5.572082129792671878e+01,9.998954218817994732e-01,9.999861701091737887e-01,3.991859228832621384e-13
5.616386575386385971e+01,9.998974799963892268e-01,9.999864395468864853e-01,3.965849815836312238e-13
5.661037081536773741e+01,9.998994976130453072e-01,9.999867038014687015e-01,3.939957775863222780e-13
5.706036351311389154e+01,9.999014755284159062e-01,9.999869629745337107e-01,3.914182711515061281e-13
5.751387108891334776e+01,9.999034145234872994e-01,9.999872171583340519e-01,3.888524227068948339e-13
5.797092099736224213e+01,9.999053153638914893e-01,9.999874664519260437e-01,3.862981928471433143e-13
5.843154090750343244e+01,9.999071788002078520e-01,9.999877109445206580e-01,3.837555423332222477e-13
5.889575870450195794e+01,9.999090055682583467e-01,9.999879507316097316e-01,3.812244320918162150e-13
5.936360249133275602e+01,9.999107963893976159e-01,9.999881859002694995e-01,3.787048232147137649e-13
5.983510059048239071e+01,9.999125519707972032e-01,9.999884165404344660e-01,3.761966769581886946e-13
6.031028154566318733e+01,9.999142730057238859e-01,9.999886427376240006e-01,3.736999547423942047e-13
6.078917412354171290e+01,9.999159601738129011e-01,9.999888645742971427e-01,3.712146181507523081e-13
6.127180731547976933e+01,9.999176141413358421e-01,9.999890821363422999e-01,3.687406289293407655e-13
6.175821033928991000e+01,9.999192355614630046e-01,9.999892955017773977e-01,3.662779489862840588e-13
6.224841264100403038e+01,9.999208250745207360e-01,9.999895047537135095e-01,3.638265403911365911e-13
6.274244389665586397e+01,9.999223833082436785e-01,9.999897099671901657e-01,3.613863653742827480e-13
6.324033401407787380e+01,9.999239108780225704e-01,9.999899112228592957e-01,3.589573863263160074e-13
6.374211313471138141e+01,9.999254083871462750e-01,9.999901085937571432e-01,3.565395657974353661e-13
6.424781163543174500e+01,9.999268764270397014e-01,9.999903021563766314e-01,3.541328664968322248e-13
6.475746013038684623e+01,9.999283155774970622e-01,9.999904919823729976e-01,3.517372512920800492e-13
6.527108947285090323e+01,9.999297264069101354e-01,9.999906781423351099e-01,3.493526832085295350e-13
6.578873075709179830e+01,9.999311094724927518e-01,9.999908607070487898e-01,3.469791254286933717e-13
6.631041532025395213e+01,9.999324653204997304e-01,9.999910397433999787e-01,3.446165412916385801e-13
6.683617474425494720e+01,9.999337944864429284e-01,9.999912153209277177e-01,3.422648942923852614e-13
6.736604085769791084e+01,9.999350974953020721e-01,9.999913875027692800e-01,3.399241480812851515e-13
6.790004573779788188e+01,9.999363748617315917e-01,9.999915563568709809e-01,3.375942664634258735e-13
6.843822171232423557e+01,9.999376270902637920e-01,9.999917219445134675e-01,3.352752133980151965e-13
6.898060136155720556e+01,9.999388546755076934e-01,9.999918843305922733e-01,3.329669529977796844e-13
6.952721752026079116e+01,9.999400581023438761e-01,9.999920435751149528e-01,3.306694495283510247e-13
7.007810327966997477e+01,9.999412378461161044e-01,9.999921997386105321e-01,3.283826674076654343e-13
7.063329198949452348e+01,9.999423943728182884e-01,9.999923528795734429e-01,3.261065712053557948e-13
7.119281725993747045e+01,9.999435281392785591e-01,9.999925030549277061e-01,3.238411256421445955e-13
7.175671296373023722e+01,9.999446395933395682e-01,9.999926503230908148e-01,3.215862955892407137e-13
7.232501323818280525e+01,9.999457291740346809e-01,9.999927947371909376e-01,3.193420460677326102e-13
7.289775248725072743e+01,9.999467973117612818e-01,9.999929363543194061e-01,3.171083422479847056e-13
7.347496538361772878e+01,9.999478444284508605e-01,9.999930752259055255e-01,3.148851494490320399e-13
7.405668687079450763e+01,9.999488709377351014e-01,9.999932114068608158e-01,3.126724331379799810e-13
7.464295216523464660e+01,9.999498772451091977e-01,9.999933449474314173e-01,3.104701589293978747e-13
7.523379675846599923e+01,9.999508637480915008e-01,9.999934758992111705e-01,3.082782925847161779e-13
7.582925641923984017e+01,9.999518308363809505e-01,9.999936043115548179e-01,3.060968000116243502e-13
7.642936719569570414e+01,9.999527788920101745e-01,9.999937302317001286e-01,3.039256472634734393e-13
7.703416541754423008e+01,9.999537082894964790e-01,9.999938537092668556e-01,3.017648005386689236e-13
7.764368769826593564e+01,9.999546193959899520e-01,9.999939747890101982e-01,2.996142261800694107e-13
7.825797093732830945e+01,9.999555125714174597e-01,9.999940935187654478e-01,2.974738906743926063e-13
7.887705232241907538e+01,9.999563881686256428e-01,9.999942099416956331e-01,2.953437606516067426e-13
7.950096933169803037e+01,9.999572465335193616e-01,9.999943241041373554e-01,2.932238028843386679e-13
8.012975973606535263e+01,9.999580880051984755e-01,9.999944360481689554e-01,2.911139842872680008e-13
8.076346160144878183e+01,9.999589129160919576e-01,9.999945458176611179e-01,2.890142719165338065e-13
8.140211329110742611e+01,9.999597215920884574e-01,9.999946534539450038e-01,2.869246329691326386e-13
8.204575346795485302e+01,9.999605143526655304e-01,9.999947589974707007e-01,2.848450347823233975e-13
8.269442109689909159e+01,9.999612915110149824e-01,9.999948624889587467e-01,2.827754448330253727e-13
8.334815544720203206e+01,9.999620533741673256e-01,9.999949639667997658e-01,2.807158307372249183e-13
8.400699609485620556e+01,9.999628002431123486e-01,9.999950634709697805e-01,2.786661602493798567e-13
8.467098292498111789e+01,9.999635324129179104e-01,9.999951610376935918e-01,2.766264012618209545e-13
8.534015613423761693e+01,9.999642501728468469e-01,9.999952567059572361e-01,2.745965218041545582e-13
8.601455623326111777e+01,9.999649538064705467e-01,9.999953505109974161e-01,2.725764900426711389e-13
8.669422404911459523e+01,9.999656435917814168e-01,9.999954424900078243e-01,2.705662742797483827e-13
8.737920072775949620e+01,9.999663198013022392e-01,9.999955326775662456e-01,2.685658429532569072e-13
8.806952773654737143e+01,9.999669827021938628e-01,9.999956211083297353e-01,2.665751646359628984e-13
8.876524686672955511e+01,9.999676325563607859e-01,9.999957078160919277e-01,2.645942080349420055e-13
8.946640023598773439e+01,9.999682696205542953e-01,9.999957928331641988e-01,2.626229419909781916e-13
9.017303029098317779e+01,9.999688941464740521e-01,9.999958761933194218e-01,2.606613354779753565e-13
9.088517980992685352e+01,9.999695063808670126e-01,9.999959579269386278e-01,2.587093576023613369e-13
9.160289190516864721e+01,9.999701065656255716e-01,9.999960380667248794e-01,2.567669776024995297e-13
9.232621002580789593e+01,9.999706949378824872e-01,9.999961166421778014e-01,2.548341648480936491e-13
9.305517796032309263e+01,9.999712717301044718e-01,9.999961936847331367e-01,2.529108888395982893e-13
9.378983983922337586e+01,9.999718371701844521e-01,9.999962692232943207e-01,2.509971192076238340e-13
9.453024013771953094e+01,9.999723914815308312e-01,9.999963432873882896e-01,2.490928257123530770e-13
9.527642367841708904e+01,9.999729348831565279e-01,9.999964159054747226e-01,2.471979782429405779e-13
9.602843563402909410e+01,9.999734675897646863e-01,9.999964871046289616e-01,2.453125468169326660e-13
9.678632153011152184e+01,9.999739898118338299e-01,9.999965569130707665e-01,2.434365015796702285e-13
9.755012724781859390e+01,9.999745017557011284e-01,9.999966253566229257e-01,2.415698128036994754e-13
9.831989902668097159e+01,9.999750036236432216e-01,9.999966924626138010e-01,2.397124508881876022e-13
9.909568346740478262e+01,9.999754956139569328e-01,9.999967582557278689e-01,2.378643863583275466e-13
9.987752753469244738e+01,9.999759779210367627e-01,9.999968227624485007e-01,2.360255898647554183e-13
1.006654785600864557e+02,9.999764507354521603e-01,9.999968860069246013e-01,2.341960321829513683e-13
1.014595842448340619e+02,9.999769142440227965e-01,9.999969480142362199e-01,2.323756842126661563e-13
1.022598926627757692e+02,9.999773686298920605e-01,9.999970088081809871e-01,2.305645169773170732e-13
1.030664522632548596e+02,9.999778140725992248e-01,9.999970684120179643e-01,2.287625016234128925e-13
1.038793118740512114e+02,9.999782507481509430e-01,9.999971268489107334e-01,2.269696094199612274e-13
1.046985207043365023e+02,9.999786788290903061e-01,9.999971841408078488e-01,2.251858117578730866e-13
1.055241283476539849e+02,9.999790984845650099e-01,9.999972403106975882e-01,2.234110801493894161e-13
1.063561847849200603e+02,9.999795098803943016e-01,9.999972953792196639e-01,2.216453862274850989e-13
1.071947403874508069e+02,9.999799131791344831e-01,9.999973493686068471e-01,2.198887017452845928e-13
1.080398459200105918e+02,9.999803085401427483e-01,9.999974022990201217e-01,2.181409985754728460e-13
1.088915525438860499e+02,9.999806961196405775e-01,9.999974541916877291e-01,2.164022487097086124e-13
1.097499118199825716e+02,9.999810760707752433e-01,9.999975050664782206e-01,2.146724242580432945e-13
1.106149757119464141e+02,9.999814485436800959e-01,9.999975549431980859e-01,2.129514974483245897e-13
1.114867965893098045e+02,9.999818136855342932e-01,9.999976038414472024e-01,2.112394406256177569e-13
1.123654272306620356e+02,9.999821716406204208e-01,9.999976517794023634e-01,2.095362262516167850e-13
1.132509208268437959e+02,9.999825225503820025e-01,9.999976987764180869e-01,2.078418269040530381e-13
1.141433309841680881e+02,9.999828665534788996e-01,9.999977448499485222e-01,2.061562152761221005e-13
1.150427117276646527e+02,9.999832037858423783e-01,9.999977900185801349e-01,2.044793641758788653e-13
1.159491175043512214e+02,9.999835343807286225e-01,9.999978342991313607e-01,2.028112465256674849e-13
1.168626031865294124e+02,9.999838584687713583e-01,9.999978777095002158e-01,2.011518353615266076e-13
1.177832240751062471e+02,9.999841761780337013e-01,9.999979202662470090e-01,1.995011038326049642e-13
1.187110359029427116e+02,9.999844876340585609e-01,9.999979619862134905e-01,1.978590252005749606e-13
1.196460948382269009e+02,9.999847929599180452e-01,9.999980028857838876e-01,1.962255728390457141e-13
1.205884574878752176e+02,9.999850922762623107e-01,9.999980429805790383e-01,1.946007202329777828e-13
1.215381809009583520e+02,9.999853857013673020e-01,9.999980822864845686e-01,1.929844409780964538e-13
1.224953225721558425e+02,9.999856733511811591e-01,9.999981208182650017e-01,1.913767087803042765e-13
1.234599404452358300e+02,9.999859553393702916e-01,9.999981585916151161e-01,1.897774974550953104e-13
1.244320929165637324e+02,9.999862317773642317e-01,9.999981956205393763e-01,1.881867809269657141e-13
1.254118388386366405e+02,9.999865027743992663e-01,9.999982319200683145e-01,1.866045332288314265e-13
1.263992375236469314e+02,9.999867684375624011e-01,9.999982675039842395e-01,1.850307285014377208e-13
1.273943487470721720e+02,9.999870288718328837e-01,9.999983023865550713e-01,1.834653409927717614e-13
1.283972327512946094e+02,9.999872841801238366e-01,9.999983365814381076e-01,1.819083450574785444e-13
1.294079502492473068e+02,9.999875344633232244e-01,9.999983701019194982e-01,1.803597151562701474e-13
1.304265624280904774e+02,9.999877798203335999e-01,9.999984029614688019e-01,1.788194258553379847e-13
1.314531309529147620e+02,9.999880203481108509e-01,9.999984351723461007e-01,1.772874518257678630e-13
1.324877179704752734e+02,9.999882561417029470e-01,9.999984667476560229e-01,1.757637678429471626e-13
1.335303861129528684e+02,9.999884872942871317e-01,9.999984976992893904e-01,1.742483487859830742e-13
1.345811985017466554e+02,9.999887138972068934e-01,9.999985280398133725e-01,1.727411696371061949e-13
1.356402187512948956e+02,9.999889360400081584e-01,9.999985577806796977e-01,1.712422054810866953e-13
1.367075109729257747e+02,9.999891538104744848e-01,9.999985869339215183e-01,1.697514315046454633e-13
1.377831397787394110e+02,9.999893672946615908e-01,9.999986155108955277e-01,1.682688229958607295e-13
1.388671702855183980e+02,9.999895765769319933e-01,9.999986435228783721e-01,1.667943553435822143e-13
1.399596681186708906e+02,9.999897817399874267e-01,9.999986709811381491e-01,1.653280040368363148e-13
1.410606994162023966e+02,9.999899828649022604e-01,9.999986978961781237e-01,1.638697446642441902e-13
1.421703308327207367e+02,9.999901800311552513e-01,9.999987242789450947e-01,1.624195529134194001e-13
1.432886295434700799e+02,9.999903733166608522e-01,9.999987501391957023e-01,1.609774045703868237e-13
1.444156632483988005e+02,9.999905627978001865e-01,9.999987754877255330e-01,1.595432755189867348e-13
1.455515001762567522e+02,9.999907485494510251e-01,9.999988003340241072e-01,1.581171417402810990e-13
1.466962090887268744e+02,9.999909306450175395e-01,9.999988246881917897e-01,1.566989793119637586e-13
1.478498592845867279e+02,9.999911091564592791e-01,9.999988485596459364e-01,1.552887644077711715e-13
1.490125206039049317e+02,9.999912841543193709e-01,9.999988719579286922e-01,1.538864732968783845e-13
1.501842634322679828e+02,9.999914557077527189e-01,9.999988948924213306e-01,1.524920823433185574e-13
1.513651587050424610e+02,9.999916238845532046e-01,9.999989173720380542e-01,1.511055680053798441e-13
1.525552779116680995e+02,9.999917887511804437e-01,9.999989394060034842e-01,1.497269068350140880e-13
1.537546930999869232e+02,9.999919503727857650e-01,9.999989610026751574e-01,1.483560754772436992e-13
1.549634768806036789e+02,9.999921088132387448e-01,9.999989821707823134e-01,1.469930506695575516e-13
1.561817024312825311e+02,9.999922641351514097e-01,9.999990029184728790e-01,1.456378092413261651e-13
1.574094435013767566e+02,9.999924163999038829e-01,9.999990232542302904e-01,1.442903281131981831e-13
1.586467744162929989e+02,9.999925656676680319e-01,9.999990431858394313e-01,1.429505842965053318e-13
1.598937700819917325e+02,9.999927119974315604e-01,9.999990627213420913e-01,1.416185548926655610e-13
1.611505059895207808e+02,9.999928554470209896e-01,9.999990818685127181e-01,1.402942170925806581e-13
1.624170582195866928e+02,9.999929960731251954e-01,9.999991006348933897e-01,1.389775481760427971e-13
1.636935034471592587e+02,9.999931339313167244e-01,9.999991190282013775e-01,1.376685255111318236e-13
1.649799189461145943e+02,9.999932690760748866e-01,9.999991370555153525e-01,1.363671265536171089e-13
1.662763825939117908e+02,9.999934015608064053e-01,9.999991547243234358e-01,1.350733288463541287e-13
1.675829728763088724e+02,9.999935314378671780e-01,9.999991720412534368e-01,1.337871100186862405e-13
1.688997688921128884e+02,9.999936587585823711e-01,9.999991890134587447e-01,1.325084477858399249e-13
1.702268503579696528e+02,9.999937835732671809e-01,9.999992056475058844e-01,1.312373199483251497e-13
1.715642976131884438e+02,9.999939059312462630e-01,9.999992219501355750e-01,1.299737043913293736e-13
1.729121916246068622e+02,9.999940258808739380e-01,9.999992379277662380e-01,1.287175790841164213e-13
1.742706139914911603e+02,9.999941434695522879e-01,9.999992535867547883e-01,1.274689220794197299e-13
1.756396469504773563e+02,9.999942587437508079e-01,9.999992689335189811e-01,1.262277115128366294e-13
1.770193733805485294e+02,9.999943717490242800e-01,9.999992839740372563e-01,1.249939256022254517e-13
1.784098768080533546e+02,9.999944825300307594e-01,9.999992987146035794e-01,1.237675426470955450e-13
1.798112414117614151e+02,9.999945911305495594e-01,9.999993131608782004e-01,1.225485410280009238e-13
1.812235520279604941e+02,9.999946975934983495e-01,9.999993273188796383e-01,1.213368992059328589e-13
1.826468941555911840e+02,9.999948019609498084e-01,9.999993411939426258e-01,1.201325957217111037e-13
1.840813539614239573e+02,9.999949042741487215e-01,9.999993547918619718e-01,1.189356091953715615e-13
1.855270182852750906e+02,9.999950045735281901e-01,9.999993681179570881e-01,1.177459183255577393e-13
1.869839746452632596e+02,9.999951028987253965e-01,9.999993811775610419e-01,1.165635018889132618e-13
1.884523112431089658e+02,9.999951992885972585e-01,9.999993939759768136e-01,1.153883387394616123e-13
1.899321169694727303e+02,9.999952937812363052e-01,9.999994065182356007e-01,1.142204078080005142e-13
1.914234814093377395e+02,9.999953864139848880e-01,9.999994188095924219e-01,1.130596881014843988e-13
1.929264948474318828e+02,9.999954772234506128e-01,9.999994308548180166e-01,1.119061587024120340e-13
1.944412482736947254e+02,9.999955662455205507e-01,9.999994426590018692e-01,1.107597987682103424e-13
1.959678333887845554e+02,9.999956535153753379e-01,9.999994542267057751e-01,1.096205875306176757e-13
1.975063426096311332e+02,9.999957390675033864e-01,9.999994655627219009e-01,1.084885042950702454e-13
1.990568690750291125e+02,9.999958229357140960e-01,9.999994766714156436e-01,1.073635284400789099e-13
2.006195066512779022e+02,9.999959051531515097e-01,9.999994875573957609e-01,1.062456394166164378e-13
2.021943499378627678e+02,9.999959857523073037e-01,9.999994982250174358e-01,1.051348167474947621e-13
2.037814942731831138e+02,9.999960647650335543e-01,9.999995086784950749e-01,1.040310400267418309e-13
2.053810357403226590e+02,9.999961422225557284e-01,9.999995189221858594e-01,1.029342889189904354e-13
2.069930711728677295e+02,9.999962181554843399e-01,9.999995289600915882e-01,1.018445431588434359e-13
2.086176981607677590e+02,9.999962925938276070e-01,9.999995387964792926e-01,1.007617825502625271e-13
2.102550150562448721e+02,9.999963655670029983e-01,9.999995484351842379e-01,9.968598696593593760e-14
2.119051209797463002e+02,9.999964371038492228e-01,9.999995578802902685e-01,9.861713634665788033e-14
2.135681158259464496e+02,9.999965072326372217e-01,9.999995671355011995e-01,9.755521070070128839e-14
2.152441002697936767e+02,9.999965759810812704e-01,9.999995762046004488e-01,9.650019010319590222e-14
2.169331757726044714e+02,9.999966433763505247e-01,9.999995850912004602e-01,9.545205469549257397e-14
2.186354445882070365e+02,9.999967094450793459e-01,9.999995937989221151e-01,9.441078468454466169e-14
2.203510097691300871e+02,9.999967742133775150e-01,9.999996023313448834e-01,9.337636034227225796e-14
2.220799751728430635e+02,9.999968377068413350e-01,9.999996106918102035e-01,9.234876200493289343e-14
2.238224454680417637e+02,9.999968999505631784e-01,9.999996188838655709e-01,9.132797007249562305e-14
2.255785261409865825e+02,9.999969609691413686e-01,9.999996269107178648e-01,9.031396500800132925e-14
2.273483235018867390e+02,9.999970207866901717e-01,9.999996347758018933e-01,8.930672733693873933e-14
2.291319446913378499e+02,9.999970794268493446e-01,9.999996424822249486e-01,8.830623764660587723e-14
2.309294976868062861e+02,9.999971369127932386e-01,9.999996500332375415e-01,8.731247658547383776e-14
2.327410913091676719e+02,9.999971932672401254e-01,9.999996574318726905e-01,8.632542486255549593e-14
2.345668352292931331e+02,9.999972485124610788e-01,9.999996646810955792e-01,8.534506324676972290e-14
2.364068399746900582e+02,9.999973026702888568e-01,9.999996717838985916e-01,8.437137256629993481e-14
2.382612169361917438e+02,9.999973557621264497e-01,9.999996787431315592e-01,8.340433370795870000e-14
2.401300783747024639e+02,9.999974078089555185e-01,9.999996855617158120e-01,8.244392761654920350e-14
2.420135374279918210e+02,9.999974588313450541e-01,9.999996922423168844e-01,8.149013529422408603e-14
2.439117081175456292e+02,9.999975088494588160e-01,9.999996987877985966e-01,8.054293779984732505e-14
2.458247053554669321e+02,9.999975578830639922e-01,9.999997052007487675e-01,7.960231624834986786e-14
2.477526449514339788e+02,9.999976059515384152e-01,9.999997114839108692e-01,7.866825181008667844e-14
2.496956436197106939e+02,9.999976530738787783e-01,9.999997176398202070e-01,7.774072571019878246e-14
2.516538189862114621e+02,9.999976992687076294e-01,9.999997236710447268e-01,7.681971922796062058e-14
2.536272895956237790e+02,9.999977445542812537e-01,9.999997295800788777e-01,7.590521369614285080e-14
2.556161749185828285e+02,9.999977889484964466e-01,9.999997353692560154e-01,7.499719050036398050e-14
2.576205953589058595e+02,9.999978324688976183e-01,9.999997410410201848e-01,7.409563107844079943e-14
2.596406722608793984e+02,9.999978751326840110e-01,9.999997465976403488e-01,7.320051691974580522e-14
2.616765279166072560e+02,9.999979169567164705e-01,9.999997520414789509e-01,7.231182956455232255e-14
2.637282855734116538e+02,9.999979579575236643e-01,9.999997573746769453e-01,7.142955060339411224e-14
2.657960694412967086e+02,9.999979981513090754e-01,9.999997625995257211e-01,7.055366167640670388e-14
2.678800047004656903e+02,9.999980375539574418e-01,9.999997677181278188e-01,6.968414447268208244e-14
2.699802175089013190e+02,9.999980761810406404e-01,9.999997727326562780e-01,6.882098072961688714e-14
2.720968350100010866e+02,9.999981140478239050e-01,9.999997776451923226e-01,6.796415223225508213e-14
2.742299853402764143e+02,9.999981511692723757e-01,9.999997824577561145e-01,6.711364081264343812e-14
2.763797976371077425e+02,9.999981875600564285e-01,9.999997871723967924e-01,6.626942834916943204e-14
2.785464020465643671e+02,9.999982232345576705e-01,9.999997917909686507e-01,6.543149676591207124e-14
2.807299297312810040e+02,9.999982582068747128e-01,9.999997963154381164e-01,6.459982803198448840e-14
2.829305128784006911e+02,9.999982924908286108e-01,9.999998007476292861e-01,6.377440416087840443e-14
2.851482847075745894e+02,9.999983260999684154e-01,9.999998050894384205e-01,6.295520720980587769e-14
2.873833794790293155e+02,9.999983590475765016e-01,9.999998093425955803e-01,6.214221927904634170e-14
2.896359325016925368e+02,9.999983913466737873e-01,9.999998135089178675e-01,6.133542251128423970e-14
2.919060801413863260e+02,9.999984230100248395e-01,9.999998175901250175e-01,6.053479909095360112e-14
2.941939598290816207e+02,9.999984540501432040e-01,9.999998215879242203e-01,5.974033124357628195e-14
2.964997100692173149e+02,9.999984844792958461e-01,9.999998255040262185e-01,5.895200123510294401e-14
2.988234704480870505e+02,9.999985143095083684e-01,9.999998293400269578e-01,5.816979137125527123e-14
3.011653816422872296e+02,9.999985435525698962e-01,9.999998330975958805e-01,5.739368399686198851e-14
3.035255854272355691e+02,9.999985722200371852e-01,9.999998367782315656e-01,5.662366149519671716e-14
3.059042246857518421e+02,9.999986003232397280e-01,9.999998403834763350e-01,5.585970628732115038e-14
3.083014434167097875e+02,9.999986278732839740e-01,9.999998439148247709e-01,5.510180083141727300e-14
3.107173867437525701e+02,9.999986548810576581e-01,9.999998473737848892e-01,5.434992762212692720e-14
3.131522009240803754e+02,9.999986813572344646e-01,9.999998507617634536e-01,5.360406918988813429e-14
3.156060333573025218e+02,9.999987073122776904e-01,9.999998540801880997e-01,5.286420810027108213e-14
3.180790325943627295e+02,9.999987327564449080e-01,9.999998573304677008e-01,5.213032695331558923e-14
3.205713483465302716e+02,9.999987576997916294e-01,9.999998605139450714e-01,5.140240838286456150e-14
3.230831314944651922e+02,9.999987821521756359e-01,9.999998636320155398e-01,5.068043505590055386e-14
3.256145340973502584e+02,9.999988061232605308e-01,9.999998666859480911e-01,4.996438967188006636e-14
3.281657094020987984e+02,9.999988296225196249e-01,9.999998696770920903e-01,4.925425496206833876e-14
3.307368118526292164e+02,9.999988526592400451e-01,9.999998726066565702e-01,4.855001368887468158e-14
3.333279970992176686e+02,9.999988752425259531e-01,9.999998754758933073e-01,4.785164864518410899e-14
3.359394220079182674e+02,9.999988973813022097e-01,9.999998782859643720e-01,4.715914265369506163e-14
3.385712446700613896e+02,9.999989190843181497e-01,9.999998810380955616e-01,4.647247856625197987e-14
3.412236244118237778e+02,9.999989403601510229e-01,9.999998837334320712e-01,4.579163926317510644e-14
3.438967218038725946e+02,9.999989612172089926e-01,9.999998863730898968e-01,4.511660765260339690e-14
3.465906986710884325e+02,9.999989816637347984e-01,9.999998889582180084e-01,4.444736666981655995e-14
3.493057181023595490e+02,9.999990017078089766e-01,9.999998914898768909e-01,4.378389927657984217e-14
3.520419444604571027e+02,9.999990213573530795e-01,9.999998939691943090e-01,4.312618846046917330e-14
3.547995433919833772e+02,9.999990406201326731e-01,9.999998963971852284e-01,4.247421723421024596e-14
3.575786818374019163e+02,9.999990595037603347e-01,9.999998987749315615e-01,4.182796863501091843e-14
3.603795280411414979e+02,9.999990780156990944e-01,9.999999011034146346e-01,4.118742572389402764e-14
3.632022515617838394e+02,9.999990961632648778e-01,9.999999033836481921e-01,4.055257158503443051e-14
3.660470232823257106e+02,9.999991139536297258e-01,9.999999056165502775e-01,3.992338932509023918e-14
3.689140154205268232e+02,9.999991313938243476e-01,9.999999078030881172e-01,3.929986207254137063e-14
3.718034015393325831e+02,9.999991484907412298e-01,9.999999099442083983e-01,3.868197297702087662e-14
3.747153565573842116e+02,9.999991652511370788e-01,9.999999120407857545e-01,3.806970520865361951e-14
3.776500567596053770e+02,9.999991816816357071e-01,9.999999140937475550e-01,3.746304195739108581e-14
3.806076798078767069e+02,9.999991977887305872e-01,9.999999161039346829e-01,3.686196643234599145e-14
3.835884047517885165e+02,9.999992135787872938e-01,9.999999180722498604e-01,3.626646186113159503e-14
3.865924120394830084e+02,9.999992290580460574e-01,9.999999199995104338e-01,3.567651148920037993e-14
3.896198835285753717e+02,9.999992442326243181e-01,9.999999218865758266e-01,3.509209857917873533e-14
3.926710024971657162e+02,9.999992591085191673e-01,9.999999237342466207e-01,3.451320641020828891e-14
3.957459536549332029e+02,9.999992736916095692e-01,9.999999255433225098e-01,3.393981827728221608e-14
3.988449231543173141e+02,9.999992879876589136e-01,9.999999273145879775e-01,3.337191749059099033e-14
4.019680986017893360e+02,9.999993020023171253e-01,9.999999290487465720e-01,3.280948737485874288e-14
4.051156690692070583e+02,9.999993157411226630e-01,9.999999307465965437e-01,3.225251126868662126e-14
4.082878251052637779e+02,9.999993292095052944e-01,9.999999324088317820e-01,3.170097252389547247e-14
4.114847587470209191e+02,9.999993424127876507e-01,9.999999340361913625e-01,3.115485450487312687e-14
4.147066635315363783e+02,9.999993553561878912e-01,9.999999356293465258e-01,3.061414058791266380e-14
4.179537345075781900e+02,9.999993680448212574e-01,9.999999371890115896e-01,3.007881416056580437e-14
4.212261682474353393e+02,9.999993804837024047e-01,9.999999387158478026e-01,2.954885862098394122e-14
4.245241628588149183e+02,9.999993926777470676e-01,9.999999402105298474e-01,2.902425737727115903e-14
4.278479179968383050e+02,9.999994046317745022e-01,9.999999416737134217e-01,2.850499384683184019e-14
4.311976348761248801e+02,9.999994163505089295e-01,9.999999431060270227e-01,2.799105145572288695e-14
4.345735162829762430e+02,9.999994278385817559e-01,9.999999445081141358e-01,2.748241363800365273e-14
4.379757665876496162e+02,9.999994391005331273e-01,9.999999458805617358e-01,2.697906383509418164e-14
4.414045917567330548e+02,9.999994501408137060e-01,9.999999472239535780e-01,2.648098549512834256e-14
4.448601993656111517e+02,9.999994609637866683e-01,9.999999485388741949e-01,2.598816207231127988e-14
4.483427986110346524e+02,9.999994715737294815e-01,9.999999498259128927e-01,2.550057702627735952e-14
4.518526003237815871e+02,9.999994819748350139e-01,9.999999510856057983e-01,2.501821382145288618e-14
4.553898169814237349e+02,9.999994921712139773e-01,9.999999523185110206e-01,2.454105592641926844e-14
4.589546627211865371e+02,9.999995021668960371e-01,9.999999535251652416e-01,2.406908681327312962e-14
4.625473533529155361e+02,9.999995119658314779e-01,9.999999547060927085e-01,2.360228995699731731e-14
4.661681063721396754e+02,9.999995215718928687e-01,9.999999558618286599e-01,2.314064883482720204e-14
4.698171409732372013e+02,9.999995309888766171e-01,9.999999569928674781e-01,2.268414692562123563e-14
4.734946780627079761e+02,9.999995402205044126e-01,9.999999580997293025e-01,2.223276770923456726e-14
4.772009402725434484e+02,9.999995492704245592e-01,9.999999591828834244e-01,2.178649466589307918e-14
4.809361519737079220e+02,9.999995581422136404e-01,9.999999602428275569e-01,2.134531127557130362e-14
4.847005392897182787e+02,9.999995668393779624e-01,9.999999612799863602e-01,2.090920101737264319e-14
4.884943301103363069e+02,9.999995753653544428e-01,9.999999622948363420e-01,2.047814736891022233e-14
4.923177541053614164e+02,9.999995837235128304e-01,9.999999632878205924e-01,2.005213380569494899e-14
4.961710427385379489e+02,9.999995919171561498e-01,9.999999642593703220e-01,1.963114380051955310e-14
5.000544292815642962e+02,9.999995999495226995e-01,9.999999652099182956e-01,1.921516082285025491e-14
5.039681488282179771e+02,9.999996078237868291e-01,9.999999661398727424e-01,1.880416833822004574e-14
5.079124383085843988e+02,9.999996155430606048e-01,9.999999670496632076e-01,1.839814980762606769e-14
5.118875365034039078e+02,9.999996231103944755e-01,9.999999679396790464e-01,1.799708868692635275e-14
5.158936840585234904e+02,9.999996305287793819e-01,9.999999688103369255e-01,1.760096842624393623e-14
5.199311234994686401e+02,9.999996378011469789e-01,9.999999696620114342e-01,1.720977246937077766e-14
5.240000992461219766e+02,9.999996449303713009e-01,9.999999704950982560e-01,1.682348425317759504e-14
5.281008576275232826e+02,9.999996519192698718e-01,9.999999713099612109e-01,1.644208720702536194e-14
5.322336468967788505e+02,9.999996587706048157e-01,9.999999721069612324e-01,1.606556475218112449e-14
5.363987172460928150e+02,9.999996654870838553e-01,9.999999728864392701e-01,1.569390030123588829e-14
5.405963208219126273e+02,9.999996720713612008e-01,9.999999736487490409e-01,1.532707725752849747e-14
5.448267117401916266e+02,9.999996785260392151e-01,9.999999743942379338e-01,1.496507901457222122e-14
5.490901461017764404e+02,9.999996848536686356e-01,9.999999751232221401e-01,1.460788895548344177e-14
5.533868820079069337e+02,9.999996910567502395e-01,9.999999758360418323e-01,1.425549045241678894e-14
5.577171795758453072e+02,9.999996971377355104e-01,9.999999765330036539e-01,1.390786686600293477e-14
5.620813009546189960e+02,9.999997030990278590e-01,9.999999772144352317e-01,1.356500154479167037e-14
5.664795103408948762e+02,9.999997089429829566e-01,9.999999778806371031e-01,1.322687782469649570e-14
5.709120739949690915e+02,9.999997146719105112e-01,9.999999785319191314e-01,1.289347902844649070e-14
5.753792602568902339e+02,9.999997202880746006e-01,9.999999791685763029e-01,1.256478846504119972e-14
5.798813395627000773e+02,9.999997257936946715e-01,9.999999797908957211e-01,1.224078942921046853e-14
5.844185844608094840e+02,9.999997311909467612e-01,9.999999803991668212e-01,1.192146520087832967e-14
5.889912696284936828e+02,9.999997364819638301e-01,9.999999809936455097e-01,1.160679904463208805e-14
5.935996718885253358e+02,9.999997416688368723e-01,9.999999815746065668e-01,1.129677420919507314e-14
5.982440702259283398e+02,9.999997467536158036e-01,9.999999821423105617e-01,1.099137392690646564e-14
6.029247458048714634e+02,9.999997517383101275e-01,9.999999826970217276e-01,1.069058141320463620e-14
6.076419819856854474e+02,9.999997566248899350e-01,9.999999832389809828e-01,1.039437986611462252e-14
6.123960643420213046e+02,9.999997614152862369e-01,9.999999837684419024e-01,1.010275246574334982e-14
6.171872806781341296e+02,9.999997661113924075e-01,9.999999842856436283e-01,9.815682373779273789e-15
6.220159210463107229e+02,9.999997707150642956e-01,9.999999847908237482e-01,9.533152732993462282e-15
6.268822777644247708e+02,9.999997752281212238e-01,9.999999852842217374e-01,9.255146666755392547e-15
6.317866454336362949e+02,9.999997796523469873e-01,9.999999857660585301e-01,8.981647278543169559e-15
6.367293209562257061e+02,9.999997839894898544e-01,9.999999862365683834e-01,8.712637651469005673e-15
6.417106035535655337e+02,9.999997882412640093e-01,9.999999866959592421e-01,8.448100847804012399e-15
6.467307947842384692e+02,9.999997924093496637e-01,9.999999871444537058e-01,8.188019908513383039e-15
6.517901985622893335e+02,9.999997964953942775e-01,9.999999875822400686e-01,7.932377852793851989e-15
6.568891211756277926e+02,9.999998005010124480e-01,9.999999880095266080e-01,7.681157677621488114e-15
6.620278713045656787e+02,9.999998044277873532e-01,9.999999884265117212e-01,7.434342357300652477e-15
6.672067600405091525e+02,9.999998082772709740e-01,9.999999888333863662e-01,7.191914843024762170e-15
6.724261009047862672e+02,9.999998120509844268e-01,9.999999892303402804e-01,6.953858062439863269e-15
6.776862098676326696e+02,9.999998157504191854e-01,9.999999896175530978e-01,6.720154919215745305e-15
6.829874053673141816e+02,9.999998193770373023e-01,9.999999899952133342e-01,6.490788292623696366e-15
6.883300083294101341e+02,9.999998229322721865e-01,9.999999903634917420e-01,6.265741037122917524e-15
6.937143421862361947e+02,9.999998264175286034e-01,9.999999907225710638e-01,6.044995981949886810e-15
6.991407328964299950e+02,9.999998298341841174e-01,9.999999910726143915e-01,5.828535930719672860e-15
7.046095089646782981e+02,9.999998331835890930e-01,9.999999914137953638e-01,5.616343661029305905e-15
7.101210014616100352e+02,9.999998364670670270e-01,9.999999917462717436e-01,5.408401924073153648e-15
7.156755440438330425e+02,9.999998396859157701e-01,9.999999920702039580e-01,5.204693444262642979e-15
7.212734729741385991e+02,9.999998428414073048e-01,9.999999923857399997e-01,5.005200918854092752e-15
7.269151271418527358e+02,9.999998459347887447e-01,9.999999926930218663e-01,4.809907017584807517e-15
7.326008480833569365e+02,9.999998489672825563e-01,9.999999929922067654e-01,4.618794382316832669e-15
7.383309800027618621e+02,9.999998519400872254e-01,9.999999932834287009e-01,4.431845626687584517e-15
7.441058697927433059e+02,9.999998548543777011e-01,9.999999935668323348e-01,4.249043335769098664e-15
7.499258670555467461e+02,9.999998577113057285e-01,9.999999938425462309e-01,4.070370065735471490e-15
7.557913241241465130e+02,9.999998605120001827e-01,9.999999941107097223e-01,3.895808343538185517e-15
7.617025960835810565e+02,9.999998632575681778e-01,9.999999943714487083e-01,3.725340666589382539e-15
7.676600407924432830e+02,9.999998659490946240e-01,9.999999946248943061e-01,3.558949502455036968e-15
7.736640189045507441e+02,9.999998685876433369e-01,9.999999948711696396e-01,3.396617288553579408e-15
7.797148938907729416e+02,9.999998711742569268e-01,9.999999951103959450e-01,3.238326431866819372e-15
7.858130320610413264e+02,9.999998737099577983e-01,9.999999953426939037e-01,3.084059308656746969e-15
7.919588025865191412e+02,9.999998761957479276e-01,9.999999955681743158e-01,2.933798264192585463e-15
7.981525775219563457e+02,9.999998786326098621e-01,9.999999957869516454e-01,2.787525612485612122e-15
8.043947318282071137e+02,9.999998810215066092e-01,9.999999959991199283e-01,2.645223636034645266e-15
8.106856433949355960e+02,9.999998833633823025e-01,9.999999962047962931e-01,2.506874585579593473e-15
8.170256930634865284e+02,9.999998856591623131e-01,9.999999964040772182e-01,2.372460679863695658e-15
8.234152646499466073e+02,9.999998879097541371e-01,9.999999965970629567e-01,2.241964105406679785e-15
8.298547449683745754e+02,9.999998901160471743e-01,9.999999967838483217e-01,2.115367016285608236e-15
8.363445238542236666e+02,9.999998922789133937e-01,9.999999969645285702e-01,1.992651533927171914e-15
8.428849941879360586e+02,9.999998943992074452e-01,9.999999971391964060e-01,1.873799746908031523e-15
8.494765519187324117e+02,9.999998964777673249e-01,9.999999973079395366e-01,1.758793710765684814e-15
8.561195960885795557e+02,9.999998985154145981e-01,9.999999974708491113e-01,1.647615447819002107e-15
8.628145288563454187e+02,9.999999005129545093e-01,9.999999976280060654e-01,1.540246946999017798e-15
8.695617555221507473e+02,9.999999024711764273e-01,9.999999977794967743e-01,1.436670163689396848e-15
8.763616845518993159e+02,9.999999043908542884e-01,9.999999979253970661e-01,1.336867019576764599e-15
8.832147276020110667e+02,9.999999062727468191e-01,9.999999980657872101e-01,1.240819402513048967e-15
8.901212995443378304e+02,9.999999081175977578e-01,9.999999982007335975e-01,1.148509166385239506e-15
8.970818184912849347e+02,9.999999099261360769e-01,9.999999983303089479e-01,1.059918130998713501e-15
9.040967058211164158e+02,9.999999116990766490e-01,9.999999984545846488e-01,9.750280819687336750e-16
9.111663862034713475e+02,9.999999134371201359e-01,9.999999985736242047e-01,8.938207706237296937e-16
9.182912876250660474e+02,9.999999151409533216e-01,9.999999986874944513e-01,8.162779139194544264e-16
9.254718414156101289e+02,9.999999168112496672e-01,9.999999987962540082e-01,7.423811943631058782e-16
9.327084822739119545e+02,9.999999184486693116e-01,9.999999988999671574e-01,6.721122599492928857e-16
9.400016482942011180e+02,9.999999200538592925e-01,9.999999989986884108e-01,6.054527241059224144e-16
9.473517809926437394e+02,9.999999216274541025e-01,9.999999990924786086e-01,5.423841656528337631e-16
9.547593253340769479e+02,9.999999231700754665e-01,9.999999991813891542e-01,4.828881287696788108e-16
9.622247297589404980e+02,9.999999246823331189e-01,9.999999992654737824e-01,4.269461229762918539e-16
9.697484462104306431e+02,9.999999261648248039e-01,9.999999993447820090e-01,3.745396231242860185e-16
9.773309301618538711e+02,9.999999276181362751e-01,9.999999994193607966e-01,3.256500693994611110e-16
9.849726406442068765e+02,9.999999290428419618e-01,9.999999994892566635e-01,2.802588673364575964e-16
9.926740402739585534e+02,9.999999304395048583e-01,9.999999995545065801e-01,2.383473878442697407e-16
1.000435595281062774e+03,9.999999318086769673e-01,9.999999996151555104e-01,1.998969672441375090e-16
1.008257775537179782e+03,9.999999331508995226e-01,9.999999996712402028e-01,1.648889073183943368e-16
1.016141054584119274e+03,9.999999344667027668e-01,9.999999997227987381e-01,1.333044753716594891e-16
1.024085909662513814e+03,9.999999357566068392e-01,9.999999997698633125e-01,1.051249043037498363e-16
1.032092821740703585e+03,9.999999370211215544e-01,9.999999998124691203e-01,8.033139269416543975e-17
1.040162275543859323e+03,9.999999382607465126e-01,9.999999998506460264e-01,5.890510489913727857e-17
1.048294759583321138e+03,9.999999394759717664e-01,9.999999998844231186e-01,4.082717116029815198e-17
1.056490766186178007e+03,9.999999406672774871e-01,9.999999999138293738e-01,2.607868772557416464e-17
1.064750791525066688e+03,9.999999418351345204e-01,9.999999999388879957e-01,1.464071698224047498e-17
1.073075335648215059e+03,9.999999429800043860e-01,9.999999999596251854e-01,6.494287602152466060e-18
1.081464902509707372e+03,9.999999441023396107e-01,9.999999999760592617e-01,1.620394699395485362e-18
1.089919989100799967e+03,9.999999452025822855e-01,9.999999999882115409e-01,2.666397241218079350e-30
