t,Cacc_bits_per_symbol,Dmin_hamming
0.0,0.9192582130530096,0.009992254968317738
0.1,0.9192432657617692,0.00999450935245447
0.2,0.9192280180538569,0.009996809161273532
0.30000000000000004,0.9192124639230019,0.009999155307634788
0.4,0.9191965972441362,0.010001548722643527
0.5,0.9191804117710968,0.010003990356011117
0.6000000000000001,0.9191639011342874,0.010006481176422277
0.7000000000000001,0.9191470588382952,0.010009022171909864
0.8,0.9191298782594648,0.01001161435023673
0.9,0.9191123526434278,0.010014258739284694
1.0,0.9190944751025875,0.010016956387451346
1.1,0.9190762386135568,0.010019708364054185
1.2000000000000002,0.9190576360145513,0.010022515759742643
1.3,0.9190386600027329,0.01002537968691803
1.4000000000000001,0.9190193031315085,0.010028301280161286
1.5,0.9189995578077761,0.010031281696669194
1.6,0.9189794162891248,0.010034322116698736
1.7000000000000002,0.9189588706809833,0.010037423744019877
1.8,0.9189379129337161,0.010040587806377121
1.9000000000000001,0.9189165348396706,0.010043815555959762
2.0,0.9188947280301692,0.010047108269880988
2.1,0.9188724839724498,0.010050467250666103
2.2,0.9188497939665508,0.010053893826750034
2.3000000000000003,0.9188266491421425,0.010057389352984225
2.4000000000000004,0.9188030404553018,0.010060955211153046
2.5,0.9187789586852312,0.010064592810499887
2.6,0.9187543944309199,0.010068303588263262
2.7,0.918729338107747,0.01007208901022295
2.8000000000000003,0.9187037799440264,0.010075950571256233
2.9000000000000004,0.9186777099774912,0.01007988979590465
3.0,0.9186511180517177,0.010083908238951486
3.1,0.9186239938124888,0.010088007486009628
3.2,0.9185963267040949,0.010092189154120697
3.3000000000000003,0.918568105965571,0.010096454892365277
3.4000000000000004,0.9185393206268725,0.010100806382484218
3.5,0.9185099595049829,0.010105245339511702
3.6,0.9184800111999601,0.010109773512419803
3.7,0.9184494640909134,0.010114392684775028
3.8000000000000003,0.9184183063319155,0.010119104675406831
3.9000000000000004,0.9183865258478454,0.01012391133908858
4.0,0.9183541103301649,0.01012881456723064
4.1000000000000005,0.9183210472326231,0.010133816288586478
4.2,0.918287323766893,0.010138918469971295
4.3,0.9182529268981365,0.01014412311699403
4.4,0.9182178433404979,0.010149432274802292
4.5,0.9181820595525249,0.010154848028841073
4.6000000000000005,0.9181455617325167,0.010160372505624866
4.7,0.9181083358137992,0.0101660078735238
4.800000000000001,0.9180703674599244,0.010171756343563855
4.9,0.9180316420597951,0.010177620170241264
5.0,0.9179921447227146,0.010183601652351604
5.1000000000000005,0.9179518602733586,0.01018970313383347
5.2,0.9179107732466714,0.01019592700462707
5.300000000000001,0.9178688678826834,0.010202275701548042
5.4,0.9178261281212506,0.010208751709176633
5.5,0.9177825375967155,0.01021535756076242
5.6000000000000005,0.917738079632488,0.010222095839144761
5.7,0.9176927372355476,0.010228969177689437
5.800000000000001,0.9176464930908633,0.010235980261241354
5.9,0.9175993295557352,0.010243131827093743
6.0,0.917551228654052,0.010250426665974078
6.1000000000000005,0.9175021720704699,0.010257867623046726
6.2,0.9174521411445067,0.010265457598932881
6.300000000000001,0.917401116864556,0.010273199550747649
6.4,0.9173490798618177,0.010281096493154729
6.5,0.9172960104041457,0.010289151499438789
6.6000000000000005,0.9172418883898136,0.010297367702595778
6.7,0.917186693341197,0.010305748296441531
6.800000000000001,0.9171304043983726,0.010314296536738377
6.9,0.9170730003126346,0.010323015742340888
7.0,0.9170144594399288,0.010331909296359645
7.1000000000000005,0.9169547597342023,0.010340980647344733
7.2,0.9168938787406725,0.010350233310487785
7.300000000000001,0.9168317935890131,0.010359670868843762
7.4,0.9167684809864576,0.01036929697457201
7.5,0.9167039172108221,0.010379115350197282
7.6000000000000005,0.9166380781034472,0.010389129789890428
7.7,0.9165709390620588,0.010399344160769288
7.800000000000001,0.9165024750335501,0.010409762404219702
7.9,0.9164326605066839,0.010420388537237202
8.0,0.9163614695047178,0.010431226653788792
8.1,0.9162888755779514,0.010442280926195834
8.200000000000001,0.9162148517961984,0.010453555606537546
8.3,0.9161393707411842,0.010465055028075505
8.4,0.9160624044988692,0.010476783606699236
8.5,0.9159839246517006,0.010488745842393066
8.6,0.9159039022707948,0.010500946320724062
8.700000000000001,0.91582230790805,0.010513389714351527
8.8,0.9157391115881927,0.010526080784557953
8.9,0.91565428280076,0.010539024382801243
9.0,0.9155677904920181,0.010552225452288868
9.1,0.9154796030568222,0.010565689029573277
9.200000000000001,0.9153896883304173,0.010579420246169147
9.3,0.9152980135801855,0.01059342433019211
9.4,0.9152045454973393,0.010607706608019185
9.5,0.9151092501885677,0.010622272505970753
9.600000000000001,0.9150120931676355,0.010637127552013917
9.700000000000001,0.9149130393469398,0.010652277377487574
9.8,0.9148120530290285,0.0106677277188485
9.9,0.9147090978980832,0.010683484419439077
10.0,0.9146041370113726,0.010699553431275655
10.100000000000001,0.914497132790677,0.01071594081685822
10.200000000000001,0.9143880470136937,0.010732652751000521
10.3,0.9142768408054226,0.010749695522680958
10.4,0.9141634746295422,0.010767075536913442
10.5,0.9140479082797768,0.010784799316638501
10.600000000000001,0.9139301008712645,0.010802873504633756
10.700000000000001,0.9138100108319281,0.010821304865444123
10.8,0.9136875958938595,0.010840100287330436
10.9,0.913562813084719,0.010859266784236977
11.0,0.9134356187191609,0.010878811497776905
11.100000000000001,0.9133059683902903,0.010898741699235125
11.200000000000001,0.9131738169611588,0.010919064791588249
11.3,0.9130391185563068,0.010939788311541021
11.4,0.9129018265533617,0.010960919931578376
11.5,0.9127618935746993,0.010982467462032554
11.600000000000001,0.9126192714791782,0.011004438853164714
11.700000000000001,0.9124739113539561,0.011026842197259856
11.8,0.9123257635063977,0.011049685730734608
11.9,0.9121747774560851,0.011072977836256704
12.0,0.9120209019269403,0.011096727044875222
12.100000000000001,0.9118640848394711,0.011120942038160688
12.200000000000001,0.9117042733031531,0.011145631650353816
12.3,0.9115414136089572,0.011170804870521581
12.4,0.911375451222038,0.011196470844719832
12.5,0.9112063307745931,0.011222638878160603
12.600000000000001,0.9110339960589091,0.011249318437382985
12.700000000000001,0.9108583900206068,0.011276519152426182
12.8,0.9106794547520998,0.011304250819002978
12.9,0.9104971314862831,0.011332523400671951
13.0,0.9103113605904649,0.011361347031006955
13.100000000000001,0.9101220815605592,0.011390732015761903
13.200000000000001,0.9099292330155553,0.011420688835028614
13.3,0.9097327526922813,0.011451228145386266
13.4,0.909532577440479,0.011482360782039916
13.5,0.9093286432182092,0.011514097760945946
13.600000000000001,0.9091208850876056,0.011546450280921994
13.700000000000001,0.9089092372109969,0.011579429725739266
13.8,0.9086936328474182,0.01161304766619392
13.9,0.9084740043495304,0.011647315862155772
14.0,0.9082502831609708,0.011682246264590447
14.100000000000001,0.9080223998141559,0.011717851017553023
14.200000000000001,0.9077902839285601,0.011754142460149091
14.3,0.9075538642094912,0.011791133128460751
14.4,0.9073130684473899,0.011828835757433827
14.5,0.9070678235176742,0.011867263282722751
14.600000000000001,0.9068180553811577,0.011906428842489453
14.700000000000001,0.906563689085064,0.011946345779152559
14.8,0.9063046487646669,0.01198702764108267
14.9,0.9060408576455806,0.01202848818423985
15.0,0.90577223804673,0.012070741373748712
15.100000000000001,0.9054987113840285,0.012113801385406797
15.200000000000001,0.905220198174792,0.012157682607121401
15.3,0.90493661804292,0.012202399640270378
15.4,0.9046478897248725,0.01224796730098137
15.5,0.9043539310764748,0.012294400621324645
15.600000000000001,0.9040546590805809,0.01234171485041417
15.700000000000001,0.9037499898556293,0.012389925455410705
15.8,0.9034398386651198,0.012439048122422375
15.9,0.9031241199280499,0.012489098757295213
16.0,0.9028027472303394,0.012540093486288872
16.1,0.9024756333372812,0.012592048656630161
16.2,0.9021426902070496,0.012644980836938536
16.3,0.9018038290053044,0.01269890681751602
16.400000000000002,0.9014589601209234,0.012753843610495436
16.5,0.9011079931829011,0.012809808449838919
16.6,0.9007508370784478,0.012866818791180047
16.7,0.9003873999723282,0.012924892311501256
16.8,0.9000175893274729,0.012984046908639524
16.900000000000002,0.8996413119269017,0.013044300700611564
17.0,0.899258473896996,0.013105672024750718
17.1,0.8988689807321549,0.01316817943664722
17.2,0.8984727373208746,0.013231841708882721
17.3,0.8980696479732866,0.013296677829550851
17.400000000000002,0.8976596164501917,0.013362707000554364
17.5,0.897242545993627,0.013429948635669951
17.6,0.896818339359002,0.013498422358370937
17.7,0.8963868988488395,0.013568147999399021
17.8,0.8959481263481563,0.013639145594074552
17.900000000000002,0.8955019233615217,0.013711435379335953
18.0,0.8950481910518233,0.013785037790498122
18.1,0.8945868302807793,0.013859973457719513
18.2,0.894117741651225,0.01393626320216787
18.3,0.8936408255512096,0.014013928031873901
18.400000000000002,0.8931559821999316,0.014092989137262417
18.5,0.8926631116955432,0.014173467886350662
18.6,0.8921621140648529,0.014255385819602496
18.7,0.8916528893149522,0.014338764644428261
18.8,0.8911353374867922,0.014423626229319308
18.900000000000002,0.8906093587107339,0.014509992597606304
19.0,0.8900748532640945,0.014597885920830611
19.1,0.889531721630709,0.014687328511718
19.200000000000003,0.8889798645625251,0.014778342816743766
19.3,0.8884191831432471,0.01487095140827871
19.400000000000002,0.8878495788540416,0.014965176976305748
19.5,0.8872709536413161,0.015061042319695763
19.6,0.8866832099865778,0.015158570337033581
19.700000000000003,0.8860862509783763,0.015257784016983272
19.8,0.8854799803863351,0.015358706428182944
19.900000000000002,0.8848643027372659,0.015461360708659784
20.0,0.8842391233933647,0.015565770054755713
20.1,0.8836043486324789,0.015671957709554776
20.200000000000003,0.8829598857304328,0.0157799469508038
20.3,0.8823056430453964,0.015889761078317834
20.400000000000002,0.8816415301042756,0.016001423400863073
20.5,0.8809674576911006,0.01611495722250942
20.6,0.8802833379373805,0.016230385828446776
20.700000000000003,0.8795890844143915,0.01634773247025839
20.8,0.8788846122273621,0.016467020350645713
20.900000000000002,0.878169838111505,0.016588272607601033
21.0,0.8774446805298537,0.016711512298022195
21.1,0.8767090597728444,0.016836762380767978
21.200000000000003,0.8759628980595853,0.016964045699150436
21.3,0.8752061196407469,0.01709338496286328
21.400000000000002,0.8744386509030022,0.017224802729345942
21.5,0.8736604204749396,0.017358321384583382
21.6,0.8728713593343642,0.01749396312334367
21.700000000000003,0.8720714009168993,0.017631749928855585
21.8,0.8712604812257913,0.01777170355193043
21.900000000000002,0.8704385389428156,0.017913845489533176
22.0,0.8696055155401774,0.018058196962808838
22.1,0.8687613553932877,0.018204778894572712
22.200000000000003,0.8679060058942984,0.018353611886272547
22.3,0.867039417566265,0.018504716194434
22.400000000000002,0.866161544177802,0.018658111706601296
22.5,0.8652723428580931,0.018813817916786317
22.6,0.8643717742121053,0.018971853900441808
22.700000000000003,0.8634598024358542,0.01913223828897541
22.8,0.8625363954315598,0.019294989243822912
22.900000000000002,0.8616015249225266,0.019460124430101186
23.0,0.8606551665675746,0.019627660989862558
23.1,0.8596973000748412,0.019797615514974998
23.200000000000003,0.8587279093147725,0.01997000401965282
23.3,0.8577469824321093,0.020144841912666467
23.400000000000002,0.8567545119566758,0.02032214396925966
23.5,0.8557504949127677,0.020501924302806118
23.6,0.8547349329269338,0.020684196336238192
23.700000000000003,0.8537078323339437,0.020868972773282653
23.8,0.852669204280722,0.021056265569540877
23.900000000000002,0.8516190648280352,0.02124608590345161
24.0,0.8505574350497053,0.021438444147177493
24.1,0.8494843411291294,0.021633349837457357
24.200000000000003,0.8483998144528732,0.021830811646469113
24.3,0.8473038917011115,0.022030837352748807
24.400000000000002,0.8461966149346845,0.022233433812213953
24.5,0.8450780316785353,0.022438606929340688
24.6,0.8439481950012987,0.022646361628545664
24.700000000000003,0.8428071635908058,0.022856701825825422
24.8,0.8416550018252748,0.023069630400707586
24.900000000000002,0.8404917798399556,0.023285149168569032
25.0,0.8393175735890015,0.023503258853378173
25.1,0.8381324649023388,0.023723959060919383
25.200000000000003,0.8369365415373169,0.023947248252558166
25.3,0.8357298972249152,0.024173123719607746
25.400000000000002,0.8345126317102969,0.02440158155835779
25.5,0.8332848507875013,0.024632616645826
25.6,0.8320466663280703,0.02486622261629607
25.700000000000003,0.8307981963034194,0.025102391838703206
25.8,0.8295395648007616,0.02534111539493037
25.900000000000002,0.8282709020324092,0.025582383059078173
26.0,0.8269923443382837,0.025826183277770635
26.1,0.8257040341814762,0.026072503151559123
26.200000000000003,0.8244061201367077,0.026321328417486432
26.3,0.8230987568715569,0.026572643432871967
26.400000000000002,0.8217821051203281,0.026826431160377917
26.5,0.8204563316504498,0.02708267315441617
26.6,0.8191216092213058,0.027341349548952787
26.700000000000003,0.8177781165354157,0.027602439046767076
26.8,0.8164260381818957,0.027865918910219112
26.900000000000002,0.8150655645721481,0.028131764953578844
27.0,0.8136968918677386,0.028399951536966492
27.1,0.8123202219004452,0.02867045156195302
27.200000000000003,0.8109357620844699,0.028943236468865277
27.3,0.8095437253208305,0.029218276235839162
27.400000000000002,0.8081443298939587,0.029495539379659937
27.5,0.8067377993605565,0.029774992958426644
27.6,0.8053243624307747,0.030056602576073274
27.700000000000003,0.8039042528418006,0.03034033238877623
27.8,0.8024777092239543,0.030626145113274494
27.900000000000002,0.8010449749594178,0.030914002037123633
28.0,0.7996062980337356,0.031203863030901495
28.1,0.7981619308802428,0.031495686562380165
28.200000000000003,0.7967121302175995,0.03178942971267201
28.3,0.7952571568806222,0.032085048194356106
28.400000000000002,0.7937972756446249,0.03238249637158391
28.5,0.7923327550434978,0.03268172728216118
28.6,0.7908638671817687,0.03298269266159572
28.700000000000003,0.7893908875409088,0.03328534296909785
28.8,0.7879140947801578,0.03358962741551491
28.900000000000002,0.7864337705321645,0.03389549399317543
29.0,0.7849501991937433,0.03420288950761535
29.1,0.7834636677120741,0.034511759611152465
29.200000000000003,0.7819744653666697,0.0348220488382715
29.3,0.7804828835474643,0.03513370064277571
29.400000000000002,0.7789892155293715,0.03544665743665937
29.5,0.777493756243682,0.03576086063064665
29.6,0.7759968020466745,0.036076250676342306
29.700000000000003,0.774498650485823,0.036392767109931265
29.8,0.7729996000639896,0.03671034859736273
29.900000000000002,0.7714999500019999,0.0370289329809495
30.0,0.77,0.037348457327307946
30.1,0.768500049998,0.03766885797656322
30.200000000000003,0.7670003999360103,0.037990070592737346
30.3,0.7655013495141769,0.038312030215237824
30.400000000000002,0.7640031979533255,0.03863467131135857
30.5,0.762506243756318,0.038957927829704475
30.6,0.7610107844706284,0.03928173325444624
30.700000000000003,0.7595171164525356,0.0396060206603118
30.8,0.7580255346333303,0.0399307227682173
30.900000000000002,0.7565363322879259,0.040255772001439497
31.0,0.7550498008062566,0.04058110054222981
31.1,0.7535662294678356,0.04090664038876966
31.200000000000003,0.7520859052198421,0.04123232341236477
31.3,0.7506091124590912,0.04155808141477729
31.400000000000002,0.7491361328182313,0.04188384618559278
31.5,0.7476672449565023,0.04220954955952072
31.6,0.7462027243553752,0.042535123473525824
31.700000000000003,0.7447428431193778,0.04286050002369067
31.8,0.7432878697824005,0.04318561152170852
31.900000000000002,0.7418380691197571,0.0435103905509088
32.0,0.7403937019662644,0.043834770021717595
32.1,0.7389550250405821,0.04415868322645916
32.2,0.7375222907760457,0.04448206389340453
32.300000000000004,0.7360957471581994,0.04480484623997821
32.4,0.7346756375692254,0.045126965025033924
32.5,0.7332622006394436,0.045448355600116244
32.6,0.7318556701060414,0.0457689539596253
32.7,0.7304562746791695,0.04608869678980708
32.800000000000004,0.72906423791553,0.046407521516494535
32.9,0.7276797780995549,0.04672536635152841
33.0,0.7263031081322614,0.0470421703377914
33.1,0.7249344354278519,0.04735787339279175
33.2,0.7235739618181042,0.04767241635073802
33.300000000000004,0.7222218834645843,0.04798574100305082
33.4,0.7208783907786942,0.04829779013726042
33.5,0.7195436683495502,0.04860850757424531
33.6,0.7182178948796718,0.04891783820376998
33.7,0.716901243128443,0.04922572801828515
33.800000000000004,0.7155938798632923,0.04953212414495904
33.9,0.7142959658185238,0.0498369748759106
34.0,0.7130076556617162,0.050140229696623406
34.1,0.7117290979675908,0.05044183931251986
34.2,0.7104604351992383,0.05074175567368322
34.300000000000004,0.7092018036965805,0.05103993199771667
34.4,0.7079533336719297,0.05133632279073458
34.5,0.7067151492124988,0.051630883866484956
34.6,0.705487368289703,0.05192357236360594
34.7,0.7042701027750848,0.052214346761023586
34.800000000000004,0.703063458462683,0.05250316689150225
34.9,0.7018675350976612,0.05278999395336209
35.0,0.7006824264109985,0.053074790520382484
35.1,0.6995082201600443,0.05335752054991316
35.2,0.6983449981747253,0.053638149389219014
35.300000000000004,0.6971928364091942,0.053916643780086315
35.4,0.6960518049987013,0.0541929718617226
35.5,0.6949219683214647,0.05446710317198457
35.6,0.6938033850653156,0.05473900864697073
35.7,0.6926961082988885,0.05500866061901884
35.800000000000004,0.6916001855471269,0.05527603281314969
35.9,0.6905156588708706,0.055541100342001284
36.0,0.6894425649502948,0.055803839699299765
36.1,0.688380935171965,0.056064228751913706
36.2,0.6873307957192779,0.056322246730542314
36.300000000000004,0.6862921676660563,0.056577874219086735
36.4,0.6852650670730662,0.056831093142757805
36.5,0.6842495050872324,0.05708188675497132
36.6,0.6832454880433241,0.05733023962308571
36.7,0.6822530175678907,0.05757613761303601
36.800000000000004,0.6812720906852274,0.05781956787291882
36.9,0.6803026999251588,0.05806051881558319
37.0,0.6793448334324255,0.058298980100283504
37.1,0.6783984750774734,0.058534942613448895
37.2,0.6774636045684402,0.05876839844862504
37.300000000000004,0.6765401975641459,0.05899934088564253
37.4,0.6756282257878947,0.05922776436906786
37.5,0.674727657141907,0.0594536644859896
37.6,0.673838455822198,0.0596770379431943
37.7,0.672960582433735,0.05989788254378467
37.800000000000004,0.6720939941057015,0.06011619716329181
37.9,0.6712386446067123,0.06033198172533277
38.0,0.6703944844598226,0.060545237176863595
38.1,0.6695614610571844,0.06075596546307632
38.2,0.6687395187742088,0.06096416950198852
38.300000000000004,0.6679285990831006,0.06116985315877087
38.400000000000006,0.6671286406656358,0.06137302121985928
38.5,0.6663395795250604,0.061573679366894604
38.6,0.6655613490969978,0.0617718341505326
38.7,0.6647938803592531,0.06196749296416576
38.800000000000004,0.6640371019404147,0.062160664017596304
38.900000000000006,0.6632909402271556,0.062351356310698075
39.0,0.6625553194701463,0.06253957960710513
39.1,0.661830161888495,0.06272534440796082
39.2,0.6611153877726379,0.06290866192576208
39.300000000000004,0.6604109155856084,0.06308954405833006
39.400000000000006,0.6597166620626196,0.06326800336293809
39.5,0.6590325423088994,0.06344405303062589
39.6,0.6583584698957243,0.0636177068607271
39.7,0.6576943569546037,0.06378897923563615
39.800000000000004,0.6570401142695672,0.06395788509583913
39.900000000000006,0.6563956513675211,0.06412443991523073
40.0,0.6557608766066353,0.06428865967673963
40.1,0.6551356972627341,0.06445056084828099
40.2,0.6545200196136649,0.06461016035905606
40.300000000000004,0.6539137490216237,0.06476747557621448
40.400000000000006,0.6533167900134222,0.06492252428189604
40.5,0.6527290463586839,0.06507532465066584
40.6,0.6521504211459584,0.06522589522735606
40.7,0.651580816856753,0.06537425490532606
40.800000000000004,0.6510201354374748,0.06552042290515164
40.900000000000006,0.650468278369291,0.06566441875375281
41.0,0.6499251467359055,0.06580626226396802
41.1,0.6493906412892662,0.06594597351458259
41.2,0.6488646625132078,0.06608357283081734
41.300000000000004,0.6483471106850478,0.06621908076528177
41.400000000000006,0.647837885935147,0.06635251807939732
41.5,0.6473368883044568,0.06648390572529253
41.6,0.6468440178000684,0.06661326482817315
41.7,0.6463591744487904,0.06674061666916864
41.800000000000004,0.645882258348775,0.06686598266865537
41.900000000000006,0.6454131697192207,0.06698938437005653
42.0,0.6449518089481767,0.06711084342411783
42.1,0.6444980766384784,0.06723038157365802
42.2,0.6440518736518437,0.06734802063879061
42.300000000000004,0.6436131011511605,0.06746378250261603
42.400000000000006,0.6431816606409979,0.06757768909737855
42.5,0.642757454006373,0.06768976239108615
42.6,0.6423403835498085,0.06780002437458738
42.7,0.6419303520267134,0.06790849704910146
42.800000000000004,0.6415272626791253,0.06801520241419484
42.900000000000006,0.6411310192678451,0.06812016245620062
43.0,0.640741526103004,0.06822339913707268
43.1,0.6403586880730983,0.06832493438366932
43.2,0.6399824106725271,0.06842479007745944
43.300000000000004,0.6396126000276717,0.06852298804464402
43.400000000000006,0.6392491629215522,0.06861955004668585
43.5,0.6388920068170989,0.06871449777124042
43.6,0.6385410398790765,0.06880785282347918
43.7,0.6381961709946956,0.0688996367177987
43.800000000000004,0.6378573097929505,0.06898987086990721
43.900000000000006,0.6375243666627188,0.06907857658927968
44.0,0.6371972527696605,0.06916577507197447
44.1,0.6368758800719502,0.06925148739380266
44.2,0.6365601613348804,0.0693357345038414
44.300000000000004,0.6362500101443709,0.06941853721828337
44.400000000000006,0.6359453409194191,0.06949991621461388
44.5,0.6356460689235253,0.06957989202610654
44.6,0.6353521102751275,0.06965848503663014
44.7,0.6350633819570799,0.0697357154757571
44.800000000000004,0.634779801825208,0.06981160341416587
44.900000000000006,0.6345012886159715,0.0698861687593289
45.0,0.6342277619532699,0.06995943125147691
45.1,0.6339591423544194,0.07003141045983277
45.2,0.6336953512353332,0.07010212577910543
45.300000000000004,0.6334363109149359,0.07017159642623655
45.400000000000006,0.6331819446188424,0.0702398414373909
45.5,0.6329321764823259,0.07030687966518451
45.6,0.6326869315526101,0.07037272977614026
45.7,0.6324461357905087,0.07043741024836508
45.800000000000004,0.6322097160714399,0.07050093936944041
45.900000000000006,0.6319776001858441,0.07056333523451858
46.0,0.6317497168390294,0.07062461574461773
46.1,0.6315259956504695,0.07068479860510804
46.2,0.6313063671525818,0.07074390132438202
46.300000000000004,0.6310907627890031,0.07080194121270286
46.400000000000006,0.6308791149123945,0.0708589353812224
46.5,0.6306713567817908,0.0709149007411633
46.6,0.630467422559521,0.0709698540031588
46.7,0.6302672473077188,0.07102381167674324
46.800000000000004,0.6300707669844448,0.0710767900699871
46.900000000000006,0.6298779184394409,0.07112880528927115
47.0,0.6296886394095351,0.07117987323919284
47.1,0.629502868513717,0.07123000962260023
47.2,0.6293205452479003,0.07127922994074667
47.300000000000004,0.6291416099793932,0.07132754949356171
47.400000000000006,0.6289660039410908,0.07137498338003215
47.5,0.6287936692254069,0.0714215464986889
47.6,0.628624548777962,0.07146725354819372
47.7,0.6284585863910428,0.07151211902802129
47.800000000000004,0.628295726696847,0.0715561572392322
47.900000000000006,0.6281359151605289,0.0715993822853315
48.0,0.6279790980730597,0.07164180807320925
48.1,0.6278252225439149,0.07168344831415788
48.2,0.6276742364936023,0.07172431652496267
48.300000000000004,0.6275260886460439,0.0717644260290611
48.400000000000006,0.6273807285208218,0.0718037899577669
48.5,0.6272381064253008,0.07184242125155604
48.6,0.6270981734466383,0.07188033266140917
48.7,0.6269608814436932,0.07191753675020868
48.800000000000004,0.6268261830388412,0.07195404589418611
48.900000000000006,0.6266940316097096,0.07198987228441656
49.0,0.6265643812808392,0.07202502792835716
49.1,0.626437186915281,0.07205952465142684
49.2,0.6263124041061405,0.0720933740986231
49.300000000000004,0.6261899891680718,0.07212658773617503
49.400000000000006,0.6260698991287357,0.07215917685322756
49.5,0.6259520917202233,0.07219115256355652
49.6,0.6258365253704579,0.0722225258073097
49.7,0.6257231591945774,0.0722533073527735
49.800000000000004,0.6256119529863063,0.07228350779816153
49.900000000000006,0.625502867209323,0.07231313757342347
50.0,0.6253958629886275,0.07234220694207197
50.1,0.6252909021019168,0.07237072600302494
50.2,0.6251879469709716,0.07239870469246262
50.300000000000004,0.6250869606530602,0.07242615278569581
50.400000000000006,0.6249879068323645,0.07245307989904487
50.5,0.6248907498114322,0.07247949549172711
50.6,0.6247954545026608,0.07250540886775053
50.7,0.6247019864198146,0.07253082917781359
50.800000000000004,0.6246103116695827,0.07255576542120806
50.900000000000006,0.6245203969431778,0.07258022644772438
51.0,0.624432209507982,0.07260422095955785
51.1,0.62434571719924,0.07262775751321487
51.2,0.6242608884118073,0.07265084452141674
51.300000000000004,0.6241776920919502,0.07267349025500153
51.400000000000006,0.6240960977292053,0.07269570284482146
51.5,0.6240160753482995,0.07271749028363542
51.6,0.6239375955011308,0.07273886042799566
51.7,0.6238606292588158,0.07275982100012743
51.800000000000004,0.6237851482038016,0.0727803795898008
51.900000000000006,0.6237111244220487,0.07280054365619365
52.0,0.6236385304952823,0.07282032052974546
52.1,0.6235673394933161,0.0728397174140008
52.2,0.6234975249664498,0.07285874138744158
52.300000000000004,0.6234290609379413,0.07287739940530791
52.400000000000006,0.6233619218965529,0.07289569830140682
52.5,0.623296082789178,0.072913644789908
52.6,0.6232315190135425,0.0729312454671261
52.7,0.6231682064109869,0.07294850681328913
52.800000000000004,0.6231061212593275,0.07296543519429294
52.900000000000006,0.6230452402657978,0.07298203686344024
53.0,0.6229855405600713,0.07299831796316475
53.1,0.6229269996873654,0.07301428452674
53.2,0.6228695956016275,0.07302994247997147
53.300000000000004,0.6228133066588031,0.07304529764287326
53.400000000000006,0.6227581116101863,0.07306035573132783
53.5,0.6227039895958544,0.07307512235872879
53.6,0.6226509201381822,0.07308960303760709
53.7,0.6225988831354439,0.07310380318123932
53.800000000000004,0.6225478588554934,0.07311772810523914
53.900000000000006,0.6224978279295301,0.07313138302913091
54.0,0.6224487713459479,0.07314477307790507
54.1,0.6224006704442648,0.07315790328355642
54.2,0.6223535069091367,0.07317077858660356
54.300000000000004,0.6223072627644525,0.07318340383759106
54.400000000000006,0.622261920367512,0.07319578379857244
54.5,0.6222174624032846,0.07320792314457586
54.6,0.6221738718787495,0.07321982646505093
54.7,0.6221311321173166,0.07323149826529735
54.800000000000004,0.6220892267533287,0.07324294296787526
54.900000000000006,0.6220481397266415,0.07325416491399722
55.0,0.6220078552772854,0.07326516836490188
55.1,0.6219683579402049,0.0732759575032092
55.2,0.6219296325400756,0.07328653643425781
55.300000000000004,0.6218916641862008,0.07329690918742376
55.400000000000006,0.6218544382674833,0.07330707971742106
55.5,0.6218179404474753,0.07331705190558463
55.6,0.6217821566595021,0.07332682956113473
55.7,0.6217470731018635,0.07333641642242344
55.800000000000004,0.6217126762331071,0.07334581615816405
55.900000000000006,0.621678952767377,0.07335503236864155
56.0,0.6216458896698351,0.07336406858690644
56.1,0.6216134741521546,0.0733729282799506
56.2,0.6215816936680846,0.07338161484986572
56.300000000000004,0.6215505359090865,0.07339013163498476
56.400000000000006,0.6215199888000399,0.07339848191100581
56.5,0.6214900404950171,0.07340666889209954
56.6,0.6214606793731277,0.07341469573199916
56.7,0.621431894034429,0.07342256552507401
56.800000000000004,0.6214036732959052,0.07343028130738655
56.900000000000006,0.6213760061875112,0.07343784605773296
57.0,0.6213488819482824,0.07344526269866722
57.1,0.6213222900225088,0.07345253409750957
57.2,0.6212962200559735,0.07345966306733837
57.300000000000004,0.621270661892253,0.0734666523679667
57.400000000000006,0.6212456055690803,0.07347350470690339
57.5,0.6212210413147687,0.07348022274029825
57.6,0.6211969595446982,0.073486809073872
57.7,0.6211733508578575,0.07349326626383165
57.800000000000004,0.6211502060334493,0.07349959681777035
57.900000000000006,0.6211275160275502,0.07350580319555294
58.0,0.6211052719698308,0.07351188781018642
58.1,0.6210834651603294,0.0735178530286767
58.2,0.621062087066284,0.07352370117287049
58.300000000000004,0.6210411293190168,0.0735294345202836
58.400000000000006,0.6210205837108752,0.07353505530491497
58.5,0.621000442192224,0.07354056571804757
58.6,0.6209806968684916,0.07354596790903506
58.7,0.6209613399972671,0.07355126398607587
58.800000000000004,0.6209423639854488,0.07355645601697375
58.900000000000006,0.6209237613864432,0.07356154602988499
59.0,0.6209055248974125,0.07356653601405388
59.1,0.6208876473565721,0.07357142792053437
59.2,0.6208701217405352,0.07357622366290001
59.300000000000004,0.6208529411617049,0.07358092511794168
59.400000000000006,0.6208360988657127,0.07358553412635255
59.5,0.6208195882289033,0.07359005249340184
59.6,0.6208034027558639,0.07359448198959667
59.7,0.6207875360769981,0.0735988243513318
59.800000000000004,0.620771981946143,0.07360308128152898
59.900000000000006,0.6207567342382309,0.07360725445026389
60.0,0.6207417869469904,0.07361134549538306
60.1,0.6207271341826922,0.0736153560231092
60.2,0.6207127701699335,0.07361928760863612
60.300000000000004,0.620698689245464,0.07362314179671295
60.400000000000006,0.620684885856051,0.07362692010221805
60.5,0.6206713545563829,0.0736306240107227
60.6,0.6206580900070127,0.07363425497904447
60.7,0.6206450869723368,0.07363781443579093
60.800000000000004,0.6206323403186129,0.07364130378189354
60.900000000000006,0.619199445248887,0.07403400277152278
61.0,0.6157577703306535,0.0749808771336094
61.1,0.6123360885696296,0.07592737882540407
61.2,0.6089349045452606,0.0768733015070997
61.300000000000004,0.6055547086614608,0.07781844001567456
61.400000000000006,0.6021959769467353,0.07876259052317147
61.5,0.5988591708738754,0.07970555069215851
61.6,0.5955447371991797,0.08064711982814221
61.7,0.5922531078211077,0.08158709902871525
61.800000000000004,0.5889846996582306,0.08252529132923164
61.900000000000006,0.5857399145463095,0.0834615018448093
62.0,0.5825191391542907,0.08439553790847484
62.1,0.5793227449189771,0.08532720920527201
62.2,0.5761510879980959,0.08625632790216922
62.300000000000004,0.5730045092414513,0.08718270877361275
62.400000000000006,0.5698833341798242,0.08810616932258261
62.5,0.5667878730312471,0.08902652989702037
62.6,0.5637184207242577,0.08994361380151172
62.7,0.560675256937712,0.09085724740411477
62.800000000000004,0.5576586461567076,0.09176726023824205
62.900000000000006,0.5546688377441527,0.09267348509951151
63.0,0.5517060660274964,0.0935757581374971
63.1,0.5487705504001108,0.09447391894231968
63.2,0.5458624954368133,0.09536781062603056
63.300000000000004,0.5429820910229856,0.09625727989875388
63.400000000000006,0.5401295124967532,0.09714217713956169
63.5,0.5373049208036618,0.09802235646207097
63.6,0.5345084626632889,0.09889767577475927
63.7,0.5317402707472213,0.09976799683600826
63.800000000000004,0.5290004638678171,0.10063318530389481
63.900000000000006,0.5262891471771763,0.10149311078075846
64.0,0.5236064123757368,0.10234764685258471
64.10000000000001,0.520952337929912,0.1031966711232524
64.2,0.5183269892981948,0.10404006524370227
64.3,0.5157304191651411,0.10487771493609405
64.4,0.5131626676826654,0.10570951001302531
64.5,0.5106237627180811,0.10653534439189305
64.60000000000001,0.5081137201083102,0.1073551161044915
64.7,0.5056325439197267,0.1081687273019371
64.8,0.5031802267130688,0.10897608425502797
64.9,0.5007567498128969,0.10977709735014457
65.0,0.4983620835810637,0.11057168108080573
65.10000000000001,0.49599618769368314,0.11135975403500215
65.2,0.4936590114211006,0.11214123887842758
65.3,0.49135049391036456,0.11291606233374113
65.4,0.4890705644697366,0.11368415515598815
65.5,0.48681914285476724,0.11444545210431917
65.60000000000001,0.48459613955549496,0.11519989191014368
65.7,0.4824014560843375,0.1159474172418597
65.8,0.4802349852642538,0.11668797466630365
65.9,0.47809661151678073,0.11742151460706426
66.0,0.47598621114955664,0.11814799129980641
66.10000000000001,0.47390365264296086,0.1188673627447539
66.2,0.47184879693552195,0.11957959065647569
66.3,0.46982149770775183,0.12028464041112694
66.4,0.4678216016640895,0.120982480991289
66.5,0.46584894881265104,0.12167308492855755
66.60000000000001,0.46390337274249427,0.12235642824402498
66.7,0.4619847008981328,0.12303249038680078
66.8,0.46009275485103696,0.12370125417071592
66.9,0.458227350567889,0.12436270570935087
67.0,0.4563882986753658,0.12501683434952843
67.10000000000001,0.45457540472123736,0.12566363260341074
67.2,0.4527884694315947,0.12630309607933293
67.3,0.4510272889640211,0.1269352234115098
67.4,0.449291655156549,0.12756001618874263
67.5,0.44758135577224845,0.12817747888225567
67.60000000000001,0.44589617473931076,0.12878761877278583
67.7,0.4442358923865092,0.12939044587704462
67.8,0.44260028567391807,0.12998597287367408
67.9,0.44098912841880256,0.13057421502880528
68.0,0.4394021915165882,0.13115519012133386
68.10000000000001,0.4378392431568353,0.1317289183680183
68.2,0.4363000490341624,0.13229542234850206
68.3,0.4347843725540592,0.132854726930362
68.4,0.43329197503355554,0.1334068591942748
68.5,0.43182261589670967,0.1339518483593955
68.60000000000001,0.430376052864896,0.13448972570903467
68.7,0.4289520421418823,0.13502052451671653
68.8,0.4275503385936872,0.13554427997270008
68.9,0.4261706959232274,0.1360610291110364
69.0,0.42481286683976394,0.13657081073723593
69.10000000000001,0.4234766032231654,0.13707366535661186
69.2,0.4221616562830196,0.137569635103365
69.3,0.42086777671261955,0.13805876367046993
69.4,0.4195947148378677,0.13854109624041838
69.5,0.41834222076114214,0.1390166794168735
69.60000000000001,0.41711004450017086,0.1394855611572839
69.7,0.4158979361219759,0.13994779070650182
69.8,0.4147056458719375,0.14040341853145122
69.9,0.4135329242980518,0.1408524962568785
70.0,0.41237952237044173,0.14129507660222795
70.10000000000001,0.4112451915961959,0.14173121331966848
70.2,0.41012968412960926,0.1421609611333044
70.3,0.40903275287790153,0.1425843756795942
70.4,0.40795415160249493,0.14300151344900108
70.5,0.40689363501593256,0.14341243172889467
70.60000000000001,0.40585095887452094,0.1438171885477228
70.7,0.40482588006678366,0.14421584262046588
70.8,0.4038181566978135,0.14460845329538835
70.9,0.40282754816961275,0.1449950805020946
71.0,0.40185381525751007,0.14537578470089824
71.10000000000001,0.4008967201827458,0.1457506268335097
71.2,0.399956026681318,0.1461196682750437
71.3,0.39903150006917953,0.1464829707873495
71.4,0.39812290730388045,0.14684059647366093
71.5,0.3972300170427474,0.14719260773456405
71.60000000000001,0.39635259969769143,0.14753906722527838
71.7,0.3954904274867391,0.1478800378142437
71.8,0.3946432744823761,0.1482155825430062
71.9,0.3938109166567971,0.14854576458739316
72.0,0.39299313192415153,0.14887064721996607
72.10000000000001,0.3921897001798754,0.14919029377374043
72.2,0.3914004033372007,0.14950476760715764
72.3,0.390625025360927,0.14981413207029598
72.4,0.38986335229854785,0.1501184504723042
72.5,0.3891151723088132,0.15041778605004202
72.60000000000001,0.38838027568781874,0.15071220193790924
72.7,0.3876584548926998,0.15100176113884717
72.8,0.38694950456302,0.1512865264964906
72.9,0.3862532215399288,0.15156656066845448
73.0,0.3855694048831749,0.15184192610073127
73.10000000000001,0.3848978558860485,0.1521126850031821
73.2,0.38423837808833283,0.15237889932609755
73.3,0.38359077728734015,0.15264063073780815
73.4,0.3829548615471059,0.152897940603323
73.5,0.3823304412058146,0.15315088996397203
73.60000000000001,0.3817173288815253,0.15339953951803348
73.7,0.38111533947627185,0.15364394960231947
73.8,0.3805242901785998,0.15388418017470046
73.9,0.3799440004646103,0.15412029079754375
74.0,0.37937429209757323,0.15435234062204373
74.10000000000001,0.37881498912617395,0.15458038837342097
74.2,0.37826591788145436,0.15480449233696697
74.3,0.3777269069725079,0.155024710344912
74.4,0.3771977872809862,0.155241099764093
74.5,0.37667839195447705,0.1554537174843983
74.60000000000001,0.37616855639880253,0.15566261990796798
74.7,0.3756681182692969,0.1558678629391264
74.8,0.3751769174611118,0.15606950197502495
74.9,0.3746947960986021,0.15626759189697265
75.0,0.37422159852383796,0.15646218706243442
75.10000000000001,0.3737571712842923,0.15665334129767355
75.2,0.3733013631197506,0.15684110789101796
75.3,0.3728540249484831,0.15702553958673088
75.4,0.37241500985272713,0.1572066885794618
75.5,0.3719841730635173,0.15738460650926195
75.60000000000001,0.3715613719449049,0.15755934445714043
75.7,0.3711464659776069,0.15773095294114353
75.8,0.37073931674211724,0.15789948191293807
75.9,0.37033978790132227,0.1580649807548783
76.0,0.3699477451826495,0.1582274982775404
76.10000000000001,0.36956305635978726,0.1583870827177038
76.2,0.36918559123400574,0.15854378173676337
76.3,0.3688152216151098,0.15869764241955492
76.4,0.36845182130205467,0.1588487112735763
76.5,0.36809526606325194,0.15899703422858874
76.60000000000001,0.36774543361659584,0.1591426566365805
76.7,0.36740220360923304,0.15928562327207968
76.80000000000001,0.36706545759710296,0.15942597833279798
76.9,0.36673507902427405,0.15956376544059303
77.0,0.36641095320209793,0.15969902764273214
77.10000000000001,0.3660929672882026,0.1598318074134465
77.2,0.36578101026535126,0.1599621466557581
77.30000000000001,0.3654749729201796,0.1600900867035701
77.4,0.365174747821839,0.16021566832400447
77.5,0.3648802293005581,0.16033893171997554
77.60000000000001,0.3645913134261448,0.1604599165329878
77.7,0.3643078979864436,0.16057866184614467
77.80000000000001,0.36402988246576584,0.1606952061873574
77.9,0.3637571680233075,0.16080958753274394
78.0,0.3634896574715687,0.16092184331020482
78.10000000000001,0.36322725525479205,0.16103201040316756
78.2,0.362969867427429,0.16114012515448856
78.30000000000001,0.36271740163265054,0.1612462233705026
78.4,0.3624697670809113,0.16135034032521128
78.5,0.3622268745285807,0.16145251076460082
78.60000000000001,0.3619886362566519,0.16155276891107928
78.7,0.3617549660495365,0.16165114846802775
78.80000000000001,0.3615257791739567,0.16174768262445416
78.9,0.36130099235794466,0.16184240405974315
79.0,0.3610805237699548,0.1619353449484951
79.10000000000001,0.3608642929981001,0.16202653696544583
79.2,0.3606522210295183,0.16211601129046044
79.30000000000001,0.3604442302298754,0.16220379861359507
79.4,0.36024024432301316,0.16228992914021906
79.5,0.3600401883707487,0.16237443259619183
79.60000000000001,0.3598439887528271,0.16245733823308944
79.7,0.3596515731470393,0.16253867483347262
79.80000000000001,0.359462870509504,0.16261847071619406
79.9,0.3592778110551217,0.1626967537417368
80.0,0.35909632623820575,0.16277355131758026
80.10000000000001,0.3589183487332903,0.16284889040358946
80.2,0.35874381241612474,0.16292279751742095
80.30000000000001,0.3585726523448529,0.16299529873994278
80.4,0.35840480474138214,0.1630664197206642
80.5,0.3582402069729449,0.16313618568317073
80.60000000000001,0.3580787975338562,0.16320462143055925
80.7,0.35792051602746744,0.16327175135087324
80.80000000000001,0.3577653031483188,0.16333759942253107
80.9,0.3576131006644945,0.16340218921974553
81.0,0.3574638514001782,0.16346554391793183
81.10000000000001,0.3573174992184134,0.16352768629910108
81.2,0.3571739890040687,0.163588638757235
81.30000000000001,0.3570332666470075,0.16364842330364143
81.4,0.35689527902546603,0.16370706157228626
81.5,0.356759973989636,0.16376457482510048
81.60000000000001,0.35662730034545576,0.16382098395726008
81.7,0.35649720783860983,0.16387630950243565
81.80000000000001,0.3563696471387332,0.16393057163801122
81.9,0.35624456982382546,0.16398379019026948
82.0,0.3561219283648699,0.1640359846395419
82.10000000000001,0.35600167611066214,0.16408717412532164
82.2,0.35588376727284177,0.164137377451339
82.30000000000001,0.3557681569111312,0.16418661309059684
82.4,0.3556548009187801,0.16423489919036421
82.5,0.35554365600821136,0.16428225357712956
82.60000000000001,0.3554346796968735,0.16432869376150783
82.7,0.3553278302932915,0.16437423694310593
82.80000000000001,0.3552230668833216,0.16441890001534065
82.9,0.35512034931660375,0.1644626995702116
83.0,0.3550196381932136,0.16450565190302607
83.10000000000001,0.35492089485051215,0.16454777301707607
83.2,0.35482408135018906,0.16458907862826788
83.30000000000001,0.35472916046550196,0.1646295841697013
83.4,0.35463609566870835,0.1646693047961993
83.5,0.35454485111868816,0.16470825538878814
83.60000000000001,0.35445539164875517,0.1647464505591264
83.7,0.3543676827546586,0.16478390465388287
83.80000000000001,0.3542816905827676,0.16482063175906375
83.9,0.3541973819184424,0.16485664570428832
84.0,0.3541147241745879,0.16489196006701168
84.10000000000001,0.3540336853803865,0.1649265881766972
84.2,0.35395423417021155,0.164960543118936
84.30000000000001,0.3538763397727164,0.16499383773951443
84.4,0.3537999720000997,0.16502648464842956
84.5,0.35372510123754275,0.16505849622385277
84.60000000000001,0.35365169843281896,0.16508988461604074
84.7,0.35357973508607243,0.16512066175119433
84.80000000000001,0.3535091832397631,0.16515083933526659
84.9,0.353440015468778,0.1651804288577174
85.0,0.35337220487070586,0.16520944159521794
85.10000000000001,0.353305725056272,0.16523788861530259
85.2,0.35324055013993394,0.16526578077997034
85.30000000000001,0.35317665473063253,0.16529312874923507
85.4,0.3531140139227005,0.16531994298462466
85.5,0.353052603286922,0.16534623375263008
85.60000000000001,0.3529923988617455,0.16537201112810423
85.7,0.3529333771446438,0.1653972849976112
85.80000000000001,0.352875515083623,0.16542206506272544
85.9,0.3528187900688755,0.16544636084328218
86.0,0.35276317992457695,0.16547018168057964
86.10000000000001,0.3527086629008236,0.16549353674053163
86.2,0.35265521766570984,0.1655164350167731
86.30000000000001,0.3526028232975419,0.16553888533371813
86.4,0.352551459277188,0.16556089634957022
86.5,0.35250110548056,0.16558247655928654
86.60000000000001,0.3524517421712289,0.16560363429749564
86.7,0.3524033499931678,0.16562437774136834
86.80000000000001,0.3523559099636221,0.16564471491344607
86.9,0.35230940346610806,0.16566465368442046
87.0,0.3522638122435312,0.16568420177587245
87.10000000000001,0.3522191183914304,0.16570336676296388
87.2,0.35217530435133815,0.16572215607708857
87.30000000000001,0.35213235290426215,0.16574057700847888
87.4,0.3520902471642816,0.16575863670876984
87.5,0.35204897057225826,0.16577634219352178
87.60000000000001,0.3520085068896597,0.1657937003447016
87.7,0.3519688401924951,0.1658107179131223
87.80000000000001,0.3519299548653577,0.16582740152084302
87.9,0.35189183559557713,0.16584375766352827
88.0,0.35185446736747594,0.16585979271276835
88.10000000000001,0.3518178354567305,0.1658755129183604
88.2,0.3517819254248338,0.16589092441055114
88.30000000000001,0.35174672311366006,0.165906033202242
88.4,0.35171221464012725,0.16592084519115602
88.5,0.3516783863909573,0.1659353661619687
88.60000000000001,0.3516452250175316,0.16594960178840196
88.7,0.35161271743084177,0.16596355763528237
88.80000000000001,0.35158085079653245,0.16597723916056345
88.9,0.35154961253003403,0.16599065171731425
89.0,0.35151899029178746,0.1660038005556717
89.10000000000001,0.3514889719825539,0.16601669082476145
89.2,0.3514595457388142,0.16602932757458216
89.30000000000001,0.35143069992825027,0.16604171575786014
89.4,0.3514024231453131,0.1660538602318687
89.5,0.35137470420686956,0.16606576576021798
89.60000000000001,0.3513475321479338,0.16607743701461075
89.7,0.35132089621747464,0.16608887857656957
89.80000000000001,0.35129478587430285,0.16610009493913175
89.9,0.35126919078303476,0.16611109050851475
90.0,0.3512441008101308,0.1661218696057522
90.10000000000001,0.3512195060200083,0.1661324364683005
90.2,0.35119539667122723,0.16614279525161635
90.30000000000001,0.3511717632127467,0.1661529500307069
90.4,0.3511485962802525,0.16616290480165113
90.5,0.35112588669255274,0.16617266348309456
90.60000000000001,0.3511036254480422,0.16618222991771653
90.7,0.3510818037212319,0.16619160787367127
90.80000000000001,0.3510604128593455,0.16620080104600266
90.9,0.3510394443789785,0.16620981305803378
91.0,0.3510188899628217,0.16621864746273013
91.10000000000001,0.3509987414564454,0.16622730774403988
91.2,0.35097899086514517,0.16623579731820742
91.30000000000001,0.3509596303508472,0.16624411953506507
91.4,0.35094065222907267,0.16625227767929918
91.5,0.350922048965958,0.16626027497169488
91.60000000000001,0.35090381317533426,0.1662681145703564
91.7,0.3508859376158594,0.1662757995719059
91.80000000000001,0.3508684151882072,0.16628333301266013
91.9,0.3508512389323085,0.16629071786978455
92.0,0.3508344020246451,0.1662979570624274
92.10000000000001,0.3508178977755958,0.16630505345283148
92.2,0.3508017196268315,0.16631200984742717
92.30000000000001,0.35078586114876276,0.16631882899790223
92.4,0.35077031603803366,0.16632551360225506
92.5,0.35075507811506423,0.16633206630582592
92.60000000000001,0.3507401413216408,0.16633848970230974
92.7,0.3507254997185508,0.1663447863347508
92.80000000000001,0.35071114748326526,0.16635095869651711
92.9,0.350697078907663,0.16635700923225843
93.0,0.35068328839580043,0.16636294033884497
93.10000000000001,0.35066977046172365,0.16636875436628906
93.2,0.35065651972732204,0.16637445361864983
93.30000000000001,0.3506435309202237,0.1663800403549202
93.4,0.35063079887173165,0.16638551678989733
93.5,0.35061831851479874,0.1663908850950374
93.60000000000001,0.35060608488204204,0.16639614739929337
93.7,0.3505940931037964,0.16640130578993712
93.80000000000001,0.350582338406203,0.1664063623133672
93.9,0.35057081610933893,0.1664113189758989
94.0,0.3505595216253775,0.1664161777445421
94.10000000000001,0.3505484504567894,0.1664209405477623
94.2,0.35053759819457486,0.16642560927622857
94.30000000000001,0.3505269605165313,0.16643018578354635
94.4,0.350516533185555,0.16643467188697697
94.5,0.35050631204797456,0.1664390693681433
94.60000000000001,0.35049629303191765,0.16644337997372166
94.7,0.3504864721457086,0.16644760541612108
94.80000000000001,0.35047684547629643,0.1664517473741497
94.9,0.350467409187716,0.16645580749366723
95.0,0.3504581595195758,0.1664597873882267
95.10000000000001,0.350449092785577,0.1664636886397028
95.2,0.35044020537206055,0.16646751279890826
95.30000000000001,0.3504314937365831,0.16647126138619928
95.4,0.35042295440651916,0.16647493589206847
95.5,0.35041458397769265,0.16647853777772642
95.60000000000001,0.35040637911303296,0.1664820684756731
95.7,0.35039833654125796,0.1664855293902574
95.80000000000001,0.35039045305558314,0.1664889218982259
95.9,0.3503827255124551,0.16649224734926166
96.0,0.35037515083030957,0.16649550706651256
96.10000000000001,0.35036772598835497,0.16649870234710867
96.2,0.3503604480253777,0.1665018344626712
96.30000000000001,0.35035331403857206,0.16650490465981
96.4,0.35034632118239317,0.16650791416061222
96.5,0.3503394666674303,0.1665108641631225
96.60000000000001,0.3503327477593057,0.16651375584181144
96.7,0.3503261617775908,0.16651659034803784
96.80000000000001,0.3503197060947463,0.1665193688105004
96.9,0.35031337813508245,0.16652209233568033
97.0,0.35030717537373957,0.1665247620082771
97.10000000000001,0.3503010953356871,0.16652737889163416
97.2,0.3502951355947449,0.16652994402815702
97.30000000000001,0.35028929377262097,0.16653245843972353
97.4,0.3502835675379702,0.1665349231280856
97.5,0.35027795460546984,0.16653733907526375
97.60000000000001,0.3502724527349136,0.1665397072439337
97.7,0.35026705973032424,0.1665420285778051
97.80000000000001,0.3502617734390825,0.16654430400199394
97.9,0.3502565917510735,0.16654653442338663
98.0,0.3502515125978498,0.16654872073099763
98.10000000000001,0.3502465339518108,0.1665508637963199
98.2,0.3502416538253984,0.16655296447366896
98.30000000000001,0.35023687027030836,0.16655502360051944
98.4,0.35023218137671663,0.166557041997836
98.5,0.3502275852725216,0.16655902047039717
98.60000000000001,0.35022308012260117,0.16656095980711305
98.7,0.350218664128083,0.16656286078133725
98.80000000000001,0.3502143355256314,0.16656472415117202
98.9,0.35021009258674607,0.16656655065976783
99.0,0.3502059336170761,0.1665683410356173
99.10000000000001,0.3502018569557459,0.16657009599284323
99.2,0.3501978609746962,0.16657181623148082
99.30000000000001,0.35019394407803695,0.16657350243775443
99.4,0.3501901047014123,0.16657515528434924
99.5,0.3501863413113796,0.16657677543067761
99.60000000000001,0.35018265240479873,0.16657836352313976
99.7,0.3501790365082361,0.16657992019537948
99.80000000000001,0.3501754921773772,0.1665814460685356
99.9,0.35017201799645237,0.16658294175148775
100.0,0.35016861257767495,0.16658440784109713
