t,S_res_observer_1_bits,S_res_observer_2_bits,entropy_gap_bits
0.0,0.4022253608409718,0.4022253608409718,0.0
0.1,0.4022702027146927,0.4022702027146927,0.0
0.2,0.40231594583842956,0.40231594583842956,0.0
0.30000000000000004,0.40236260823099457,0.40236260823099457,0.0
0.4,0.4024102082675922,0.4024102082675922,0.0
0.5,0.4024587646867106,0.4024587646867106,0.0
0.6000000000000001,0.40250829659713805,0.40250829659713805,0.0
0.7000000000000001,0.40255882348511474,0.40255882348511474,0.0
0.8,0.402610365221606,0.402610365221606,0.0
0.9,0.40266294206971676,0.40266294206971676,0.0
1.0,0.40271657469223765,0.40271657469223765,0.0
1.1,0.4027712841593303,0.4027712841593303,0.0
1.2000000000000002,0.4028270919563468,0.4028270919563468,0.0
1.3,0.40288401999180135,0.40288401999180135,0.0
1.4000000000000001,0.4029420906054755,0.4029420906054755,0.0
1.5,0.4030013265766721,0.4030013265766721,0.0
1.6,0.40306175113262555,0.40306175113262555,0.0
1.7000000000000002,0.4031233879570504,0.4031233879570504,0.0
1.8,0.4031862611988526,0.4031862611988526,0.0
1.9000000000000001,0.4032503954809892,0.4032503954809892,0.0
2.0,0.40331581590949295,0.40331581590949295,0.0
2.1,0.40338254808265095,0.40338254808265095,0.0
2.2,0.4034506181003481,0.4034506181003481,0.0
2.3000000000000003,0.4035200525735734,0.4035200525735734,0.0
2.4000000000000004,0.4035908786340947,0.4035908786340947,0.0
2.5,0.40366312394430715,0.40366312394430715,0.0
2.6,0.4037368167072408,0.4037368167072408,0.0
2.7,0.403811985676759,0.403811985676759,0.0
2.8000000000000003,0.40388866016792146,0.40388866016792146,0.0
2.9000000000000004,0.40396687006752696,0.40396687006752696,0.0
3.0,0.40404664584484706,0.40404664584484706,0.0
3.1,0.4041280185625338,0.4041280185625338,0.0
3.2,0.4042110198877156,0.4042110198877156,0.0
3.3000000000000003,0.40429568210328704,0.40429568210328704,0.0
3.4000000000000004,0.4043820381193832,0.4043820381193832,0.0
3.5,0.40447012148505124,0.40447012148505124,0.0
3.6,0.4045599664001198,0.4045599664001198,0.0
3.7,0.40465160772725994,0.40465160772725994,0.0
3.8000000000000003,0.4047450810042541,0.4047450810042541,0.0
3.9000000000000004,0.4048404224564637,0.4048404224564637,0.0
4.0,0.4049376690095059,0.4049376690095059,0.0
4.1000000000000005,0.40503685830213154,0.40503685830213154,0.0
4.2,0.40513802869932114,0.40513802869932114,0.0
4.3,0.40524121930559076,0.40524121930559076,0.0
4.4,0.40534646997850654,0.40534646997850654,0.0
4.5,0.4054538213424257,0.4054538213424257,0.0
4.6000000000000005,0.40556331480245067,0.40556331480245067,0.0
4.7,0.40567499255860273,0.40567499255860273,0.0
4.800000000000001,0.4057888976202273,0.4057888976202273,0.0
4.9,0.40590507382061514,0.40590507382061514,0.0
5.0,0.4060235658318563,0.4060235658318563,0.0
5.1000000000000005,0.40614441917992483,0.40614441917992483,0.0
5.2,0.40626768025998583,0.40626768025998583,0.0
5.300000000000001,0.40639339635194993,0.40639339635194993,0.0
5.4,0.40652161563624833,0.40652161563624833,0.0
5.5,0.40665238720985375,0.40665238720985375,0.0
5.6000000000000005,0.4067857611025367,0.4067857611025367,0.0
5.7,0.40692178829335823,0.40692178829335823,0.0
5.800000000000001,0.40706052072741006,0.40706052072741006,0.0
5.9,0.407202011332795,0.407202011332795,0.0
6.0,0.40734631403784416,0.40734631403784416,0.0
6.1000000000000005,0.40749348378859107,0.40749348378859107,0.0
6.2,0.4076435765664801,0.4076435765664801,0.0
6.300000000000001,0.40779664940633253,0.40779664940633253,0.0
6.4,0.4079527604145472,0.4079527604145472,0.0
6.5,0.40811196878756295,0.40811196878756295,0.0
6.6000000000000005,0.4082743348305593,0.4082743348305593,0.0
6.7,0.40843991997640927,0.40843991997640927,0.0
6.800000000000001,0.40860878680488266,0.40860878680488266,0.0
6.9,0.4087809990620963,0.4087809990620963,0.0
7.0,0.40895662168021385,0.40895662168021385,0.0
7.1000000000000005,0.40913572079739424,0.40913572079739424,0.0
7.2,0.4093183637779827,0.4093183637779827,0.0
7.300000000000001,0.409504619232961,0.409504619232961,0.0
7.4,0.40969455704062785,0.40969455704062785,0.0
7.5,0.4098882483675341,0.4098882483675341,0.0
7.6000000000000005,0.4100857656896588,0.4100857656896588,0.0
7.7,0.4102871828138239,0.4102871828138239,0.0
7.800000000000001,0.41049257489935,0.41049257489935,0.0
7.9,0.4107020184799488,0.4107020184799488,0.0
8.0,0.4109155914858471,0.4109155914858471,0.0
8.1,0.4111333732661464,0.4111333732661464,0.0
8.200000000000001,0.41135544461140494,0.41135544461140494,0.0
8.3,0.4115818877764479,0.4115818877764479,0.0
8.4,0.4118127865033925,0.4118127865033925,0.0
8.5,0.41204822604489877,0.41204822604489877,0.0
8.6,0.41228829318761573,0.41228829318761573,0.0
8.700000000000001,0.41253307627585034,0.41253307627585034,0.0
8.8,0.4127826652354223,0.4127826652354223,0.0
8.9,0.41303715159772025,0.41303715159772025,0.0
9.0,0.41329662852394566,0.41329662852394566,0.0
9.1,0.413561190829534,0.413561190829534,0.0
9.200000000000001,0.41383093500874857,0.41383093500874857,0.0
9.3,0.4141059592594445,0.4141059592594445,0.0
9.4,0.4143863635079823,0.4143863635079823,0.0
9.5,0.4146722494342976,0.4146722494342976,0.0
9.600000000000001,0.4149637204970942,0.4149637204970942,0.0
9.700000000000001,0.4152608819591812,0.4152608819591812,0.0
9.8,0.415563840912915,0.415563840912915,0.0
9.9,0.415872706305751,0.415872706305751,0.0
10.0,0.41618758896588304,0.41618758896588304,0.0
10.100000000000001,0.4165086016279691,0.4165086016279691,0.0
10.200000000000001,0.41683585895891984,0.41683585895891984,0.0
10.3,0.4171694775837329,0.4171694775837329,0.0
10.4,0.4175095761113736,0.4175095761113736,0.0
10.5,0.4178562751606698,0.4178562751606698,0.0
10.600000000000001,0.4182096973862075,0.4182096973862075,0.0
10.700000000000001,0.41856996750421605,0.41856996750421605,0.0
10.8,0.41893721231842207,0.41893721231842207,0.0
10.9,0.4193115607458431,0.4193115607458431,0.0
11.0,0.419693143842518,0.419693143842518,0.0
11.100000000000001,0.4200820948291293,0.4200820948291293,0.0
11.200000000000001,0.42047854911652394,0.42047854911652394,0.0
11.3,0.4208826443310798,0.4208826443310798,0.0
11.4,0.42129452033991566,0.42129452033991566,0.0
11.5,0.4217143192759023,0.4217143192759023,0.0
11.600000000000001,0.42214218556246585,0.42214218556246585,0.0
11.700000000000001,0.4225782659381325,0.4225782659381325,0.0
11.8,0.423022709480807,0.423022709480807,0.0
11.9,0.42347566763174527,0.42347566763174527,0.0
12.0,0.42393729421917925,0.42393729421917925,0.0
12.100000000000001,0.4244077454815871,0.4244077454815871,0.0
12.200000000000001,0.4248871800905416,0.4248871800905416,0.0
12.3,0.42537575917312864,0.42537575917312864,0.0
12.4,0.42587364633388614,0.42587364633388614,0.0
12.5,0.42638100767622067,0.42638100767622067,0.0
12.600000000000001,0.4268980118232726,0.4268980118232726,0.0
12.700000000000001,0.42742482993817976,0.42742482993817976,0.0
12.8,0.42796163574370105,0.42796163574370105,0.0
12.9,0.42850860554115133,0.42850860554115133,0.0
13.0,0.4290659182286056,0.4290659182286056,0.0
13.100000000000001,0.4296337553183234,0.4296337553183234,0.0
13.200000000000001,0.4302123009533343,0.4302123009533343,0.0
13.3,0.43080174192315646,0.43080174192315646,0.0
13.4,0.43140226767856316,0.43140226767856316,0.0
13.5,0.43201407034537276,0.43201407034537276,0.0
13.600000000000001,0.4326373447371843,0.4326373447371843,0.0
13.700000000000001,0.43327228836700993,0.43327228836700993,0.0
13.8,0.4339191014577457,0.4339191014577457,0.0
13.9,0.4345779869514095,0.4345779869514095,0.0
14.0,0.43524915051708835,0.43524915051708835,0.0
14.100000000000001,0.4359328005575325,0.4359328005575325,0.0
14.200000000000001,0.43662914821431986,0.43662914821431986,0.0
14.3,0.4373384073715263,0.4373384073715263,0.0
14.4,0.4380607946578303,0.4380607946578303,0.0
14.5,0.4387965294469778,0.4387965294469778,0.0
14.600000000000001,0.4395458338565277,0.4395458338565277,0.0
14.700000000000001,0.4403089327448084,0.4403089327448084,0.0
14.8,0.44108605370599996,0.44108605370599996,0.0
14.9,0.4418774270632584,0.4418774270632584,0.0
15.0,0.4426832858598102,0.4426832858598102,0.0
15.100000000000001,0.4435038658479149,0.4435038658479149,0.0
15.200000000000001,0.444339405475624,0.444339405475624,0.0
15.3,0.4451901458712406,0.4451901458712406,0.0
15.4,0.44605633082538265,0.44605633082538265,0.0
15.5,0.44693820677057605,0.44693820677057605,0.0
15.600000000000001,0.44783602275825807,0.44783602275825807,0.0
15.700000000000001,0.44875003043311246,0.44875003043311246,0.0
15.8,0.44968048400464156,0.44968048400464156,0.0
15.9,0.4506276402158509,0.4506276402158509,0.0
16.0,0.45159175830898235,0.45159175830898235,0.0
16.1,0.45257309998815654,0.45257309998815654,0.0
16.2,0.4535719293788514,0.4535719293788514,0.0
16.3,0.4545885129840874,0.4545885129840874,0.0
16.400000000000002,0.45562311963723,0.45562311963723,0.0
16.5,0.4566760204512974,0.4566760204512974,0.0
16.6,0.45774748876465665,0.45774748876465665,0.0
16.7,0.4588378000830158,0.4588378000830158,0.0
16.8,0.4599472320175817,0.4599472320175817,0.0
16.900000000000002,0.46107606421929503,0.46107606421929503,0.0
17.0,0.4622245783090122,0.4622245783090122,0.0
17.1,0.4633930578035361,0.4633930578035361,0.0
17.2,0.4645817880373766,0.4645817880373766,0.0
17.3,0.4657910560801408,0.4657910560801408,0.0
17.400000000000002,0.4670211506494253,0.4670211506494253,0.0
17.5,0.46827236201911937,0.46827236201911937,0.0
17.6,0.46954498192299443,0.46954498192299443,0.0
17.7,0.4708393034534817,0.4708393034534817,0.0
17.8,0.4721556209555313,0.4721556209555313,0.0
17.900000000000002,0.47349422991543566,0.47349422991543566,0.0
18.0,0.4748554268445302,0.4748554268445302,0.0
18.1,0.47623950915766233,0.47623950915766233,0.0
18.2,0.4776467750463249,0.4776467750463249,0.0
18.3,0.47907752334637177,0.47907752334637177,0.0
18.400000000000002,0.48053205340020533,0.48053205340020533,0.0
18.5,0.4820106649133713,0.4820106649133713,0.0
18.6,0.48351365780544153,0.48351365780544153,0.0
18.7,0.4850413320551432,0.4850413320551432,0.0
18.8,0.48659398753962346,0.48659398753962346,0.0
18.900000000000002,0.4881719238677986,0.4881719238677986,0.0
19.0,0.48977544020771724,0.48977544020771724,0.0
19.1,0.4914048351078737,0.4914048351078737,0.0
19.200000000000003,0.4930604063124253,0.4930604063124253,0.0
19.3,0.4947424505702589,0.4947424505702589,0.0
19.400000000000002,0.4964512634378755,0.4964512634378755,0.0
19.5,0.4981871390760517,0.4981871390760517,0.0
19.6,0.499950370040267,0.499950370040267,0.0
19.700000000000003,0.5017412470648717,0.5017412470648717,0.0
19.8,0.5035600588409954,0.5035600588409954,0.0
19.900000000000002,0.5054070917882028,0.5054070917882028,0.0
20.0,0.5072826298199065,0.5072826298199065,0.0
20.1,0.5091869541025638,0.5091869541025638,0.0
20.200000000000003,0.5111203428087023,0.5111203428087023,0.0
20.3,0.5130830708638117,0.5130830708638117,0.0
20.400000000000002,0.5150754096871735,0.5150754096871735,0.0
20.5,0.5170976269266987,0.5170976269266987,0.0
20.6,0.519149986187859,0.519149986187859,0.0
20.700000000000003,0.5212327467568256,0.5212327467568256,0.0
20.8,0.523346163317914,0.523346163317914,0.0
20.900000000000002,0.5254904856654852,0.5254904856654852,0.0
21.0,0.5276659584104388,0.5276659584104388,0.0
21.1,0.5298728206814669,0.5298728206814669,0.0
21.200000000000003,0.5321113058212443,0.5321113058212443,0.0
21.3,0.5343816410777595,0.5343816410777595,0.0
21.400000000000002,0.5366840472909935,0.5366840472909935,0.0
21.5,0.5390187385751819,0.5390187385751819,0.0
21.6,0.5413859219969082,0.5413859219969082,0.0
21.700000000000003,0.5437857972493028,0.5437857972493028,0.0
21.8,0.5462185563226267,0.5462185563226267,0.0
21.900000000000002,0.5486843831715538,0.5486843831715538,0.0
22.0,0.5511834533794682,0.5511834533794682,0.0
22.1,0.5537159338201372,0.5537159338201372,0.0
22.200000000000003,0.5562819823171052,0.5562819823171052,0.0
22.3,0.5588817473012053,0.5588817473012053,0.0
22.400000000000002,0.561515367466594,0.561515367466594,0.0
22.5,0.5641829714257209,0.5641829714257209,0.0
22.6,0.5668846773636842,0.5668846773636842,0.0
22.700000000000003,0.5696205926924378,0.5696205926924378,0.0
22.8,0.5723908137053213,0.5723908137053213,0.0
22.900000000000002,0.5751954252324207,0.5751954252324207,0.0
23.0,0.5780345002972771,0.5780345002972771,0.0
23.1,0.5809080997754767,0.5809080997754767,0.0
23.200000000000003,0.5838162720556825,0.5838162720556825,0.0
23.3,0.5867590527036723,0.5867590527036723,0.0
23.400000000000002,0.5897364641299729,0.5897364641299729,0.0
23.5,0.5927485152616976,0.5927485152616976,0.0
23.6,0.5957952012191994,0.5957952012191994,0.0
23.700000000000003,0.5988765029981691,0.5988765029981691,0.0
23.8,0.6019923871578339,0.6019923871578339,0.0
23.900000000000002,0.6051428055158947,0.6051428055158947,0.0
24.0,0.6083276948508844,0.6083276948508844,0.0
24.1,0.6115469766126118,0.6115469766126118,0.0
24.200000000000003,0.6148005566413808,0.6148005566413808,0.0
24.3,0.6180883248966662,0.6180883248966662,0.0
24.400000000000002,0.6214101551959468,0.6214101551959468,0.0
24.5,0.6247659049643941,0.6247659049643941,0.0
24.6,0.6281554149961046,0.6281554149961046,0.0
24.700000000000003,0.631578509227583,0.631578509227583,0.0
24.8,0.635034994524176,0.635034994524176,0.0
24.900000000000002,0.6385246604801331,0.6385246604801331,0.0
25.0,0.6420472792329956,0.6420472792329956,0.0
25.1,0.645602605292984,0.645602605292984,0.0
25.200000000000003,0.6491903753880495,0.6491903753880495,0.0
25.3,0.6528103083252548,0.6528103083252548,0.0
25.400000000000002,0.6564621048691093,0.6564621048691093,0.0
25.5,0.6601454476374968,0.6601454476374968,0.0
25.6,0.6638600010157898,0.6638600010157898,0.0
25.700000000000003,0.6676054110897418,0.6676054110897418,0.0
25.8,0.6713813055977154,0.6713813055977154,0.0
25.900000000000002,0.6751872939027725,0.6751872939027725,0.0
26.0,0.6790229669851486,0.6790229669851486,0.0
26.1,0.6828878974555721,0.6828878974555721,0.0
26.200000000000003,0.6867816395898769,0.6867816395898769,0.0
26.3,0.6907037293853291,0.6907037293853291,0.0
26.400000000000002,0.6946536846390163,0.6946536846390163,0.0
26.5,0.698631005048651,0.698631005048651,0.0
26.6,0.7026351723360831,0.7026351723360831,0.0
26.700000000000003,0.7066656503937532,0.7066656503937532,0.0
26.8,0.7107218854543129,0.7107218854543129,0.0
26.900000000000002,0.7148033062835557,0.7148033062835557,0.0
27.0,0.7189093243967841,0.7189093243967841,0.0
27.1,0.7230393342986652,0.7230393342986652,0.0
27.200000000000003,0.7271927137465903,0.7271927137465903,0.0
27.3,0.7313688240375091,0.7313688240375091,0.0
27.400000000000002,0.7355670103181247,0.7355670103181247,0.0
27.5,0.7397866019183308,0.7397866019183308,0.0
27.6,0.7440269127076764,0.7440269127076764,0.0
27.700000000000003,0.748287241474598,0.748287241474598,0.0
27.8,0.7525668723281376,0.7525668723281376,0.0
27.900000000000002,0.7568650751217465,0.7568650751217465,0.0
28.0,0.7611811058987934,0.7611811058987934,0.0
28.1,0.7655142073592716,0.7655142073592716,0.0
28.200000000000003,0.769863609347202,0.769863609347202,0.0
28.3,0.7742285293581332,0.7742285293581332,0.0
28.400000000000002,0.7786081730661261,0.7786081730661261,0.0
28.5,0.7830017348695071,0.7830017348695071,0.0
28.6,0.7874083984546942,0.7874083984546942,0.0
28.700000000000003,0.7918273373772742,0.7918273373772742,0.0
28.8,0.796257715659527,0.796257715659527,0.0
28.900000000000002,0.8006986884035072,0.8006986884035072,0.0
29.0,0.8051494024187704,0.8051494024187704,0.0
29.1,0.8096089968637781,0.8096089968637781,0.0
29.200000000000003,0.8140766038999914,0.8140766038999914,0.0
29.3,0.8185513493576071,0.8185513493576071,0.0
29.400000000000002,0.823032353411886,0.823032353411886,0.0
29.5,0.8275187312689543,0.8275187312689543,0.0
29.6,0.8320095938599765,0.8320095938599765,0.0
29.700000000000003,0.8365040485425315,0.8365040485425315,0.0
29.8,0.8410011998080309,0.8410011998080309,0.0
29.900000000000002,0.8455001499940007,0.8455001499940007,0.0
30.0,0.8499999999999996,0.8499999999999996,0.0
30.1,0.8544998500060004,0.8544998500060004,0.0
30.200000000000003,0.8589988001919693,0.8589988001919693,0.0
30.3,0.8634959514574696,0.8634959514574696,0.0
30.400000000000002,0.8679904061400237,0.8679904061400237,0.0
30.5,0.8724812687310459,0.8724812687310459,0.0
30.6,0.8769676465881151,0.8769676465881151,0.0
30.700000000000003,0.8814486506423931,0.8814486506423931,0.0
30.8,0.8859233961000088,0.8859233961000088,0.0
30.900000000000002,0.8903910031362221,0.8903910031362221,0.0
31.0,0.8948505975812306,0.8948505975812306,0.0
31.1,0.8993013115964938,0.8993013115964938,0.0
31.200000000000003,0.9037422843404741,0.9037422843404741,0.0
31.3,0.908172662622726,0.908172662622726,0.0
31.400000000000002,0.9125916015453059,0.9125916015453059,0.0
31.5,0.9169982651304931,0.9169982651304931,0.0
31.6,0.9213918269338741,0.9213918269338741,0.0
31.700000000000003,0.9257714706418669,0.9257714706418669,0.0
31.8,0.9301363906527982,0.9301363906527982,0.0
31.900000000000002,0.9344857926407286,0.9344857926407286,0.0
32.0,0.9388188941012068,0.9388188941012068,0.0
32.1,0.9431349248782537,0.9431349248782537,0.0
32.2,0.9474331276718635,0.9474331276718635,0.0
32.300000000000004,0.9517127585254022,0.9517127585254022,0.0
32.4,0.9559730872923238,0.9559730872923238,0.0
32.5,0.9602133980816694,0.9602133980816694,0.0
32.6,0.9644329896818764,0.9644329896818764,0.0
32.7,0.9686311759624919,0.9686311759624919,0.0
32.800000000000004,0.9728072862534098,0.9728072862534098,0.0
32.9,0.976960665701335,0.976960665701335,0.0
33.0,0.9810906756032161,0.9810906756032161,0.0
33.1,0.9851966937164445,0.9851966937164445,0.0
33.2,0.9892781145456873,0.9892781145456873,0.0
33.300000000000004,0.993334349606247,0.993334349606247,0.0
33.4,0.9973648276639171,0.9973648276639171,0.0
33.5,1.0013689949513496,1.0013689949513496,0.0
33.6,1.0053463153609843,1.0053463153609843,0.0
33.7,1.0092962706146706,1.0092962706146706,0.0
33.800000000000004,1.0132183604101233,1.0132183604101233,0.0
33.9,1.0171121025444285,1.0171121025444285,0.0
34.0,1.020977033014851,1.020977033014851,0.0
34.1,1.0248127060972276,1.0248127060972276,0.0
34.2,1.0286186944022848,1.0286186944022848,0.0
34.300000000000004,1.0323945889102584,1.0323945889102584,0.0
34.4,1.0361399989842108,1.0361399989842108,0.0
34.5,1.0398545523625033,1.0398545523625033,0.0
34.6,1.043537895130891,1.043537895130891,0.0
34.7,1.0471896916747454,1.0471896916747454,0.0
34.800000000000004,1.0508096246119507,1.0508096246119507,0.0
34.9,1.0543973947070162,1.0543973947070162,0.0
35.0,1.0579527207670045,1.0579527207670045,0.0
35.1,1.061475339519867,1.061475339519867,0.0
35.2,1.0649650054758242,1.0649650054758242,0.0
35.300000000000004,1.0684214907724172,1.0684214907724172,0.0
35.4,1.071844585003896,1.071844585003896,0.0
35.5,1.075234095035606,1.075234095035606,0.0
35.6,1.0785898448040534,1.0785898448040534,0.0
35.7,1.0819116751033344,1.0819116751033344,0.0
35.800000000000004,1.0851994433586194,1.0851994433586194,0.0
35.9,1.0884530233873884,1.0884530233873884,0.0
36.0,1.0916723051491157,1.0916723051491157,0.0
36.1,1.0948571944841055,1.0948571944841055,0.0
36.2,1.0980076128421663,1.0980076128421663,0.0
36.300000000000004,1.101123497001831,1.101123497001831,0.0
36.4,1.1042047987808012,1.1042047987808012,0.0
36.5,1.1072514847383026,1.1072514847383026,0.0
36.6,1.1102635358700277,1.1102635358700277,0.0
36.7,1.1132409472963278,1.1132409472963278,0.0
36.800000000000004,1.1161837279443176,1.1161837279443176,0.0
36.9,1.1190919002245234,1.1190919002245234,0.0
37.0,1.1219654997027235,1.1219654997027235,0.0
37.1,1.12480457476758,1.12480457476758,0.0
37.2,1.1276091862946793,1.1276091862946793,0.0
37.300000000000004,1.1303794073075624,1.1303794073075624,0.0
37.4,1.133115322636316,1.133115322636316,0.0
37.5,1.1358170285742792,1.1358170285742792,0.0
37.6,1.1384846325334061,1.1384846325334061,0.0
37.7,1.1411182526987949,1.1411182526987949,0.0
37.800000000000004,1.1437180176828954,1.1437180176828954,0.0
37.9,1.146284066179863,1.146284066179863,0.0
38.0,1.148816546620532,1.148816546620532,0.0
38.1,1.1513156168284469,1.1513156168284469,0.0
38.2,1.1537814436773735,1.1537814436773735,0.0
38.300000000000004,1.1562142027506979,1.1562142027506979,0.0
38.400000000000006,1.1586140780030925,1.1586140780030925,0.0
38.5,1.1609812614248187,1.1609812614248187,0.0
38.6,1.1633159527090067,1.1633159527090067,0.0
38.7,1.1656183589222406,1.1656183589222406,0.0
38.800000000000004,1.1678886941787558,1.1678886941787558,0.0
38.900000000000006,1.1701271793185333,1.1701271793185333,0.0
39.0,1.172334041589561,1.172334041589561,0.0
39.1,1.174509514334515,1.174509514334515,0.0
39.2,1.1766538366820862,1.1766538366820862,0.0
39.300000000000004,1.1787672532431746,1.1787672532431746,0.0
39.400000000000006,1.1808500138121412,1.1808500138121412,0.0
39.5,1.182902373073302,1.182902373073302,0.0
39.6,1.1849245903128267,1.1849245903128267,0.0
39.7,1.186916929136189,1.186916929136189,0.0
39.800000000000004,1.1888796571912983,1.1888796571912983,0.0
39.900000000000006,1.1908130458974369,1.1908130458974369,0.0
40.0,1.1927173701800937,1.1927173701800937,0.0
40.1,1.1945929082117974,1.1945929082117974,0.0
40.2,1.1964399411590048,1.1964399411590048,0.0
40.300000000000004,1.198258752935129,1.198258752935129,0.0
40.400000000000006,1.2000496299597332,1.2000496299597332,0.0
40.5,1.2018128609239485,1.2018128609239485,0.0
40.6,1.2035487365621247,1.2035487365621247,0.0
40.7,1.2052575494297413,1.2052575494297413,0.0
40.800000000000004,1.2069395936875753,1.2069395936875753,0.0
40.900000000000006,1.208595164892127,1.208595164892127,0.0
41.0,1.210224559792283,1.210224559792283,0.0
41.1,1.2118280761322016,1.2118280761322016,0.0
41.2,1.2134060124603763,1.2134060124603763,0.0
41.300000000000004,1.2149586679448565,1.2149586679448565,0.0
41.400000000000006,1.2164863421945586,1.2164863421945586,0.0
41.5,1.2179893350866293,1.2179893350866293,0.0
41.6,1.2194679465997948,1.2194679465997948,0.0
41.7,1.2209224766536289,1.2209224766536289,0.0
41.800000000000004,1.2223532249536748,1.2223532249536748,0.0
41.900000000000006,1.2237604908423378,1.2237604908423378,0.0
42.0,1.22514457315547,1.22514457315547,0.0
42.1,1.2265057700845645,1.2265057700845645,0.0
42.2,1.2278443790444689,1.2278443790444689,0.0
42.300000000000004,1.2291606965465185,1.2291606965465185,0.0
42.400000000000006,1.2304550180770057,1.2304550180770057,0.0
42.5,1.2317276379808808,1.2317276379808808,0.0
42.6,1.2329788493505744,1.2329788493505744,0.0
42.7,1.2342089439198594,1.2342089439198594,0.0
42.800000000000004,1.2354182119626236,1.2354182119626236,0.0
42.900000000000006,1.2366069421964645,1.2366069421964645,0.0
43.0,1.237775421690988,1.237775421690988,0.0
43.1,1.2389239357807047,1.2389239357807047,0.0
43.2,1.2400527679824185,1.2400527679824185,0.0
43.300000000000004,1.2411621999169844,1.2411621999169844,0.0
43.400000000000006,1.2422525112353435,1.2422525112353435,0.0
43.5,1.2433239795487028,1.2433239795487028,0.0
43.6,1.2443768803627702,1.2443768803627702,0.0
43.7,1.2454114870159128,1.2454114870159128,0.0
43.800000000000004,1.2464280706211484,1.2464280706211484,0.0
43.900000000000006,1.2474269000118432,1.2474269000118432,0.0
44.0,1.2484082416910178,1.2484082416910178,0.0
44.1,1.2493723597841493,1.2493723597841493,0.0
44.2,1.250319515995359,1.250319515995359,0.0
44.300000000000004,1.2512499695668873,1.2512499695668873,0.0
44.400000000000006,1.2521639772417426,1.2521639772417426,0.0
44.5,1.2530617932294241,1.2530617932294241,0.0
44.6,1.2539436691746175,1.2539436691746175,0.0
44.7,1.25480985412876,1.25480985412876,0.0
44.800000000000004,1.2556605945243762,1.2556605945243762,0.0
44.900000000000006,1.2564961341520853,1.2564961341520853,0.0
45.0,1.25731671414019,1.25731671414019,0.0
45.1,1.2581225729367418,1.2581225729367418,0.0
45.2,1.2589139462940002,1.2589139462940002,0.0
45.300000000000004,1.2596910672551918,1.2596910672551918,0.0
45.400000000000006,1.2604541661434725,1.2604541661434725,0.0
45.5,1.2612034705530224,1.2612034705530224,0.0
45.6,1.2619392053421694,1.2619392053421694,0.0
45.7,1.2626615926284739,1.2626615926284739,0.0
45.800000000000004,1.2633708517856803,1.2633708517856803,0.0
45.900000000000006,1.2640671994424677,1.2640671994424677,0.0
46.0,1.2647508494829118,1.2647508494829118,0.0
46.1,1.2654220130485911,1.2654220130485911,0.0
46.2,1.2660808985422545,1.2660808985422545,0.0
46.300000000000004,1.2667277116329902,1.2667277116329902,0.0
46.400000000000006,1.2673626552628163,1.2673626552628163,0.0
46.5,1.2679859296546274,1.2679859296546274,0.0
46.6,1.2685977323214366,1.2685977323214366,0.0
46.7,1.2691982580768437,1.2691982580768437,0.0
46.800000000000004,1.2697876990466654,1.2697876990466654,0.0
46.900000000000006,1.2703662446816772,1.2703662446816772,0.0
47.0,1.2709340817713946,1.2709340817713946,0.0
47.1,1.2714913944588488,1.2714913944588488,0.0
47.2,1.2720383642562991,1.2720383642562991,0.0
47.300000000000004,1.2725751700618204,1.2725751700618204,0.0
47.400000000000006,1.2731019881767276,1.2731019881767276,0.0
47.5,1.273618992323779,1.273618992323779,0.0
47.6,1.274126353666114,1.274126353666114,0.0
47.7,1.2746242408268715,1.2746242408268715,0.0
47.800000000000004,1.275112819909459,1.275112819909459,0.0
47.900000000000006,1.275592254518413,1.275592254518413,0.0
48.0,1.2760627057808205,1.2760627057808205,0.0
48.1,1.276524332368255,1.276524332368255,0.0
48.2,1.2769772905191932,1.2769772905191932,0.0
48.300000000000004,1.277421734061868,1.277421734061868,0.0
48.400000000000006,1.2778578144375343,1.2778578144375343,0.0
48.5,1.2782856807240974,1.2782856807240974,0.0
48.6,1.2787054796600845,1.2787054796600845,0.0
48.7,1.2791173556689204,1.2791173556689204,0.0
48.800000000000004,1.2795214508834762,1.2795214508834762,0.0
48.900000000000006,1.279917905170871,1.279917905170871,0.0
49.0,1.2803068561574822,1.2803068561574822,0.0
49.1,1.2806884392541567,1.2806884392541567,0.0
49.2,1.281062787681578,1.281062787681578,0.0
49.300000000000004,1.2814300324957841,1.2814300324957841,0.0
49.400000000000006,1.2817903026137931,1.2817903026137931,0.0
49.5,1.2821437248393304,1.2821437248393304,0.0
49.6,1.282490423888626,1.282490423888626,0.0
49.7,1.2828305224162673,1.2828305224162673,0.0
49.800000000000004,1.2831641410410808,1.2831641410410808,0.0
49.900000000000006,1.283491398372031,1.283491398372031,0.0
50.0,1.2838124110341176,1.2838124110341176,0.0
50.1,1.2841272936942492,1.2841272936942492,0.0
50.2,1.2844361590870852,1.2844361590870852,0.0
50.300000000000004,1.284739118040819,1.284739118040819,0.0
50.400000000000006,1.2850362795029064,1.2850362795029064,0.0
50.5,1.285327750565703,1.285327750565703,0.0
50.6,1.2856136364920174,1.2856136364920174,0.0
50.7,1.2858940407405561,1.2858940407405561,0.0
50.800000000000004,1.2861690649912516,1.2861690649912516,0.0
50.900000000000006,1.2864388091704662,1.2864388091704662,0.0
51.0,1.286703371476054,1.286703371476054,0.0
51.1,1.28696284840228,1.28696284840228,0.0
51.2,1.287217334764578,1.287217334764578,0.0
51.300000000000004,1.2874669237241494,1.2874669237241494,0.0
51.400000000000006,1.287711706812384,1.287711706812384,0.0
51.5,1.2879517739551014,1.2879517739551014,0.0
51.6,1.2881872134966073,1.2881872134966073,0.0
51.7,1.2884181122235527,1.2884181122235527,0.0
51.800000000000004,1.2886445553885952,1.2886445553885952,0.0
51.900000000000006,1.2888666267338538,1.2888666267338538,0.0
52.0,1.289084408514153,1.289084408514153,0.0
52.1,1.2892979815200514,1.2892979815200514,0.0
52.2,1.2895074251006502,1.2895074251006502,0.0
52.300000000000004,1.2897128171861763,1.2897128171861763,0.0
52.400000000000006,1.2899142343103414,1.2899142343103414,0.0
52.5,1.290111751632466,1.290111751632466,0.0
52.6,1.2903054429593723,1.2903054429593723,0.0
52.7,1.2904953807670392,1.2904953807670392,0.0
52.800000000000004,1.2906816362220175,1.2906816362220175,0.0
52.900000000000006,1.2908642792026064,1.2908642792026064,0.0
53.0,1.2910433783197859,1.2910433783197859,0.0
53.1,1.2912190009379039,1.2912190009379039,0.0
53.2,1.2913912131951175,1.2913912131951175,0.0
53.300000000000004,1.291560080023591,1.291560080023591,0.0
53.400000000000006,1.2917256651694409,1.2917256651694409,0.0
53.5,1.2918880312124368,1.2918880312124368,0.0
53.6,1.292047239585453,1.292047239585453,0.0
53.7,1.292203350593668,1.292203350593668,0.0
53.800000000000004,1.29235642343352,1.29235642343352,0.0
53.900000000000006,1.292506516211409,1.292506516211409,0.0
54.0,1.292653685962156,1.292653685962156,0.0
54.1,1.2927979886672052,1.2927979886672052,0.0
54.2,1.2929394792725897,1.2929394792725897,0.0
54.300000000000004,1.2930782117066424,1.2930782117066424,0.0
54.400000000000006,1.293214238897464,1.293214238897464,0.0
54.5,1.293347612790146,1.293347612790146,0.0
54.6,1.2934783843637514,1.2934783843637514,0.0
54.7,1.2936066036480502,1.2936066036480502,0.0
54.800000000000004,1.293732319740014,1.293732319740014,0.0
54.900000000000006,1.2938555808200753,1.2938555808200753,0.0
55.0,1.2939764341681435,1.2939764341681435,0.0
55.1,1.294094926179385,1.294094926179385,0.0
55.2,1.2942111023797729,1.2942111023797729,0.0
55.300000000000004,1.2943250074413974,1.2943250074413974,0.0
55.400000000000006,1.29443668519755,1.29443668519755,0.0
55.5,1.294546178657574,1.294546178657574,0.0
55.6,1.2946535300214936,1.2946535300214936,0.0
55.7,1.2947587806944094,1.2947587806944094,0.0
55.800000000000004,1.2948619713006786,1.2948619713006786,0.0
55.900000000000006,1.294963141697869,1.294963141697869,0.0
56.0,1.2950623309904943,1.2950623309904943,0.0
56.1,1.295159577543536,1.295159577543536,0.0
56.2,1.295254918995746,1.295254918995746,0.0
56.300000000000004,1.2953483922727402,1.2953483922727402,0.0
56.400000000000006,1.2954400335998804,1.2954400335998804,0.0
56.5,1.2955298785149485,1.2955298785149485,0.0
56.6,1.295617961880617,1.295617961880617,0.0
56.7,1.2957043178967131,1.2957043178967131,0.0
56.800000000000004,1.2957889801122842,1.2957889801122842,0.0
56.900000000000006,1.2958719814374664,1.2958719814374664,0.0
57.0,1.2959533541551527,1.2959533541551527,0.0
57.1,1.3079588519088792,1.2960331299324732,0.011925721976405956
57.2,1.3219254184259221,1.2961113398320792,0.025814078593842993
57.300000000000004,1.3357986321705626,1.2961880143232407,0.039610617847321894
57.400000000000006,1.3495751349419098,1.2962631832927594,0.05331195164915048
57.5,1.36325167519853,1.2963368760556935,0.06691479914283649
57.6,1.376825110416397,1.2964091213659055,0.08041598905049163
57.7,1.3902924092081985,1.2964799474264272,0.09381246178177127
57.800000000000004,1.4036506532035995,1.296549381899652,0.10710127130394742
57.900000000000006,1.416897038690852,1.2966174519173492,0.1202795867735027
58.0,1.4300288780209431,1.2966841840905077,0.13334469393043547
58.1,1.443043600776234,1.2967496045190114,0.1462939962572225
58.2,1.4559387547062705,1.296813738801148,0.1591250159051225
58.300000000000004,1.4687120064341572,1.2968766120429498,0.17183539439120743
58.400000000000006,1.481361141937536,1.2969382488673742,0.1844228930701619
58.5,1.4938840668088273,1.296998673423328,0.19688539338549926
58.6,1.5062788063000099,1.2970579093945251,0.20922089690548473
58.7,1.5185435051577043,1.2971159800081984,0.22142752514950592
58.800000000000004,1.530676427254872,1.2971729080436534,0.2335035192112187
58.900000000000006,1.5426759550258704,1.2972287158406703,0.24544723918520006
59.0,1.5545405887120118,1.2972834253077625,0.2572571634042493
59.1,1.5662689454251568,1.2973370579302834,0.2689318874948734
59.2,1.57785975803717,1.2973896347783942,0.28047012325877585
59.300000000000004,1.589311873903367,1.2974411765148854,0.2918706973884815
59.400000000000006,1.600624253428283,1.2974917034028617,0.3031325500254214
59.5,1.611795968482308,1.29754123531329,0.314254733169018
59.6,1.622826200677867,1.297589791732408,0.32523640894545913
59.7,1.6337142395139188,1.2976373917690056,0.3360768477449132
59.800000000000004,1.644459480397643,1.2976840541615706,0.34677542623607227
59.900000000000006,1.6550614225521731,1.2977297972853075,0.3573316252668657
60.0,1.6655196668192587,1.2977746391590288,0.3677450276602299
60.1,1.6758339133656777,1.2978185974519234,0.37801531591375426
60.2,1.6860039593021408,1.2978616894901993,0.38814226981194144
60.300000000000004,1.6960296962233543,1.2979039322636075,0.39812576395974686
60.400000000000006,1.7059111076777267,1.2979453424318472,0.40796576524587946
60.5,1.7156482665750907,1.2979859363308508,0.41766233024423993
60.6,1.7252413325405964,1.2980257299789617,0.4272156025616347
60.7,1.7346905492227367,1.2980647390829896,0.4366258101397471
60.800000000000004,1.7439962415632495,1.298102979044161,0.44589326251908856
60.900000000000006,1.7531588130363804,1.298140464963959,0.4550183480724215
61.0,1.7621787428647449,1.298177211649855,0.46400153121488996
61.1,1.7710565832187593,1.298213233620935,0.47284334959782415
61.2,1.7797929564063049,1.298248545113423,0.48154441129288195
61.300000000000004,1.7883885520590388,1.2982831600860996,0.49010539197293923
61.400000000000006,1.796844124321419,1.298317092225624,0.4985270320957951
61.5,1.8051604890482489,1.298350354951756,0.5068101340964928
61.6,1.8133385210161954,1.298382961422479,0.5149555595937163
61.7,1.8213791511544728,1.2984149245390304,0.5229642266154424
61.800000000000004,1.8292833637995174,1.2984462569508364,0.530837106848681
61.900000000000006,1.8370521939782223,1.2984769710603583,0.538575222917864
62.0,1.8446867247239456,1.2985070790278428,0.5461796456961028
62.1,1.8521880844292253,1.29853659277599,0.5536514916532354
62.2,1.8595574442388294,1.2985655239945268,0.5609919202443026
62.300000000000004,1.8667960154864631,1.2985938841447036,0.5682021313417596
62.400000000000006,1.8739050471781744,1.298621684463697,0.5752833627144773
62.5,1.8808858235252095,1.2986489359689366,0.5822368875562729
62.6,1.8877396615288053,1.298675649462349,0.5890640120664563
62.7,1.8944679086191085,1.2987018355345215,0.5957660730845871
62.800000000000004,1.9010719403502012,1.2987275045687854,0.6023444357814158
62.900000000000006,1.907553158152917,1.2987526667452256,0.6088004914076914
63.0,1.9139129871469178,1.2987773320446139,0.615135655102304
63.1,1.9201528740132656,1.2988015102522654,0.6213513637610002
63.2,1.9262742849285024,1.2988252109618257,0.6274490739666767
63.300000000000004,1.9322787035610491,1.2988484435789833,0.6334302599820658
63.400000000000006,1.9381676291305299,1.2988712173251127,0.6392964118054172
63.5,1.9439425745304373,1.29889354124085,0.6450490332895873
63.6,1.949605064514397,1.2989154241895986,0.6506896403247984
63.7,1.9551566339460877,1.2989368748609684,0.6562197590851193
63.800000000000004,1.960598826112756,1.298957901774151,0.661640924338605
63.900000000000006,1.9659331911020983,1.2989785132812295,0.6669546778208688
64.0,1.9711612842421373,1.2989987175704254,0.6721625666717119
64.10000000000001,1.9762846646036238,1.299018522669285,0.6772661419343389
64.2,1.9813048935643458,1.2990379364478022,0.6822669571165436
64.3,1.9862235334346483,1.2990569666214844,0.6871665668131639
64.4,1.9910421461433496,1.2990756207543592,0.6919665253889904
64.5,1.9957622919831515,1.299093906261923,0.6966683857212286
64.60000000000001,2.0003855284145873,1.2991118304140308,0.7012736980005565
64.7,2.0049134089274254,1.2991294003377387,0.7057840085896867
64.8,2.009347481958452,1.2991466230200812,0.7102008589383706
64.9,2.0136892898644283,1.2991635053108044,0.7145257845536239
65.0,2.017940367949016,1.2991800539250393,0.7187603140239767
65.10000000000001,2.022102243542409,1.2991962754459312,0.722905968096478
65.2,2.0261764351323577,1.2992121763272135,0.7269642588051441
65.3,2.0301644515452626,1.2992277628957316,0.730936688649531
65.4,2.034067791175968,1.2992430413539218,0.7348247498220464
65.5,2.0378879412648905,1.2992580177822415,0.738629923482649
65.60000000000001,2.041626377221075,1.2992726981415492,0.742353679079526
65.7,2.045284561989785,1.2992870882754444,0.7459974737143407
65.8,2.0488639454632085,1.299301193912556,0.7495627515506524
65.9,2.0523659639328775,1.299315020668793,0.7530509432640846
66.0,2.055792039582382,1.2993285740495466,0.7564634655328355
66.10000000000001,2.0591435800189815,1.2993418594518524,0.759801720567129
66.2,2.0624219778427153,1.2993548821665102,0.7630670956762051
66.3,2.065628610251628,1.299367647380162,0.7662609628714661
66.4,2.068764838681742,1.2993801601773338,0.7693846785044083
66.5,2.071832008480422,1.2993924255424303,0.7724395829379915
66.60000000000001,2.0748314486117976,1.2994044483616984,0.7754270002500991
66.7,2.0777644713929355,1.2994162334251493,0.7783482379677862
66.8,2.0806323722594637,1.2994277854284442,0.7812045868310196
66.9,2.0834364295593857,1.2994391089747408,0.7839973205846449
67.0,2.0861779043738404,1.2994502085765087,0.7867276957973317
67.10000000000001,2.0888580403635992,1.2994610886573073,0.789396951706292
67.2,2.09147806364011,1.2994717535535272,0.7920063100865828
67.3,2.0940391826599254,1.2994822075161,0.7945569751438253
67.4,2.0965425881413933,1.2994924547121767,0.7970501334292166
67.5,2.098989453002515,1.2995024992267687,0.7994869537757463
67.60000000000001,2.101380932318884,1.2995123450643602,0.8018685872545239
67.7,2.1037181633006905,1.2995219961504905,0.8041961671502
67.8,2.1060022652877657,1.2995314563333,0.8064708089544657
67.9,2.108234339761701,1.2995407293850536,0.8086936103766473
68.0,2.1104154703740896,1.2995498190036283,0.8108656513704613
68.10000000000001,2.112546722989984,1.2995587288139738,0.8129879941760101
68.2,2.1146291457456736,1.2995674623695468,0.8150616833761268
68.3,2.116663769119942,1.2995760231537132,0.8170877459662287
68.4,2.1186516060179725,1.299584414581128,0.8190671914368446
68.5,2.12059365186711,1.2995926399990836,0.8210010118680264
68.60000000000001,2.122490884723719,1.2996007026888332,0.822890182034886
68.7,2.1243442653903966,1.299608605866891,0.8247356595235056
68.8,2.126154737542845,1.2996163526863045,0.8265383848565406
68.9,2.127923227865709,1.299623946237901,0.8282992816278081
69.0,2.129650646196745,1.2996313895515126,0.8300192566452322
69.10000000000001,2.1313378856786898,1.2996386855971753,0.8316992000815144
69.2,2.1329858229182252,1.299645837286306,0.8333399856319192
69.3,2.1345953181514816,1.2996528474728546,0.834942470678627
69.4,2.1361672154155222,1.2996597189544357,0.8365074964610866
69.5,2.1377023427252877,1.299666454473436,0.8380358882518517
69.60000000000001,2.139201512255508,1.3051546391516702,0.834046873103838
69.7,2.1406655205270986,1.316349802566644,0.8243157179604546
69.8,2.142095148597594,1.327486096675759,0.8146090519218352
69.9,2.143491162255183,1.3385617752035612,0.8049293870516219
70.0,2.1448543122159385,1.349575134941909,0.7952791772740295
70.10000000000001,2.14618533432385,1.3605245165771862,0.7856608177466637
70.2,2.1474849497532866,1.3714083054551667,0.77607664429812
70.3,2.148753865213551,1.3822249322833247,0.7665289329302265
70.4,2.149992773155167,1.3929728737704474,0.7570198993847197
70.5,2.151202351977619,1.4036506532035986,0.7475516987740205
70.60000000000001,2.152383266238214,1.4142568409626257,0.7381264252755884
70.7,2.153536166861806,1.4247900549724557,0.7287461118893503
70.8,2.1546616913511065,1.4352489610936612,0.7194127302574453
70.9,2.1557604639973365,1.4456322734518094,0.710128190545527
71.0,2.1568330960909803,1.45593875470627,0.7008943413847102
71.10000000000001,2.157880186132422,1.466167216259274,0.6917129698731479
71.2,2.158902320042254,1.4763165184060933,0.6825858016361606
71.3,2.1599000713710685,1.4863855704273554,0.6735145009437131
71.4,2.160874001508542,1.496373330624563,0.6645006708839789
71.5,2.1618246598916446,1.5062788063000094,0.6555458535916352
71.60000000000001,2.1627525842118187,1.5161010536823767,0.646651530529442
71.7,2.1636583006209706,1.5258391777993219,0.6378191228216488
71.8,2.164542323936145,1.5354923322985354,0.6290499916376096
71.9,2.16540515784275,1.5450597192187114,0.6203454386240383
72.0,2.166247295096211,1.5545405887120118,0.611706706384199
72.10000000000001,2.167069217721955,1.563934238719646,0.6031349790023088
72.2,2.1678713972136046,1.5732400146021979,0.5946313826114067
72.3,2.1686542947293126,1.5824573087264455,0.5861969860028671
72.4,2.1694183612861324,1.5915855600103899,0.5778328012757425
72.5,2.170164037952354,1.6006242534282826,0.5695397845240713
72.60000000000001,2.170891756037742,1.6095729194774764,0.5613188365602655
72.7,2.171601937281595,1.6184311336088921,0.5531708036727028
72.8,2.172294994038587,1.6271985156229851,0.5450964784156018
72.9,2.1729713294623223,1.635874729033036,0.5370966004292863
73.0,2.1736313376865763,1.644459480397642,0.5291718572889343
73.10000000000001,2.1742754040041605,1.6529525186242817,0.5213228853798788
73.2,2.1749039050433967,1.6613536342457769,0.5135502707976198
73.3,2.175517208942153,1.669662658671549,0.505854550270604
73.4,2.17611567551943,1.6778794634154708,0.4982362121039592
73.5,2.1766996564444625,1.6860039593021408,0.49069569714232175
73.60000000000001,2.1772694954033294,1.6940360956534075,0.48323339974992185
73.7,2.177825528263051,1.7019758594568746,0.4758496688061764
73.8,2.178368083233165,1.7098232745181798,0.4685448087149853
73.9,2.1788974810247805,1.7175784005987302,0.4613190804260503
74.0,2.1794140350070914,1.7252413325405964,0.454172702466495
74.10000000000001,2.179918051361369,1.7328121993802137,0.4471058519811555
74.2,2.1804098292324166,1.7402911634524783,0.4401186657799383
74.3,2.1808896608775,1.7476784194868333,0.4332112413906666
74.4,2.1813578318127638,1.7549741936968433,0.4263836381159205
74.5,2.1818146209571343,1.7621787428647449,0.41963587809238945
74.60000000000001,2.1822603007737236,1.7692923534224163,0.41296794735130726
74.7,2.182695137408755,1.77631534053012,0.4063797968786349
74.8,2.1831193908280118,1.783248047154388,0.39987134367362387
74.9,2.1835333149508416,1.7900908431463018,0.39344247180453973
75.0,2.183937157781717,1.796844124321419,0.3870930334602978
75.10000000000001,2.184331161539388,1.8035083115425254,0.38082284999686244
75.2,2.1847155627836434,1.8100838498063299,0.37463171297731357
75.3,2.1850905925396895,1.816571207335194,0.36851938520449545
75.4,2.185456476420198,1.8229708746749136,0.3624856017452842
75.5,2.185813434745015,1.8292833637995165,0.3565300709454986
75.60000000000001,2.18616168265858,1.8355092072240184,0.3506524754345617
75.7,2.1865014302450745,1.841648957125975,0.3448524731190994
75.8,2.186832882641319,1.847703184476682,0.339129698164637
75.9,2.1871562401474596,1.8536724781827552,0.3334837619647044
76.0,2.18747169833546,1.8595574442388294,0.32791425409663066
76.10000000000001,2.1877794481554376,1.8653587048920404,0.3224207432633972
76.2,2.1880796760398633,1.871076897818897,0.31700277822096634
76.3,2.1883725640056646,1.8767126753151326,0.31165988869053196
76.4,2.188658289754251,1.8822667034990435,0.30639158625520757
76.5,2.1889370267695023,1.8877396615288053,0.30119736524069696
76.60000000000001,2.1892089444137413,1.8931322408342055,0.29607670357953575
76.7,2.1894742080217298,1.8984451443631705,0.2910290636585593
76.80000000000001,2.1897329789927085,1.9036790858434633,0.2860538931492451
76.9,2.1899854148805207,1.9088347890598318,0.28115062582068884
77.0,2.1902316694818498,1.9139129871469178,0.27631868233493195
77.10000000000001,2.1904718929225875,1.918914421898127,0.2715574710244604
77.2,2.1907062317423898,1.9247770922395437,0.265929139502846
77.30000000000001,2.1909348289774235,1.9390425284180077,0.2518923005594158
77.4,2.191157824241354,1.9532436243077478,0.23791419993360607
77.5,2.1913753538045917,1.967377993605564,0.22399736019902772
77.60000000000001,2.1915875506718407,1.9814432989395874,0.21014425173225337
77.7,2.191794544657964,1.995437253208305,0.19635729144965897
77.80000000000001,2.191996462462208,2.0093576208447006,0.18263884161750754
77.9,2.192193427740814,2.023202219004452,0.1689912087363621
78.0,2.192385561178036,2.036968918677386,0.1554166425006498
78.10000000000001,2.192572980555612,2.0506556457214824,0.1419173348341296
78.2,2.1927558008207,2.0642603818189578,0.12849541900174222
78.30000000000001,2.192934134152319,2.077781165354158,0.11515296879816139
78.4,2.193108090026319,2.0912160922130587,0.1018919978132602
78.5,2.1932777752789097,2.1045633165044983,0.08871445877441131
78.60000000000001,2.193443294168774,2.1178210512032822,0.0756222429654918
78.7,2.193604748437794,2.130987568715569,0.06261717972222502
78.80000000000001,2.1937622373704246,2.144061201367078,0.049701036003346744
78.9,2.193915857851721,2.157040341814762,0.03687551603695871
79.0,2.194065704424077,2.1699234433828374,0.02414226104123962
79.10000000000001,2.1942118693426678,2.182709020324092,0.011502849018575567
79.2,2.1953956480076164,2.1953956480076164,0.0
79.30000000000001,2.207981963034196,2.207981963034196,0.0
79.4,2.2204666632807033,2.2204666632807033,0.0
79.5,2.2328485078750115,2.2328485078750115,0.0
79.60000000000001,2.2451263171029705,2.2451263171029705,0.0
79.7,2.257298972249152,2.257298972249152,0.0
79.80000000000001,2.2693654153731706,2.2693654153731706,0.0
79.9,2.2813246490233894,2.2813246490233894,0.0
80.0,2.2931757358900144,2.2931757358900144,0.0
80.10000000000001,2.3049177983995572,2.3049177983995572,0.0
80.2,2.3165500182527468,2.3165500182527468,0.0
80.30000000000001,2.3280716359080587,2.3280716359080587,0.0
80.4,2.339481950012987,2.339481950012987,0.0
80.5,2.350780316785353,2.350780316785353,0.0
80.60000000000001,2.3619661493468453,2.3619661493468453,0.0
80.7,2.373038917011115,2.373038917011115,0.0
80.80000000000001,2.3839981445287326,2.3839981445287326,0.0
80.9,2.3948434112912946,2.3948434112912946,0.0
81.0,2.405574350497053,2.405574350497053,0.0
81.10000000000001,2.416190648280352,2.416190648280352,0.0
81.2,2.426692042807221,2.426692042807221,0.0
81.30000000000001,2.4370783233394375,2.4370783233394375,0.0
81.4,2.4473493292693385,2.4473493292693385,0.0
81.5,2.4575049491276757,2.4575049491276757,0.0
81.60000000000001,2.467545119566759,2.467545119566759,0.0
81.7,2.4774698243210933,2.4774698243210933,0.0
81.80000000000001,2.487279093147726,2.487279093147726,0.0
81.9,2.4969730007484126,2.4969730007484126,0.0
82.0,2.506551665675745,2.506551665675745,0.0
82.10000000000001,2.5160152492252674,2.5160152492252674,0.0
82.2,2.5253639543155977,2.5253639543155977,0.0
82.30000000000001,2.5345980243585426,2.5345980243585426,0.0
82.4,2.5437177421210535,2.5437177421210535,0.0
82.5,2.552723428580931,2.552723428580931,0.0
82.60000000000001,2.56161544177802,2.56161544177802,0.0
82.7,2.57039417566265,2.57039417566265,0.0
82.80000000000001,2.579060058942986,2.579060058942986,0.0
82.9,2.587613553932877,2.587613553932877,0.0
83.0,2.5960551554017735,2.5960551554017735,0.0
83.10000000000001,2.6043853894281566,2.6043853894281566,0.0
83.2,2.612604812257912,2.612604812257912,0.0
83.30000000000001,2.6207140091689936,2.6207140091689936,0.0
83.4,2.628713593343642,2.628713593343642,0.0
83.5,2.636604204749396,2.636604204749396,0.0
83.60000000000001,2.644386509030023,2.644386509030023,0.0
83.7,2.6520611964074687,2.6520611964074687,0.0
83.80000000000001,2.659628980595854,2.659628980595854,0.0
83.9,2.667090597728444,2.667090597728444,0.0
84.0,2.674446805298537,2.674446805298537,0.0
84.10000000000001,2.6816983811150505,2.6816983811150505,0.0
84.2,2.6888461222736213,2.6888461222736213,0.0
84.30000000000001,2.6958908441439164,2.6958908441439164,0.0
84.4,2.702833379373804,2.702833379373804,0.0
84.5,2.709674576911006,2.709674576911006,0.0
84.60000000000001,2.716415301042757,2.716415301042757,0.0
84.7,2.7230564304539633,2.7230564304539633,0.0
84.80000000000001,2.729598857304329,2.729598857304329,0.0
84.9,2.7360434863247898,2.7360434863247898,0.0
85.0,2.742391233933647,2.742391233933647,0.0
85.10000000000001,2.7486430273726588,2.7486430273726588,0.0
85.2,2.7547998038633503,2.7547998038633503,0.0
85.30000000000001,2.7608625097837636,2.7608625097837636,0.0
85.4,2.766832099865778,2.766832099865778,0.0
85.5,2.7727095364131613,2.7727095364131613,0.0
85.60000000000001,2.778495788540416,2.778495788540416,0.0
85.7,2.7841918314324707,2.7841918314324707,0.0
85.80000000000001,2.789798645625252,2.789798645625252,0.0
85.9,2.7953172163070903,2.7953172163070903,0.0
86.0,2.8007485326409443,2.8007485326409443,0.0
86.10000000000001,2.8060935871073385,2.8060935871073385,0.0
86.2,2.8113533748679216,2.8113533748679216,0.0
86.30000000000001,2.8165288931495227,2.8165288931495227,0.0
86.4,2.821621140648529,2.821621140648529,0.0
86.5,2.8266311169554315,2.8266311169554315,0.0
86.60000000000001,2.8315598219993166,2.8315598219993166,0.0
86.7,2.8364082555120964,2.8364082555120964,0.0
86.80000000000001,2.8411774165122505,2.8411774165122505,0.0
86.9,2.845868302807793,2.845868302807793,0.0
87.0,2.850481910518233,2.850481910518233,0.0
87.10000000000001,2.8550192336152165,2.8550192336152165,0.0
87.2,2.859481263481563,2.859481263481563,0.0
87.30000000000001,2.8638689884883948,2.8638689884883948,0.0
87.4,2.8681833935900203,2.8681833935900203,0.0
87.5,2.8724254599362697,2.8724254599362697,0.0
87.60000000000001,2.8765961645019162,2.8765961645019162,0.0
87.7,2.8806964797328654,2.8806964797328654,0.0
87.80000000000001,2.8847273732087464,2.8847273732087464,0.0
87.9,2.888689807321549,2.888689807321549,0.0
88.0,2.8925847389699597,2.8925847389699597,0.0
88.10000000000001,2.896413119269017,2.896413119269017,0.0
88.2,2.900175893274728,2.900175893274728,0.0
88.30000000000001,2.9038739997232828,2.9038739997232828,0.0
88.4,2.907508370784478,2.907508370784478,0.0
88.5,2.9110799318290104,2.9110799318290104,0.0
88.60000000000001,2.9145896012092343,2.9145896012092343,0.0
88.7,2.9180382900530435,2.9180382900530435,0.0
88.80000000000001,2.921426902070496,2.921426902070496,0.0
88.9,2.9247563333728115,2.9247563333728115,0.0
89.0,2.928027472303394,2.928027472303394,0.0
89.10000000000001,2.9312411992804983,2.9312411992804983,0.0
89.2,2.934398386651197,2.934398386651197,0.0
89.30000000000001,2.9374998985562923,2.9374998985562923,0.0
89.4,2.9405465908058086,2.9405465908058086,0.0
89.5,2.943539310764747,2.943539310764747,0.0
89.60000000000001,2.946478897248725,2.946478897248725,0.0
89.7,2.949366180429201,2.949366180429201,0.0
89.80000000000001,2.9522019817479204,2.9522019817479204,0.0
89.9,2.954987113840285,2.954987113840285,0.0
90.0,2.9577223804673003,2.9577223804673003,0.0
90.10000000000001,2.960408576455806,2.960408576455806,0.0
90.2,2.9630464876466687,2.9630464876466687,0.0
90.30000000000001,2.9656368908506403,2.9656368908506403,0.0
90.4,2.9681805538115764,2.9681805538115764,0.0
90.5,2.9706782351767416,2.9706782351767416,0.0
90.60000000000001,2.9731306844738987,2.9731306844738987,0.0
90.7,2.9755386420949126,2.9755386420949126,0.0
90.80000000000001,2.977902839285601,2.977902839285601,0.0
90.9,2.980223998141559,2.980223998141559,0.0
91.0,2.982502831609707,2.982502831609707,0.0
91.10000000000001,2.984740043495304,2.984740043495304,0.0
91.2,2.9869363284741826,2.9869363284741826,0.0
91.30000000000001,2.9890923721099694,2.9890923721099694,0.0
91.4,2.9912088508760553,2.9912088508760553,0.0
91.5,2.993286432182092,2.993286432182092,0.0
91.60000000000001,2.99532577440479,2.99532577440479,0.0
91.7,2.9973275269228123,2.9973275269228123,0.0
91.80000000000001,2.9992923301555527,2.9992923301555527,0.0
91.9,3.0012208156055915,3.0012208156055915,0.0
92.0,3.003113605904648,3.003113605904648,0.0
92.10000000000001,3.0049713148628308,3.0049713148628308,0.0
92.2,3.0067945475209976,3.0067945475209976,0.0
92.30000000000001,3.0085839002060677,3.0085839002060677,0.0
92.4,3.0103399605890915,3.0103399605890915,0.0
92.5,3.012063307745931,3.012063307745931,0.0
92.60000000000001,3.0137545122203804,3.0137545122203804,0.0
92.7,3.0154141360895723,3.0154141360895723,0.0
92.80000000000001,3.017042733031531,3.017042733031531,0.0
92.9,3.018640848394711,3.018640848394711,0.0
93.0,3.020209019269402,3.020209019269402,0.0
93.10000000000001,3.021747774560851,3.021747774560851,0.0
93.2,3.023257635063977,3.023257635063977,0.0
93.30000000000001,3.0247391135395607,3.0247391135395607,0.0
93.4,3.0261927147917813,3.0261927147917813,0.0
93.5,3.0276189357469923,3.0276189357469923,0.0
93.60000000000001,3.0290182655336166,3.0290182655336166,0.0
93.7,3.030391185563068,3.030391185563068,0.0
93.80000000000001,3.031738169611588,3.031738169611588,0.0
93.9,3.033059683902904,3.033059683902904,0.0
94.0,3.0343561871916083,3.0343561871916083,0.0
94.10000000000001,3.0356281308471895,3.0356281308471895,0.0
94.2,3.036875958938595,3.036875958938595,0.0
94.30000000000001,3.0381001083192816,3.0381001083192816,0.0
94.4,3.039301008712644,3.039301008712644,0.0
94.5,3.0404790827977677,3.0404790827977677,0.0
94.60000000000001,3.0416347462954207,3.0416347462954207,0.0
94.7,3.0427684080542257,3.0427684080542257,0.0
94.80000000000001,3.0438804701369366,3.0438804701369366,0.0
94.9,3.04497132790677,3.04497132790677,0.0
95.0,3.046041370113725,3.046041370113725,0.0
95.10000000000001,3.047090978980832,3.047090978980832,0.0
95.2,3.048120530290284,3.048120530290284,0.0
95.30000000000001,3.049130393469398,3.049130393469398,0.0
95.4,3.050120931676355,3.050120931676355,0.0
95.5,3.051092501885677,3.051092501885677,0.0
95.60000000000001,3.0520454549733924,3.0520454549733924,0.0
95.7,3.052980135801854,3.052980135801854,0.0
95.80000000000001,3.0538968833041733,3.0538968833041733,0.0
95.9,3.0547960305682214,3.0547960305682214,0.0
96.0,3.0556779049201808,3.0556779049201808,0.0
96.10000000000001,3.0565428280075997,3.0565428280075997,0.0
96.2,3.0573911158819267,3.0573911158819267,0.0
96.30000000000001,3.0582230790804985,3.0582230790804985,0.0
96.4,3.0590390227079474,3.0590390227079474,0.0
96.5,3.0598392465170052,3.0598392465170052,0.0
96.60000000000001,3.0606240449886917,3.0606240449886917,0.0
96.7,3.0613937074118427,3.0613937074118427,0.0
96.80000000000001,3.062148517961984,3.062148517961984,0.0
96.9,3.0628887557795133,3.0628887557795133,0.0
97.0,3.063614695047177,3.063614695047177,0.0
97.10000000000001,3.0643266050668387,3.0643266050668387,0.0
97.2,3.065024750335501,3.065024750335501,0.0
97.30000000000001,3.0657093906205883,3.0657093906205883,0.0
97.4,3.0663807810344714,3.0663807810344714,0.0
97.5,3.0670391721082204,3.0670391721082204,0.0
97.60000000000001,3.0676848098645753,3.0676848098645753,0.0
97.7,3.0683179358901302,3.0683179358901302,0.0
97.80000000000001,3.068938787406725,3.068938787406725,0.0
97.9,3.069547597342022,3.069547597342022,0.0
98.0,3.070144594399287,3.070144594399287,0.0
98.10000000000001,3.0707300031263465,3.0707300031263465,0.0
98.2,3.071304043983725,3.071304043983725,0.0
98.30000000000001,3.07186693341197,3.07186693341197,0.0
98.4,3.072418883898136,3.072418883898136,0.0
98.5,3.072960104041456,3.072960104041456,0.0
98.60000000000001,3.073490798618177,3.073490798618177,0.0
98.7,3.0740111686455607,3.0740111686455607,0.0
98.80000000000001,3.074521411445067,3.074521411445067,0.0
98.9,3.075021720704698,3.075021720704698,0.0
99.0,3.0755122865405204,3.0755122865405204,0.0
99.10000000000001,3.0759932955573515,3.0759932955573515,0.0
99.2,3.076464930908633,3.076464930908633,0.0
99.30000000000001,3.0769273723554753,3.0769273723554753,0.0
99.4,3.0773807963248796,3.0773807963248796,0.0
99.5,3.0778253759671546,3.0778253759671546,0.0
99.60000000000001,3.078261281212506,3.078261281212506,0.0
99.7,3.078688678826834,3.078688678826834,0.0
99.80000000000001,3.0791077324667135,3.0791077324667135,0.0
99.9,3.079518602733585,3.079518602733585,0.0
100.0,3.0799214472271457,3.0799214472271457,0.0
